Eval_AverageReturn,Eval_StdReturn,Eval_MaxReturn,Eval_MinReturn,Eval_AverageEpLen,step,Train_EpisodeReturn,Train_EpisodeLen
-204.55103,81.81534,-46.19012,-317.629,1000.0,0,,
,,,,,999,-204.97357,1000
,,,,,1999,-223.04001,1000
,,,,,2999,-245.70798,1000
,,,,,3999,-334.17334,1000
,,,,,4999,-131.29752,1000
-237.06711,41.407757,-169.7333,-281.6501,1000.0,5000,,
