Step,Date,Portfolio_Value,Step_Reward,w_SPY,w_EEM,w_TLT,w_HYG,w_DBC,w_GLD,w_UUP,w_SHY
0,,1.0,0.0,0.125,0.125,0.125,0.125,0.125,0.125,0.125,0.125
1,,1.003126259893179,0.003121383303732977,0.125,0.125,0.125,0.125,0.125,0.125,0.125,0.125
2,,0.9936515880551742,-0.009490032109085507,0.125,0.125,0.125,0.125,0.125,0.125,0.125,0.125
3,,0.9926284217354601,-0.0010302338090986871,0.125,0.125,0.125,0.125,0.125,0.125,0.125,0.125
4,,0.9928933583585771,0.00026686851521397963,0.125,0.125,0.125,0.125,0.125,0.125,0.125,0.125
5,,0.9964762400523768,0.0036020310861697904,0.125,0.125,0.125,0.125,0.125,0.125,0.125,0.125
6,,0.9986527078265739,0.0021817824255167054,0.125,0.125,0.125,0.125,0.125,0.125,0.125,0.125
7,,0.9979190882410627,-0.0007348792765398634,0.125,0.125,0.125,0.125,0.125,0.125,0.125,0.125
8,,1.0031100417091956,0.005188295397386354,0.125,0.125,0.125,0.125,0.125,0.125,0.125,0.125
9,,0.9926861080209168,-0.010445985153953384,0.125,0.125,0.125,0.125,0.125,0.125,0.125,0.125
10,,0.9840785039945301,-0.008708835009273322,0.125,0.125,0.125,0.125,0.125,0.125,0.125,0.125
11,,0.9761599747933003,-0.008079192770967535,0.125,0.125,0.125,0.125,0.125,0.125,0.125,0.125
12,,0.980038443591088,0.003965317468146575,0.125,0.125,0.125,0.125,0.125,0.125,0.125,0.125
13,,0.977796343400125,-0.002290388531258628,0.12193282693624496,0.12193118780851364,0.14648015797138214,0.12193118780851364,0.12193118780851364,0.12193118780851364,0.12193120270967484,0.12193118780851364
14,,0.9783194719627203,0.0005348646240250617,0.12493835389614105,0.12495093792676926,0.12493835389614105,0.12541893124580383,0.12493835389614105,0.12493835389614105,0.12493835389614105,0.12493835389614105
15,,0.9854683324041863,0.007280717402302178,0.125,0.125,0.125,0.125,0.125,0.125,0.125,0.125
16,,0.9877584811914459,0.0023212230847176434,0.125,0.125,0.125,0.125,0.125,0.125,0.125,0.125
17,,0.9935418481461729,0.005837967414371107,0.125,0.125,0.125,0.125,0.125,0.125,0.125,0.125
18,,0.9929278745703893,-0.0006181555030143734,0.125,0.125,0.125,0.125,0.125,0.125,0.125,0.125
19,,0.9895741071905394,-0.003383371729234897,0.12478690594434738,0.124786876142025,0.124786876142025,0.124786876142025,0.124786876142025,0.124786876142025,0.124786876142025,0.12649187445640564
20,,0.9962365922167452,0.006710115950869862,0.125,0.125,0.125,0.125,0.125,0.125,0.125,0.125
21,,0.9971763271727425,0.0009428403081681603,0.12499989569187164,0.12499988079071045,0.12499988079071045,0.12500089406967163,0.12499988079071045,0.12499988079071045,0.12499988079071045,0.12499988079071045
22,,0.996372362624354,-0.0008065662966628157,0.1249762699007988,0.1249762699007988,0.1249762699007988,0.1249762699007988,0.1249762699007988,0.1249762699007988,0.1251661628484726,0.1249762699007988
23,,0.9848240125172016,-0.01165808805974466,0.12486039847135544,0.125924214720726,0.12485732138156891,0.1248578429222107,0.1248573362827301,0.12492796033620834,0.12485752999782562,0.12485732138156891
24,,0.9785006045360983,-0.00644155305877234,0.09313308447599411,0.3480684161186218,0.09313308447599411,0.09313308447599411,0.09313308447599411,0.0931330993771553,0.09313308447599411,0.09313308447599411
25,,0.9822167916163256,0.0037906447276278,0.11043249815702438,0.11043253540992737,0.11043249815702438,0.11043249815702438,0.11043256521224976,0.11043382436037064,0.22697104513645172,0.11043249815702438
26,,0.9902707044909514,0.008166295248008295,0.055064667016267776,0.055064667016267776,0.05507851764559746,0.05506480112671852,0.055064667016267776,0.6145334243774414,0.055064667016267776,0.055064667016267776
27,,0.9879044087345764,-0.0023924038566636254,0.030054258182644844,0.030054258182644844,0.030054258182644844,0.030054258182644844,0.030054258182644844,0.030054258182644844,0.7896202206611633,0.030054258182644844
28,,0.9820832378553754,-0.005909872411710356,0.3802253305912018,0.01819750852882862,0.01817227154970169,0.018169116228818893,0.018168525770306587,0.33567336201667786,0.19322536885738373,0.018168525770306587
29,,0.9892171610085514,0.007237815505324044,0.03351322561502457,0.22835808992385864,0.03351322561502457,0.03351322561502457,0.3814973533153534,0.2225758135318756,0.033515844494104385,0.03351322561502457
30,,0.9867875018961126,-0.0024591645783994327,0.1249745562672615,0.1249745562672615,0.1249813362956047,0.1249745562672615,0.1249745711684227,0.1249745562672615,0.12517134845256805,0.1249745562672615
31,,0.9867929843836134,5.555879315778679e-06,0.12499959766864777,0.12499959766864777,0.12499959766864777,0.12499961256980896,0.12499959766864777,0.12499959766864777,0.12500283122062683,0.12499959766864777
32,,0.996451055839735,0.00973974721146423,0.09805074334144592,0.09805074334144592,0.13734379410743713,0.09805074334144592,0.09858405590057373,0.27381807565689087,0.0980510413646698,0.09805074334144592
33,,1.001549304365469,0.005103362033662056,0.12426941096782684,0.12426941096782684,0.13010501861572266,0.12426941096782684,0.12426941096782684,0.12426941096782684,0.1242784634232521,0.12426941096782684
34,,1.0036812319116004,0.0021263673286871917,0.07539545744657516,0.07539545744657516,0.46991240978240967,0.07539545744657516,0.07771220058202744,0.07539545744657516,0.07539812475442886,0.07539545744657516
35,,1.0065548209174753,0.002858958736849253,0.24205492436885834,0.07467203587293625,0.07467221468687057,0.07467203587293625,0.1482994109392166,0.23620453476905823,0.07467203587293625,0.0747527927160263
36,,1.0098623677856002,0.0032806205512461366,0.125,0.125,0.125,0.125,0.125,0.125,0.125,0.125
37,,1.0166605341362973,0.006709217887507439,0.12499852478504181,0.12499789893627167,0.12499789893627167,0.12499789893627167,0.12499789893627167,0.12499789893627167,0.124998077750206,0.12501396238803864
38,,1.0182877330709599,0.0015992537085060105,0.12484084814786911,0.12484084814786911,0.12484084814786911,0.12484084814786911,0.12484084814786911,0.12484084814786911,0.12574927508831024,0.1252056509256363
39,,1.0201891686885394,0.0018655459548216247,0.12499924004077911,0.12499924004077911,0.12499924004077911,0.12499924004077911,0.12499924004077911,0.12499924004077911,0.12499924004077911,0.125005304813385
40,,1.006462321079395,-0.01354653979155564,0.05636627599596977,0.11835024505853653,0.05727624520659447,0.05636627599596977,0.4787035286426544,0.069163478910923,0.10740692913532257,0.05636703595519066
41,,1.0088773747857742,0.0023966727468802177,0.12103422731161118,0.1527603417634964,0.12103423476219177,0.12103421241044998,0.12103421241044998,0.12103421241044998,0.12103424966335297,0.12103421241044998
42,,1.0012124236201247,-0.00762651332644182,0.12487897276878357,0.12547439336776733,0.12524522840976715,0.12487897276878357,0.12487897276878357,0.12487897276878357,0.12488552182912827,0.12487898766994476
43,,1.0095325702512996,0.008275732767863442,0.11814077198505402,0.17301464080810547,0.11814077198505402,0.11814077198505402,0.11814077198505402,0.11814077198505402,0.11814077198505402,0.11814077198505402
44,,1.0043968564749897,-0.005100203453704241,0.04737212508916855,0.051291294395923615,0.09656485915184021,0.04737212508916855,0.04737212881445885,0.047844048589468,0.43978795409202576,0.2223954200744629
45,,1.0017053432103276,-0.002683327778662252,0.01571301370859146,0.015541166067123413,0.15258371829986572,0.01998039521276951,0.20057342946529388,0.015729540959000587,0.18788136541843414,0.391997367143631
46,,1.0012082440115655,-0.0004963760914499441,0.019717421382665634,0.019854947924613953,0.09375368058681488,0.14933177828788757,0.09121448546648026,0.35769298672676086,0.24874478578567505,0.01968991756439209
47,,1.0147060438961766,0.013391443950978483,0.12415546923875809,0.12383700907230377,0.1328224390745163,0.12383700907230377,0.12383700907230377,0.12383700907230377,0.12383700907230377,0.12383700907230377
48,,1.01449712224279,-0.0002059149695910194,0.12486192584037781,0.12486192584037781,0.12486392259597778,0.12596431374549866,0.12486213445663452,0.12486192584037781,0.12486192584037781,0.12486192584037781
49,,1.0129761596806373,-0.0015003530364896048,0.11588478088378906,0.11588478088378906,0.11611606180667877,0.11588478088378906,0.11588478088378906,0.11588478088378906,0.18857446312904358,0.11588554084300995
50,,1.0090005266661566,-0.003932427277312378,0.06994829326868057,0.06994829326868057,0.06994850933551788,0.06994829326868057,0.5018864274024963,0.0699487254023552,0.07842329889535904,0.06994829326868057
51,,0.9994421811962447,-0.009518237782321961,0.099538654088974,0.099538654088974,0.09953909367322922,0.1959734559059143,0.0995386615395546,0.099538654088974,0.20679420232772827,0.099538654088974
52,,1.0126108693887306,0.01308998907719133,0.12497714906930923,0.12511137127876282,0.12497838586568832,0.12497714906930923,0.12498991191387177,0.12497714906930923,0.12501172721385956,0.12497714906930923
53,,0.99434235434659,-0.018205725387640606,0.12499850988388062,0.12499850988388062,0.1250099092721939,0.12499850988388062,0.12499850988388062,0.12499897181987762,0.12499850988388062,0.12499850988388062
54,,0.9949096230003592,0.0005703336486336407,0.06816929578781128,0.42546015977859497,0.06816929578781128,0.06816929578781128,0.06816929578781128,0.16549433767795563,0.06819891184568405,0.06816938519477844
55,,1.003898975484135,0.008994771283408916,0.12499858438968658,0.12499858438968658,0.12499858438968658,0.12499858438968658,0.12500987946987152,0.12499858438968658,0.12499858438968658,0.12499858438968658
56,,1.0090501078070888,0.005118006818719209,0.125,0.125,0.125,0.125,0.125,0.125,0.125,0.125
57,,1.0093741761619406,0.00032111024447154196,0.12498109042644501,0.12498109042644501,0.12498109042644501,0.12498109042644501,0.12498109042644501,0.12498109042644501,0.12513232231140137,0.12498109042644501
58,,1.0083712920230252,-0.0009940641545852444,0.125,0.125,0.125,0.125,0.125,0.125,0.125,0.125
59,,1.0032842795684576,-0.005057548985729666,0.12498486042022705,0.12510591745376587,0.12498486042022705,0.12498486042022705,0.12498486042022705,0.12498486042022705,0.12498486042022705,0.12498486042022705
60,,1.0007072849322018,-0.002571863177831657,0.125,0.125,0.125,0.125,0.125,0.125,0.125,0.125
61,,1.0043135570826933,0.0035972454387881215,0.125,0.125,0.125,0.1250000149011612,0.125,0.1250000298023224,0.1250000298023224,0.125
62,,1.0107238991071732,0.006362525550003003,0.125,0.125,0.125,0.125,0.125,0.125,0.125,0.125
63,,1.0133167541040669,0.002562059621780643,0.07146312296390533,0.07146312296390533,0.07146312296390533,0.07146312296390533,0.07146316021680832,0.07146312296390533,0.4997580647468567,0.07146312296390533
64,,1.0146135833412961,0.0012789684044453708,0.125,0.125,0.125,0.125,0.125,0.125,0.125,0.125
65,,1.0200317631846556,0.005325933249332579,0.125,0.125,0.125,0.125,0.125,0.125,0.125,0.125
66,,1.0186311728809898,-0.001374028535313551,0.125,0.125,0.125,0.125,0.1250000298023224,0.125,0.125,0.125
67,,1.0202036204920724,0.0015424966534514778,0.125,0.1250000149011612,0.125,0.125,0.125,0.125,0.125,0.125
68,,1.021479410614652,0.0012497437351365098,0.125,0.125,0.125,0.125,0.125,0.125,0.125,0.125
69,,1.0153573725926759,-0.006011337293223719,0.12499409914016724,0.12504126131534576,0.12499409914016724,0.12499409914016724,0.12499412894248962,0.12499409914016724,0.12499409914016724,0.12499409914016724
70,,1.0148626210235372,-0.0004873871604932455,0.125,0.125,0.125,0.125,0.125,0.125,0.125,0.125
71,,1.0173554197693961,0.0024532800576317973,0.125,0.125,0.125,0.125,0.125,0.125,0.125,0.125
72,,1.0257997017253593,0.008265970554652944,0.125,0.125,0.125,0.1250000298023224,0.125,0.125,0.125,0.125
73,,1.0238627592909708,-0.0018900116949153625,0.125,0.125,0.125,0.125,0.125,0.125,0.125,0.125
74,,1.0260918544059392,0.0021747759473740914,0.12337514758110046,0.12337514758110046,0.12337514758110046,0.13637390732765198,0.12337514758110046,0.12337514758110046,0.12337514758110046,0.12337514758110046
75,,1.0256351237326296,-0.0004452158456953297,0.12498052418231964,0.12498052418231964,0.12498052418231964,0.12513619661331177,0.12498064339160919,0.12498052418231964,0.12498052418231964,0.12498052418231964
76,,1.02489781223335,-0.0007191413686881698,0.125,0.125,0.125,0.125,0.125,0.125,0.125,0.125
77,,1.0247978286338095,-9.755945968410172e-05,0.125,0.125,0.125,0.125,0.125,0.125,0.125,0.125
78,,1.0191194773917318,-0.005556355762878107,0.11424954980611801,0.11424954980611801,0.11424954980611801,0.20025311410427094,0.11424954980611801,0.11424954980611801,0.11424954980611801,0.11424954980611801
79,,1.023562153292002,0.004349853485345733,0.09053990244865417,0.09053990244865417,0.09053990244865417,0.3659374713897705,0.09082312136888504,0.09053990244865417,0.09053990244865417,0.09053990244865417
80,,1.0249181937291025,0.0013239479081643179,0.12381007522344589,0.12381007522344589,0.1238800659775734,0.13094152510166168,0.12593944370746613,0.12399859726428986,0.12381007522344589,0.12381007522344589
81,,1.0168829127776622,-0.007870817982984345,0.12499943375587463,0.12499943375587463,0.12499943375587463,0.12500080466270447,0.12500262260437012,0.12499943375587463,0.12499944865703583,0.12499943375587463
82,,1.0201486863001756,0.0032064071288394652,0.125,0.125,0.125,0.125,0.125,0.125,0.125,0.125
83,,1.0208325148288127,0.0006700978469052077,0.12499868869781494,0.12499868869781494,0.12499868869781494,0.12499868869781494,0.12500792741775513,0.12499868869781494,0.12499868869781494,0.12499992549419403
84,,1.0241440823878185,0.0032387367740183202,0.125,0.125,0.125,0.125,0.125,0.125,0.125,0.1250000298023224
85,,1.0279739568552688,0.0037326107376050503,0.125,0.125,0.125,0.125,0.125,0.125,0.125,0.125
86,,1.0320108684870037,0.003919365569879411,0.10460582375526428,0.10460661351680756,0.10461196303367615,0.10552635788917542,0.26683175563812256,0.10460582375526428,0.10460582375526428,0.10460582375526428
87,,1.0262557191894182,-0.005592243813824877,0.12499991059303284,0.12499991059303284,0.12499991059303284,0.12499991059303284,0.12500056624412537,0.12499991059303284,0.12499991059303284,0.12499991059303284
88,,1.0324413079587165,0.006009244975548205,0.12499937415122986,0.12500432133674622,0.12499937415122986,0.12499937415122986,0.12499937415122986,0.12499937415122986,0.12499937415122986,0.12499937415122986
89,,1.0333638407074037,0.0008931460071237077,0.12499997019767761,0.1249999850988388,0.12500017881393433,0.12499997019767761,0.12499997019767761,0.12499997019767761,0.12499997019767761,0.12499997019767761
90,,1.0328641407370034,-0.00048368329596714104,0.1249777153134346,0.12515594065189362,0.1249777153134346,0.1249777153134346,0.12497776001691818,0.1249777153134346,0.1249777153134346,0.1249777153134346
91,,1.0297217096658164,-0.0030470814118615077,0.11345413327217102,0.11345414817333221,0.20582053065299988,0.11345413327217102,0.11345413327217102,0.11345464736223221,0.11345413327217102,0.11345413327217102
92,,1.0277107844915379,-0.001954791537837994,0.12499997019767761,0.1250002533197403,0.1249999850988388,0.12499997019767761,0.1249999850988388,0.12499997019767761,0.12499997019767761,0.12499997019767761
93,,1.0377282811840085,0.00970018956977867,0.1249992847442627,0.1250016689300537,0.1250026971101761,0.1249992847442627,0.1249992847442627,0.1249992847442627,0.1249992847442627,0.1249992847442627
94,,1.0429415564589042,0.005011161396303842,0.12499870359897614,0.12499870359897614,0.12499916553497314,0.12500861287117004,0.12499870359897614,0.12499870359897614,0.12499870359897614,0.12499870359897614
95,,1.0454576698352145,0.002409610731566504,0.125,0.125,0.125,0.1250000149011612,0.125,0.125,0.125,0.125
96,,1.0454401021176243,-1.680399474936198e-05,0.125,0.125,0.125,0.125,0.125,0.125,0.125,0.125
97,,1.0417891906892103,-0.003498336444803096,0.08485807478427887,0.4059741497039795,0.08485807478427887,0.08487287908792496,0.08485807478427887,0.08486220240592957,0.08485837280750275,0.08485811203718185
98,,1.0370630050098397,-0.004546926262278719,0.12499874830245972,0.12499874830245972,0.12499874830245972,0.12500159442424774,0.12499874830245972,0.12499874830245972,0.12500596046447754,0.12499874830245972
99,,1.033156464972316,-0.0037740391596400888,0.02526092901825905,0.025260934606194496,0.3137422800064087,0.5334832072257996,0.025260938331484795,0.025262383744120598,0.02645970694720745,0.02526966854929924
100,,1.0269723540876954,-0.006003633755526045,0.12501166760921478,0.12499788403511047,0.12499788403511047,0.12499788403511047,0.12499813735485077,0.12499788403511047,0.12500078976154327,0.12499788403511047
101,,1.028830976941626,0.0018081723404886696,0.15871749818325043,0.1027919203042984,0.10276830196380615,0.10276830196380615,0.10276847332715988,0.22464516758918762,0.1027720719575882,0.10276830196380615
102,,1.022931837599272,-0.0057503289910075875,0.1176854595541954,0.1176854595541954,0.1176854595541954,0.1176854595541954,0.117685467004776,0.11769776046276093,0.17618946731090546,0.1176854595541954
103,,1.026716920345543,0.0036934006710731535,0.12403880059719086,0.12403880059719086,0.12409025430679321,0.12403880059719086,0.1301834136247635,0.12403880059719086,0.125532329082489,0.12403880059719086
104,,1.0263056284974161,-0.0004006695921202626,0.12044501304626465,0.12044501304626465,0.12044501304626465,0.12044501304626465,0.15613317489624023,0.12044501304626465,0.12119678407907486,0.12044501304626465
105,,1.0204539120667595,-0.005718045777897968,0.12499986588954926,0.12499986588954926,0.12499986588954926,0.12499986588954926,0.12499986588954926,0.12499986588954926,0.12500090897083282,0.12499986588954926
106,,1.0158884981038014,-0.004483942965001524,0.12180963903665543,0.12180963903665543,0.14733250439167023,0.12180963903665543,0.12180963903665543,0.12180963903665543,0.12180963903665543,0.12180963903665543
107,,1.0259436125567347,0.009849189543665824,0.12486246228218079,0.12486246228218079,0.12486256659030914,0.12486246228218079,0.12486246228218079,0.12486246228218079,0.12596267461776733,0.12486246228218079
108,,1.021142374913749,-0.004690810719355052,0.034065116196870804,0.054581161588430405,0.034068454056978226,0.24664779007434845,0.03412294760346413,0.03583362698554993,0.25150787830352783,0.309173047542572
109,,1.023967006387277,0.002762329776058534,0.07755792140960693,0.07755792140960693,0.07755793631076813,0.07755792140960693,0.07766062766313553,0.07755793631076813,0.4569892883300781,0.07756050676107407
110,,1.0245894346188011,0.0006076749834357183,0.06929793953895569,0.06929793953895569,0.06936445832252502,0.069298155605793,0.06929793953895569,0.06929793953895569,0.5148476958274841,0.06929793953895569
111,,1.0156285508525198,-0.008784298002868207,0.629564642906189,0.05237570032477379,0.052374619990587234,0.05237463861703873,0.05237461254000664,0.05238442122936249,0.055942848324775696,0.052608538419008255
112,,1.0124911126087386,-0.003093940464221322,0.037391915917396545,0.03742251545190811,0.037392109632492065,0.7382258176803589,0.037391915917396545,0.037391915917396545,0.037391919642686844,0.037391915917396545
113,,1.0143437112720126,0.001828071194919928,0.1249827891588211,0.1249827891588211,0.1249827891588211,0.12499052286148071,0.12511073052883148,0.1249827891588211,0.12498462200164795,0.12498290836811066
114,,1.0142664572441658,-7.616448845930822e-05,0.12480858713388443,0.12480858713388443,0.12482286989688873,0.12480858713388443,0.1250506043434143,0.12480858713388443,0.12608356773853302,0.12480858713388443
115,,1.0162679481987038,0.0019713939319503508,0.1249992847442627,0.1249992847442627,0.1250048577785492,0.12499937415122986,0.12499940395355225,0.1249992847442627,0.1249992847442627,0.1249992847442627
116,,1.0182712984840765,0.0019693411528983037,0.1078987792134285,0.1078987792134285,0.10831048339605331,0.10794816166162491,0.10791334509849548,0.1078987792134285,0.2442328780889511,0.1078987792134285
117,,1.0005571636386879,-0.017549375600303632,0.04359852522611618,0.04359852522611618,0.048411592841148376,0.04359852522611618,0.6795766949653625,0.04359852522611618,0.05401906371116638,0.04359852522611618
118,,0.9945849821290259,-0.005986740703929419,0.12499870359897614,0.12499870359897614,0.12499870359897614,0.12499870359897614,0.12499870359897614,0.12499870359897614,0.12500910460948944,0.12499870359897614
119,,0.9934888379250779,-0.0011027199331997716,0.12497798353433609,0.12497802823781967,0.12497798353433609,0.12497798353433609,0.1251540631055832,0.12497798353433609,0.12497798353433609,0.12497798353433609
120,,0.9938224091430353,0.00033570103483508847,0.09273388236761093,0.09273388236761093,0.14807486534118652,0.09273388236761093,0.09273388236761093,0.09273388236761093,0.09273653477430344,0.2955191731452942
121,,0.9939062871287326,8.439580905012175e-05,0.04909124597907066,0.049089718610048294,0.6108697652816772,0.049089718610048294,0.049552109092473984,0.04909011721611023,0.09412752091884613,0.04908972233533859
122,,0.9922954505011156,-0.0016220275617235172,0.16063866019248962,0.14312125742435455,0.2152332216501236,0.011569349095225334,0.08368197083473206,0.10525529086589813,0.011610427871346474,0.26888981461524963
123,,0.9970712652153038,0.004801350953729361,0.01688363589346409,0.05126660689711571,0.37006741762161255,0.019253868609666824,0.017059307545423508,0.168028324842453,0.22566935420036316,0.1317715048789978
124,,1.0005341814133508,0.0034670707098296218,0.03963166102766991,0.7202440500259399,0.039631687104701996,0.0396866537630558,0.03965412825345993,0.039636094123125076,0.041884101927280426,0.03963165357708931
125,,1.0000148406050435,-0.0005191982943260926,0.07265499234199524,0.07265499234199524,0.07265499234199524,0.07265499234199524,0.07265499234199524,0.07265499234199524,0.07265499234199524,0.4914150536060333
126,,1.0016314810021558,0.0016153110878546295,0.023799285292625427,0.044911954551935196,0.4764547049999237,0.049017030745744705,0.023801349103450775,0.3344176709651947,0.023799007758498192,0.02379901148378849
127,,0.9969234678682602,-0.004711425968458329,0.03569583594799042,0.03530501201748848,0.1938801109790802,0.40312981605529785,0.023863309994339943,0.2872101664543152,0.010459525510668755,0.010456317104399204
128,,0.995918680205713,-0.0010083967249115608,0.022488176822662354,0.022488178685307503,0.022488178685307503,0.624284029006958,0.02454417385160923,0.022488176822662354,0.022488176822662354,0.23873087763786316
129,,0.9944596995842881,-0.0014660336924367454,0.12499828636646271,0.12499828636646271,0.12499828636646271,0.12499828636646271,0.12499828636646271,0.12499828636646271,0.12501201033592224,0.12499828636646271
130,,0.9897991278356422,-0.004697552813820028,0.12499997019767761,0.12499997019767761,0.12499997019767761,0.12499997019767761,0.12499997019767761,0.12499997019767761,0.12499997019767761,0.12500019371509552
131,,0.9985437927711125,0.008795989087774257,0.12499992549419403,0.12499992549419403,0.12499992549419403,0.12500055134296417,0.12499992549419403,0.12499992549419403,0.12499994039535522,0.12499992549419403
132,,0.9928284430888776,-0.0057401276087495606,0.25282612442970276,0.019763736054301262,0.24948595464229584,0.019763533025979996,0.020172761753201485,0.17929311096668243,0.23892995715141296,0.019764825701713562
133,,0.9904086325072992,-0.002440264769314303,0.29796600341796875,0.06431503593921661,0.005708406213670969,0.17941157519817352,0.09157226234674454,0.19217561185359955,0.12630032002925873,0.04255077987909317
134,,0.9879011417907215,-0.0025349842496318934,0.010728152468800545,0.1054546907544136,0.19870436191558838,0.010774091817438602,0.010728152468800545,0.2604708969593048,0.0383031852543354,0.3648364543914795
135,,0.9776649433472346,-0.010415616203666907,0.048571884632110596,0.048571884632110596,0.048571884632110596,0.04857197776436806,0.6599955558776855,0.048573095351457596,0.048571884632110596,0.048571884632110596
136,,0.9750287322413902,-0.002700078092525659,0.12499606609344482,0.12502752244472504,0.12499606609344482,0.12499608099460602,0.12499606609344482,0.12499606609344482,0.12499606609344482,0.12499606609344482
137,,0.9738718465766265,-0.0011872188999503548,0.12499913573265076,0.12500610947608948,0.12499913573265076,0.12499913573265076,0.12499913573265076,0.12499913573265076,0.12499913573265076,0.12499913573265076
138,,0.9794928121184927,0.005755178411440142,0.3197510242462158,0.45025333762168884,0.037245530635118484,0.03724581003189087,0.03803103789687157,0.03724553436040878,0.037245530635118484,0.042982131242752075
139,,0.9751959137662581,-0.004396511031829049,0.12499932944774628,0.12499932944774628,0.12499932944774628,0.12499932944774628,0.12500472366809845,0.12499932944774628,0.12499932944774628,0.12499932944774628
140,,0.9589774746594073,-0.01677080176474871,0.05089781433343887,0.05089781433343887,0.05089781433343887,0.05089781433343887,0.6432334184646606,0.05089781433343887,0.051090531051158905,0.0511869415640831
141,,0.9583635747640206,-0.000640365903134151,0.03795509412884712,0.03795509412884712,0.15988703072071075,0.44131991267204285,0.03795509412884712,0.03795509412884712,0.2090175449848175,0.03795509412884712
142,,0.9547865984933792,-0.0037393619054695453,0.10675544291734695,0.11317978799343109,0.10675539076328278,0.10676184296607971,0.24628137052059174,0.10675539076328278,0.10675539076328278,0.10675539076328278
143,,0.9507336615225827,-0.00425389660508449,0.043814245611429214,0.043814245611429214,0.043814245611429214,0.693300187587738,0.04381433501839638,0.043814245611429214,0.043814245611429214,0.043814245611429214
144,,0.9563893178816645,0.00593110460070723,0.125,0.125,0.125,0.125,0.125,0.125,0.1250000149011612,0.125
145,,0.9582796034571102,0.001974530602683145,0.12456485629081726,0.12456485629081726,0.12456485629081726,0.12456485629081726,0.12456485629081726,0.12456485629081726,0.1280459612607956,0.12456485629081726
146,,0.9554374596554646,-0.0029702884987788084,0.12481725215911865,0.12481725215911865,0.12481725215911865,0.12481725215911865,0.12481726706027985,0.12481725215911865,0.12627920508384705,0.12481725215911865
147,,0.952614562094408,-0.0029589336018985657,0.1113908663392067,0.11137007921934128,0.11137007921934128,0.11137007921934128,0.11137033998966217,0.11137007921934128,0.22038839757442474,0.11137007921934128
148,,0.9424169840886389,-0.010762540032822255,0.09378771483898163,0.07892832159996033,0.07892832159996033,0.4063301384449005,0.07892832159996033,0.07892832159996033,0.07892832159996033,0.10524053871631622
149,,0.9437862223672148,0.0014518462426558383,0.12479562312364578,0.12479562312364578,0.12479562312364578,0.12479584664106369,0.12479572743177414,0.12479565292596817,0.12643028795719147,0.12479562312364578
150,,0.9456556027802192,0.0019787653666699374,0.09094966948032379,0.09094966948032379,0.1377440243959427,0.09094966948032379,0.09210404008626938,0.3067558705806732,0.09959737211465836,0.09094966948032379
151,,0.9420306841235384,-0.0038405990842000294,0.12496795505285263,0.12496795505285263,0.12496795505285263,0.12496795505285263,0.12496795505285263,0.12496795505285263,0.1251719892024994,0.12502031028270721
152,,0.9413314417729617,-0.0007425469303973132,0.1241777166724205,0.12417759746313095,0.12417759746313095,0.12417774647474289,0.12417908012866974,0.12425874918699265,0.13067395985126495,0.12417759746313095
153,,0.9354938700529646,-0.006220707391368851,0.12059515714645386,0.12059515714645386,0.12059515714645386,0.14829474687576294,0.12059526145458221,0.12666036188602448,0.12206902354955673,0.12059515714645386
154,,0.9328792794520605,-0.0027987902826798316,0.12498350441455841,0.12498350441455841,0.12498350441455841,0.1250952035188675,0.12498350441455841,0.12498350441455841,0.12500379979610443,0.12498350441455841
155,,0.9373033818601398,0.004731207012170291,0.12467857450246811,0.12468898296356201,0.12467854470014572,0.1272394061088562,0.12467854470014572,0.1246785894036293,0.12467879801988602,0.12467854470014572
156,,0.9370941232951944,-0.00022328088384592767,0.12408419698476791,0.13094303011894226,0.12408419698476791,0.12408419698476791,0.12454483658075333,0.12409026175737381,0.12408509850502014,0.12408419698476791
157,,0.9339449383256027,-0.003366245000400935,0.12495902180671692,0.12496532499790192,0.12495899200439453,0.12496640533208847,0.1252731829881668,0.12495902180671692,0.12495900690555573,0.12495899200439453
158,,0.9320634510160509,-0.0020165910913470288,0.09127931296825409,0.09127931296825409,0.09127931296825409,0.36104482412338257,0.09127931296825409,0.09127931296825409,0.09127931296825409,0.09127932041883469
159,,0.9329007821099354,0.0008979594731904416,0.12438219785690308,0.12438219785690308,0.1283944994211197,0.12438236176967621,0.12438219785690308,0.12438219785690308,0.1253122240304947,0.12438219785690308
160,,0.9359990147198286,0.003315571496546987,0.0739121064543724,0.07391384243965149,0.0739121064543724,0.18044649064540863,0.106678307056427,0.09882042557001114,0.31840381026268005,0.07391297072172165
161,,0.9420537248688774,0.006447881892283121,0.12505634129047394,0.12499195337295532,0.12499195337295532,0.12499195337295532,0.12499195337295532,0.12499195337295532,0.12499195337295532,0.12499195337295532
162,,0.9382098165698798,-0.004088696684594025,0.12200600653886795,0.14593613147735596,0.1220061257481575,0.12200600653886795,0.12200600653886795,0.12200600653886795,0.12202775478363037,0.12200600653886795
163,,0.9347041199853806,-0.00374357904039904,0.10480931401252747,0.09167550504207611,0.09167218208312988,0.09167228639125824,0.09167218208312988,0.09167218208312988,0.34515416622161865,0.09167218208312988
164,,0.9354461470173088,0.0007935480736062835,0.12447218596935272,0.12447218596935272,0.12869423627853394,0.12447218596935272,0.12447218596935272,0.12447218596935272,0.12447264790534973,0.12447218596935272
165,,0.9404019160006627,0.005283776027245365,0.12444528937339783,0.12444531917572021,0.12887689471244812,0.12444528937339783,0.12445133924484253,0.12444530427455902,0.12444528937339783,0.12444528937339783
166,,0.9420222042910492,0.0017214916373718692,0.12495766580104828,0.12495766580104828,0.12496867030858994,0.1250145435333252,0.12522856891155243,0.12495766580104828,0.12495766580104828,0.12495766580104828
167,,0.9380508598008811,-0.0042246766603851295,0.1250002384185791,0.12500019371509552,0.12499994039535522,0.12499991059303284,0.12499991059303284,0.12500005960464478,0.12499991059303284,0.12499991059303284
168,,0.9295264273164,-0.009128930559949733,0.125,0.125,0.125,0.125,0.125,0.125,0.125,0.125
169,,0.9286212023823371,-0.0009743305550183304,0.07427067309617996,0.07427067309617996,0.07427067309617996,0.4072202146053314,0.07427067309617996,0.07427114248275757,0.07427067309617996,0.1471552848815918
170,,0.9039133465763591,-0.02696740771682869,0.0427398681640625,0.4715314507484436,0.042740534991025925,0.04273989796638489,0.2367023378610611,0.042740821838378906,0.07806523144245148,0.0427398681640625
171,,0.9104008476973963,0.007151494257332821,0.0671510100364685,0.5166587829589844,0.0671510100364685,0.0804351419210434,0.0671510100364685,0.0671510100364685,0.0671510100364685,0.0671510100364685
172,,0.9139188601546901,0.0038567985676958845,0.12500004470348358,0.125,0.125,0.125,0.125,0.125,0.125,0.125
173,,0.8972577153184432,-0.0183986642245833,0.11627354472875595,0.11627354472875595,0.11627354472875595,0.11627502739429474,0.11627355962991714,0.18388943374156952,0.11713613569736481,0.11760523170232773
174,,0.8944654296460892,-0.0031168743237671194,0.15122681856155396,0.08299818634986877,0.3253762722015381,0.10088402777910233,0.08300457894802094,0.09051370620727539,0.08299818634986877,0.08299818634986877
175,,0.8873602217392552,-0.00797524220344367,0.08054659515619278,0.08047463744878769,0.08047467470169067,0.08047467470169067,0.08047576248645782,0.43660423159599304,0.08047463744878769,0.08047474920749664
176,,0.8920001175344272,0.0052152520312046795,0.12499937415122986,0.12500393390655518,0.12499949336051941,0.12499973177909851,0.12499931454658508,0.1249995082616806,0.12499931454658508,0.12499932944774628
177,,0.8996281669482246,0.008515265774869961,0.0491061732172966,0.0491061732172966,0.12418787181377411,0.049106232821941376,0.049117136746644974,0.5811640620231628,0.0491061732172966,0.0491061732172966
178,,0.8973397083908952,-0.0025470236011456006,0.3233979046344757,0.02451576665043831,0.024654684588313103,0.02451198548078537,0.23802098631858826,0.2738713324069977,0.06651627272367477,0.024511031806468964
179,,0.9004396951384956,0.0034486876576454184,0.03813336417078972,0.033903852105140686,0.46918943524360657,0.0858147069811821,0.27016156911849976,0.034989140927791595,0.033903852105140686,0.03390409052371979
180,,0.8968543437511717,-0.003989726851241869,0.02944222092628479,0.02944585680961609,0.6118341088294983,0.02944222092628479,0.02944222092628479,0.02944222092628479,0.21150889992713928,0.02944222465157509
181,,0.9129905849500993,0.017832101004238265,0.10011088103055954,0.0668364092707634,0.10833720117807388,0.01931927725672722,0.20695237815380096,0.14378643035888672,0.10315349698066711,0.25150391459465027
182,,0.9089694221809289,-0.0044141136826182275,0.12215160578489304,0.12215160578489304,0.12215160578489304,0.12215160578489304,0.14493869245052338,0.12215160578489304,0.12215160578489304,0.12215160578489304
183,,0.8849797693423952,-0.026746669400272673,0.04013839736580849,0.7485013604164124,0.03522669896483421,0.035226739943027496,0.03522669896483421,0.03522669896483421,0.03522669896483421,0.03522669896483421
184,,0.8875133666918836,0.0028587970509028294,0.08660843968391418,0.08660843968391418,0.08660843968391418,0.08660843968391418,0.08660843968391418,0.08660843968391418,0.3937408924102783,0.08660843968391418
185,,0.8926637275155312,0.005786362728473344,0.12491205334663391,0.1255965381860733,0.12491205334663391,0.12493114918470383,0.12491205334663391,0.12491205334663391,0.12491205334663391,0.12491205334663391
186,,0.8882719985283691,-0.004931944286362403,0.12499569356441498,0.12503010034561157,0.12499569356441498,0.12499569356441498,0.12499569356441498,0.12499569356441498,0.12499573826789856,0.12499569356441498
187,,0.8598675327150742,-0.03249965508275182,0.12242937088012695,0.12242937088012695,0.12242937088012695,0.12242938578128815,0.12242982536554337,0.12242937088012695,0.12242954969406128,0.1429937481880188
188,,0.8741165423504347,0.01643536475965328,0.12499994039535522,0.1250004768371582,0.12499994039535522,0.12499994039535522,0.12499994039535522,0.12499994039535522,0.12499994039535522,0.12499994039535522
189,,0.8810221546214596,0.007869062333471816,0.12499295175075531,0.12499295175075531,0.12499295175075531,0.12499295175075531,0.12499295175075531,0.12499295175075531,0.12504932284355164,0.12499295175075531
190,,0.8564060365197643,-0.02833816734395199,0.12499986588954926,0.12499986588954926,0.12499986588954926,0.12499986588954926,0.1250009685754776,0.12499986588954926,0.12499986588954926,0.12499986588954926
191,,0.8504011336358689,-0.007036445317180024,0.125,0.125,0.125,0.125,0.125,0.125,0.125,0.125
192,,0.8342140664749361,-0.019218116234904038,0.12497780472040176,0.12497780472040176,0.12497780472040176,0.12497783452272415,0.12515532970428467,0.12497780472040176,0.12497780472040176,0.12497780472040176
193,,0.8236164057862492,-0.012785149294158886,0.1249961107969284,0.12499603629112244,0.12499603629112244,0.12499605119228363,0.1250028908252716,0.12502090632915497,0.12499603629112244,0.12499603629112244
194,,0.8298202756514335,0.007504247424037935,0.06596100330352783,0.06596088409423828,0.06596092879772186,0.06596090644598007,0.06603249907493591,0.5382020473480225,0.06596088409423828,0.06596088409423828
195,,0.8060559725947457,-0.02905595698168428,0.3125265836715698,0.04129775986075401,0.0412970706820488,0.0412970632314682,0.0412970632314682,0.0412970632314682,0.04210807383060455,0.4388793408870697
196,,0.7952407927779549,-0.013508232210413295,0.4548284411430359,0.3654504120349884,0.02995995618402958,0.02995222434401512,0.02995222434401512,0.02995225042104721,0.02995225042104721,0.02995222434401512
197,,0.819021809139002,0.029465759692213232,0.04392419755458832,0.04536266252398491,0.4487903118133545,0.04392419755458832,0.28622516989707947,0.04392419755458832,0.04392440989613533,0.043924883008003235
198,,0.8100887984483073,-0.010966843112109445,0.12362325936555862,0.1234932467341423,0.1234932467341423,0.12349965423345566,0.1234932467341423,0.12349743396043777,0.1234932467341423,0.13540655374526978
199,,0.7785580086886315,-0.03970036746505169,0.1249999850988388,0.1249999850988388,0.1250000298023224,0.12500005960464478,0.1249999850988388,0.1249999850988388,0.1249999850988388,0.1249999850988388
200,,0.777954299526421,-0.0007757204222506617,0.10155530273914337,0.20053236186504364,0.09775474667549133,0.20913955569267273,0.09775439649820328,0.09775471687316895,0.09775439649820328,0.09775447845458984
201,,0.7639977339671398,-0.01810295833393823,0.17402145266532898,0.455919086933136,0.061623796820640564,0.06190170347690582,0.061623796820640564,0.06166257709264755,0.061623796820640564,0.061623796820640564
202,,0.7827202417594764,0.024210518779138636,0.12499982118606567,0.12500117719173431,0.12499982118606567,0.12499982118606567,0.12499983608722687,0.12499982118606567,0.12499982118606567,0.12499982118606567
203,,0.7596006754790832,-0.029982473735631038,0.6285259127616882,0.09411387890577316,0.045540373772382736,0.049658384174108505,0.045540373772382736,0.045540373772382736,0.045540373772382736,0.045540373772382736
204,,0.7284385733856594,-0.04188956541973492,0.5130005478858948,0.06956762820482254,0.06956713646650314,0.06958763301372528,0.06956713646650314,0.06956713646650314,0.06957565248012543,0.06956714391708374
205,,0.7343531829103151,0.008086785739480622,0.5026986598968506,0.06624452769756317,0.06624451279640198,0.068754643201828,0.06624451279640198,0.06624451279640198,0.06624451279640198,0.0973241850733757
206,,0.7166859955931356,-0.02435228582880628,0.09191382676362991,0.09178975224494934,0.09178975224494934,0.3572857975959778,0.09178975224494934,0.09178975224494934,0.09178975224494934,0.09185153245925903
207,,0.7054052731033297,-0.01586530957309579,0.12499836087226868,0.12499836087226868,0.12501148879528046,0.12499836087226868,0.12499836087226868,0.12499836087226868,0.12499836087226868,0.12499836087226868
208,,0.7372772955630604,0.04419157738145385,0.12478188425302505,0.12478198856115341,0.12652668356895447,0.12478188425302505,0.12478188425302505,0.12478188425302505,0.12478188425302505,0.12478188425302505
209,,0.7416828652664578,0.005957676009101121,0.125,0.125,0.125,0.125,0.125,0.125,0.125,0.125
210,,0.7536344080477824,0.01598563395491979,0.125,0.125,0.1250000149011612,0.125,0.125,0.125,0.125,0.125
211,,0.7528910013033242,-0.0009869157203507178,0.12497352808713913,0.12497352808713913,0.12497352808713913,0.12497352808713913,0.1251852959394455,0.12497352808713913,0.12497352808713913,0.12497352808713913
212,,0.752611628623252,-0.00037113543042102833,0.12494534999132156,0.12494534999132156,0.12494534999132156,0.12494534999132156,0.12538255751132965,0.12494534999132156,0.12494534999132156,0.12494534999132156
213,,0.7752746105071483,0.02966797342279974,0.12499973177909851,0.12499973177909851,0.12499980628490448,0.12499973177909851,0.12500053644180298,0.1250009536743164,0.12499973177909851,0.12499973177909851
214,,0.7539681303315788,-0.027867203079466944,0.12393327057361603,0.12393327057361603,0.12393328547477722,0.12393327057361603,0.12393327057361603,0.12393343448638916,0.13246694207191467,0.12393327057361603
215,,0.7387611466618369,-0.02037544249949328,0.15641328692436218,0.12051238864660263,0.12051238864660263,0.12051238864660263,0.12051238864660263,0.12051238864660263,0.12051238864660263,0.12051238864660263
216,,0.7490778731414645,0.013868290443609701,0.11756715178489685,0.11756715178489685,0.11756715178489685,0.11756715178489685,0.17702989280223846,0.11756715178489685,0.11756715178489685,0.11756715178489685
217,,0.7521655352531119,0.004113478797863898,0.06533019244670868,0.06533019244670868,0.06533019244670868,0.06533019244670868,0.5426883697509766,0.06533019244670868,0.06533050537109375,0.06533019244670868
218,,0.7336305959705973,-0.024950799707287336,0.03211040049791336,0.4171919524669647,0.03210778906941414,0.03218955174088478,0.06632859259843826,0.032108575105667114,0.35585537552833557,0.03210778906941414
219,,0.7163580913433107,-0.023825457171615484,0.12499715387821198,0.12499715387821198,0.12499715387821198,0.1250198930501938,0.12499715387821198,0.12499715387821198,0.12499715387821198,0.12499715387821198
220,,0.7298377360288187,0.01864206050914015,0.10872864723205566,0.10872865468263626,0.2359299212694168,0.10872989892959595,0.11169670522212982,0.10872889310121536,0.10872864723205566,0.10872864723205566
221,,0.7186756617885133,-0.015412070336369607,0.125,0.125,0.125,0.125,0.125,0.125,0.125,0.125
222,,0.7122474424656253,-0.008984777096042108,0.12499801814556122,0.12499800324440002,0.12499800324440002,0.12499800324440002,0.12499800324440002,0.12499800324440002,0.12501391768455505,0.12499800324440002
223,,0.710739265249851,-0.0021197355847650044,0.125,0.125,0.125,0.125,0.125,0.125,0.125,0.125
224,,0.6957189418239678,-0.02135988744590793,0.12499809265136719,0.12499809265136719,0.12499809265136719,0.12500639259815216,0.12499809265136719,0.12499809265136719,0.12500514090061188,0.12499809265136719
225,,0.6885839553570948,-0.010308509307876386,0.09212787449359894,0.09212787449359894,0.09212800115346909,0.09212787449359894,0.09212787449359894,0.3551047444343567,0.09212787449359894,0.09212787449359894
226,,0.7256753161707166,0.052465441634288776,0.062035299837589264,0.06252195686101913,0.06217041239142418,0.062035299837589264,0.06204889342188835,0.5651174187660217,0.062035299837589264,0.062035299837589264
227,,0.754170798367076,0.038516173503287524,0.022760318592190742,0.46351003646850586,0.023987699300050735,0.022731924429535866,0.022731924429535866,0.37318387627601624,0.02500583417713642,0.04608839005231857
228,,0.7517193180664201,-0.0032558583650993595,0.12499837577342987,0.12499837577342987,0.12499837577342987,0.1250113993883133,0.12499837577342987,0.12499837577342987,0.12499837577342987,0.12499837577342987
229,,0.7704331929765236,0.024589937911825364,0.11758825182914734,0.16768120229244232,0.1175878643989563,0.1175878643989563,0.1175878643989563,0.1175878643989563,0.1175878643989563,0.12679125368595123
230,,0.7673762267475911,-0.003975746560528543,0.12493833899497986,0.1249382495880127,0.1254321038722992,0.1249382495880127,0.1249382495880127,0.1249382495880127,0.1249382495880127,0.12493826448917389
231,,0.7435612942394354,-0.031525995738994075,0.12469971925020218,0.1247011050581932,0.12469971925020218,0.12469971925020218,0.12469971925020218,0.12469971925020218,0.12710069119930267,0.12469971925020218
232,,0.7517011148311853,0.010887588626307731,0.057080235332250595,0.057088352739810944,0.057080235332250595,0.05708187445998192,0.057080525904893875,0.31788915395736694,0.057080235332250595,0.3396194577217102
233,,0.751398226154818,-0.00040301884540546525,0.01674487441778183,0.26183590292930603,0.017324088141322136,0.01674487441778183,0.01674487441778183,0.2635645568370819,0.01674639992415905,0.3902943730354309
234,,0.739702130392236,-0.015688193751150555,0.12499995529651642,0.12499995529651642,0.12500034272670746,0.12499995529651642,0.12499995529651642,0.12499995529651642,0.12499995529651642,0.12499995529651642
235,,0.7552530038619861,0.020805218901329615,0.08668755739927292,0.39291250705718994,0.0866875872015953,0.08668755739927292,0.08668757230043411,0.08675802499055862,0.08689167350530624,0.08668755739927292
236,,0.7698304571373903,0.019117507500449077,0.12498162686824799,0.12498162686824799,0.12498162686824799,0.12498162686824799,0.1251286268234253,0.12498162686824799,0.12498162686824799,0.12498162686824799
237,,0.7774995099447348,0.009912708689550817,0.040783774107694626,0.04355810955166817,0.660861074924469,0.04079226404428482,0.04078378900885582,0.04771742969751358,0.08471973240375519,0.040783774107694626
238,,0.7844611668691086,0.008914056705346916,0.10788623243570328,0.08019084483385086,0.07807974517345428,0.0780799612402916,0.07849936932325363,0.07807975262403488,0.08481528609991074,0.4143688380718231
239,,0.7799002427149887,-0.005831052913011228,0.23644740879535675,0.023501994088292122,0.30655133724212646,0.07398445904254913,0.15123812854290009,0.027804724872112274,0.16573278605937958,0.014739077538251877
240,,0.7860265069898965,0.00782449821692373,0.3942601680755615,0.2597579061985016,0.24367322027683258,0.011515776626765728,0.011479062028229237,0.011479059234261513,0.04955513775348663,0.018279695883393288
241,,0.7789863332033615,-0.00899701407593262,0.23222962021827698,0.20760761201381683,0.039075370877981186,0.19427789747714996,0.00801737979054451,0.10389066487550735,0.20690792798995972,0.00799353513866663
242,,0.8007313987851482,0.027532056788413632,0.16839642822742462,0.19093437492847443,0.008473685942590237,0.25856804847717285,0.029432905837893486,0.008474064990878105,0.008473684079945087,0.3272468149662018
243,,0.8084875694871424,0.009639745636206178,0.16273124516010284,0.030832631513476372,0.030832435935735703,0.4846774637699127,0.03089185059070587,0.030832435935735703,0.030832435935735703,0.19836951792240143
244,,0.8316336895348059,0.02822676275442042,0.06552527844905853,0.06552527844905853,0.06552527844905853,0.5413230657577515,0.06552527844905853,0.06552527844905853,0.06552527844905853,0.06552528589963913
245,,0.8295207574985628,-0.00254393344281776,0.12468133121728897,0.12468133121728897,0.1272307187318802,0.12468133121728897,0.12468133121728897,0.12468133121728897,0.12468133121728897,0.12468133121728897
246,,0.8260784820956065,-0.0041583497756147655,0.1231386661529541,0.1231386661529541,0.1231386810541153,0.13802923262119293,0.1231386661529541,0.1231386661529541,0.1231386810541153,0.1231386661529541
247,,0.8248835722550057,-0.0014475318146748354,0.12204522639513016,0.12204522639513016,0.12204522639513016,0.125684455037117,0.12204522639513016,0.12204522639513016,0.14204421639442444,0.12204522639513016
248,,0.814721896565329,-0.012395428036228113,0.03984959423542023,0.03984959423542023,0.03984959423542023,0.7210528254508972,0.03984959423542023,0.03984959423542023,0.039849597960710526,0.03984959423542023
249,,0.8200796150784592,0.006554603304253732,0.125,0.125,0.125,0.125,0.125,0.125,0.125,0.125
250,,0.8229338905494205,0.003474442945875256,0.1251605600118637,0.12497705966234207,0.12497702986001968,0.12497702986001968,0.12497702986001968,0.12497702986001968,0.1249772235751152,0.12497702986001968
251,,0.8291222841770776,0.0074917822612373085,0.1250002682209015,0.12499997019767761,0.12499997019767761,0.12499997019767761,0.12499997019767761,0.12499997019767761,0.12499997019767761,0.1249999850988388
252,,0.8359653767379176,0.008219544530367285,0.12489072233438492,0.1248888298869133,0.1257762610912323,0.1248888298869133,0.1248888298869133,0.1248888298869133,0.1248888298869133,0.1248888298869133
253,,0.8448540355351919,0.010576676582670468,0.125,0.125,0.125,0.125,0.125,0.125,0.125,0.125
254,,0.848801657069454,0.004661666122994791,0.12499965727329254,0.12499965727329254,0.12499965727329254,0.12499965727329254,0.1250023990869522,0.12499965727329254,0.12499965727329254,0.12499965727329254
255,,0.8552156888008855,0.007528165178553381,0.12499935925006866,0.12499935925006866,0.12499935925006866,0.12499937415122986,0.12500448524951935,0.12499935925006866,0.12499935925006866,0.12499935925006866
256,,0.83514544998738,-0.02374780344310078,0.125,0.125,0.125,0.125,0.125,0.125,0.125,0.125
257,,0.8350498790335266,-0.00011444284665051067,0.12499997019767761,0.12500016391277313,0.12499997019767761,0.12499997019767761,0.12499997019767761,0.12499997019767761,0.12499997019767761,0.12499997019767761
258,,0.8320547789495919,-0.003593179698772643,0.125,0.125,0.125,0.125,0.125,0.125,0.125,0.125
259,,0.8121561537431774,-0.024205649499051737,0.10474979132413864,0.10475056618452072,0.10474979132413864,0.10474979132413864,0.26675060391426086,0.10474979132413864,0.10474979132413864,0.10474979132413864
260,,0.8151665341234561,0.0036997994763956618,0.12499898672103882,0.12499898672103882,0.12499898672103882,0.12499898672103882,0.1250065565109253,0.12499947845935822,0.12499898672103882,0.12499898672103882
261,,0.8051175770974578,-0.01240410345561649,0.12499004602432251,0.12499032914638519,0.12499004602432251,0.12506942451000214,0.12499004602432251,0.12499004602432251,0.12499004602432251,0.12499004602432251
262,,0.8082206906576686,0.0038468279701886782,0.09265264868736267,0.35143139958381653,0.09265264868736267,0.09265264868736267,0.09265264868736267,0.09265264868736267,0.09265264868736267,0.09265264868736267
263,,0.8115426958413902,0.004101845824120147,0.125,0.125,0.1250000149011612,0.125,0.125,0.125,0.125,0.125
264,,0.798916686863852,-0.0156803304838139,0.12498323619365692,0.12498603761196136,0.12498323619365692,0.12498323619365692,0.12498323619365692,0.12498323619365692,0.12511451542377472,0.12498323619365692
265,,0.7964941066207969,-0.003036938342026845,0.09408608078956604,0.09408608078956604,0.3413967490196228,0.09408643841743469,0.09408613294363022,0.09408608078956604,0.09408639371395111,0.09408608078956604
266,,0.7884356647855575,-0.010168919055031552,0.12296032160520554,0.12294604629278183,0.12294604629278183,0.12294604629278183,0.12294621020555496,0.1229461207985878,0.13936308026313782,0.12294604629278183
267,,0.7948785785399305,0.008138560420736962,0.10916482657194138,0.1092778742313385,0.23573313653469086,0.10916482657194138,0.10916482657194138,0.10916482657194138,0.10916482657194138,0.10916489362716675
268,,0.7987572467341413,0.004867706650802201,0.06637289375066757,0.5297179818153381,0.06755074858665466,0.06637286394834518,0.07028231024742126,0.06637286394834518,0.06695752590894699,0.06637286394834518
269,,0.8027905468549799,0.005036763390649518,0.10574666410684586,0.2587234675884247,0.10574666410684586,0.10574666410684586,0.10574666410684586,0.10574666410684586,0.10679653286933899,0.10574666410684586
270,,0.813729239966216,0.013533840000257407,0.125,0.125,0.125,0.125,0.125,0.125,0.125,0.125
271,,0.7962621396969984,-0.02169922877766495,0.0844903290271759,0.32218870520591736,0.08449044078588486,0.0844903290271759,0.0844903290271759,0.0844903290271759,0.17086920142173767,0.0844903290271759
272,,0.7953641909112328,-0.0011283413245512237,0.1248282790184021,0.1248282790184021,0.12482838332653046,0.1248282790184021,0.12513190507888794,0.12589682638645172,0.12482888996601105,0.12482908368110657
273,,0.7891959950160129,-0.007785412136259626,0.125,0.125,0.125,0.125,0.125,0.125,0.125,0.125
274,,0.7896338266595102,0.0005546280526372352,0.11870627850294113,0.16905607283115387,0.11870627850294113,0.11870627850294113,0.11870627850294113,0.11870627850294113,0.11870627850294113,0.11870627850294113
275,,0.7914873346148141,0.002344549993699215,0.125,0.125,0.125,0.125,0.125,0.125,0.125,0.125
276,,0.7978949702760875,0.008063095149297539,0.1249997615814209,0.1249997615814209,0.1250017285346985,0.1249997615814209,0.1249997615814209,0.1249997615814209,0.1249997615814209,0.1249997615814209
277,,0.8067376044885948,0.011021493472588913,0.12420637160539627,0.12761348485946655,0.12420637160539627,0.12420646101236343,0.12420637160539627,0.12420637160539627,0.12714822590351105,0.12420637160539627
278,,0.8047693833418964,-0.00244271001023515,0.12499706447124481,0.1250162571668625,0.12499706447124481,0.12499706447124481,0.12499706447124481,0.12499706447124481,0.12500135600566864,0.12499706447124481
279,,0.7978710164288235,-0.00860880521675282,0.125,0.125,0.125,0.125,0.125,0.125,0.125,0.125
280,,0.8043490433464302,0.008086357647878385,0.1249999850988388,0.12500010430812836,0.1249999850988388,0.1249999850988388,0.1249999850988388,0.1249999850988388,0.1249999850988388,0.1249999850988388
281,,0.8041514347911634,-0.0002457053124284544,0.125,0.125,0.125,0.125,0.125,0.125,0.125,0.125
282,,0.7983065215019873,-0.0072949673178107875,0.12499994039535522,0.12499994039535522,0.12499994039535522,0.12499994039535522,0.12499994039535522,0.12499994039535522,0.12499994039535522,0.125000461935997
283,,0.7706478316644021,-0.0352611349118298,0.05234493687748909,0.4883774220943451,0.05234493687748909,0.05234494432806969,0.0987638458609581,0.05234493687748909,0.15105466544628143,0.05242433771491051
284,,0.7689087043115316,-0.0022592584968150354,0.12499982118606567,0.12500129640102386,0.12499982118606567,0.12499982118606567,0.12499982118606567,0.12499982118606567,0.12499982118606567,0.12499982118606567
285,,0.7662486315035587,-0.0034655411640189377,0.11312887072563171,0.11312887072563171,0.11362572014331818,0.11312887072563171,0.11658021062612534,0.11312887072563171,0.2036823183298111,0.11359630525112152
286,,0.7588200105074487,-0.00974209231580462,0.0564555861055851,0.06817923486232758,0.0564555861055851,0.0564555861055851,0.5930869579315186,0.056455694139003754,0.05645579844713211,0.0564555861055851
287,,0.750746880725341,-0.0106960569902223,0.125,0.125,0.125,0.125,0.125,0.125,0.1250000149011612,0.125
288,,0.7590199002547,0.010959444119509868,0.125,0.125,0.125,0.125,0.125,0.125,0.125,0.125
289,,0.7556027910319969,-0.00451216668012986,0.125,0.125,0.125,0.125,0.125,0.125,0.125,0.125
290,,0.7531448554102363,-0.0032582490545032374,0.11880844086408615,0.11881079524755478,0.11880934983491898,0.11880844086408615,0.16833755373954773,0.11880844086408615,0.11880844086408615,0.11880844086408615
291,,0.7462797875346608,-0.009157000157153563,0.12491656094789505,0.12515529990196228,0.12526579201221466,0.12491656094789505,0.12499606609344482,0.12491656094789505,0.12491656094789505,0.12491656094789505
292,,0.731071605262129,-0.020589170037100264,0.051927655935287476,0.051927655935287476,0.051927655935287476,0.05192796140909195,0.051927655935287476,0.6364807486534119,0.051927655935287476,0.05195295438170433
293,,0.7260633444352804,-0.006874147860541578,0.5219946503639221,0.0194131750613451,0.06979693472385406,0.08061932772397995,0.01941313035786152,0.21555545926094055,0.03445703163743019,0.038750361651182175
294,,0.7337209255444561,0.010491483579418544,0.42707115411758423,0.015979507938027382,0.015083622187376022,0.4814265966415405,0.015083467587828636,0.015083467587828636,0.015188750810921192,0.015083467587828636
295,,0.7318288988096094,-0.0025820040431839874,0.2274603396654129,0.10244647413492203,0.07881072908639908,0.01692981645464897,0.016929812729358673,0.2862275242805481,0.25426551699638367,0.016929812729358673
296,,0.7308875916067674,-0.001287067369449103,0.05250564217567444,0.05250564217567444,0.05250564217567444,0.585020124912262,0.09994491934776306,0.05250564217567444,0.05250677466392517,0.05250564217567444
297,,0.72683518101989,-0.005559933757323796,0.06324304640293121,0.06339843571186066,0.06324057281017303,0.06324057281017303,0.06324057281017303,0.06324057281017303,0.06324057281017303,0.5571556091308594
298,,0.7404552547321439,0.01856546541581922,0.04287965968251228,0.2831098139286041,0.3301951587200165,0.07095539569854736,0.16960440576076508,0.08308000862598419,0.010050814598798752,0.010124724358320236
299,,0.7401817589487377,-0.0003694298926605989,0.125,0.125,0.125,0.125,0.125,0.125,0.125,0.125
300,,0.7555870173725474,0.020599177361658335,0.12096603959798813,0.15300069749355316,0.12096603959798813,0.12096603959798813,0.12096603959798813,0.1212029978632927,0.12096603959798813,0.12096603959798813
301,,0.7561100948342173,0.0006920400632138927,0.125,0.125,0.125,0.125,0.1250000149011612,0.125,0.125,0.125
302,,0.7617903266759685,0.00748436231573796,0.0772380605340004,0.07700184732675552,0.07686719298362732,0.0768672451376915,0.4517512023448944,0.08640387654304504,0.07700338959693909,0.07686719298362732
303,,0.7663067840379623,0.005911234936253462,0.12499785423278809,0.12500599026679993,0.12499785423278809,0.12499785423278809,0.12500691413879395,0.12499785423278809,0.12499785423278809,0.12499785423278809
304,,0.7480186417973148,-0.024154691063524667,0.025068117305636406,0.025038788095116615,0.02503906562924385,0.026384474709630013,0.026272596791386604,0.026284456253051758,0.8208736777305603,0.02503879740834236
305,,0.7479758722722266,-5.717871916991423e-05,0.16205909848213196,0.06299664825201035,0.045996394008398056,0.052684247493743896,0.2461099922657013,0.13114041090011597,0.2441728711128235,0.054840344935655594
306,,0.7447138428082369,-0.00437068015391147,0.11520303785800934,0.11520303785800934,0.11520303785800934,0.11916014552116394,0.11520303785800934,0.18962155282497406,0.11520303785800934,0.11520303785800934
307,,0.7510993314863793,0.008537867665709804,0.037050943821668625,0.03712697699666023,0.42504942417144775,0.3501460552215576,0.039460886269807816,0.03706379979848862,0.037050943821668625,0.03705098107457161
308,,0.7439008091823889,-0.009630203691830926,0.21147656440734863,0.11227577924728394,0.11227573454380035,0.11227573454380035,0.11227788031101227,0.11227573454380035,0.11227573454380035,0.11486686021089554
309,,0.7442741022025471,0.0005016789694969992,0.125,0.125,0.125,0.1250000298023224,0.125,0.1250000298023224,0.125,0.125
310,,0.7535101978662889,0.012333168048225773,0.125,0.125,0.125,0.1250000149011612,0.125,0.125,0.125,0.125
311,,0.7469131168922336,-0.008793682984225169,0.125,0.125,0.125,0.125,0.125,0.125,0.125,0.125
312,,0.7314098969824262,-0.020974831804175805,0.125,0.125,0.125,0.125,0.125,0.125,0.125,0.125
313,,0.7368728601499872,0.007441330151931982,0.124998539686203,0.1250101625919342,0.124998539686203,0.124998539686203,0.124998539686203,0.124998539686203,0.124998539686203,0.124998539686203
314,,0.7432735301796973,0.008648752541612507,0.12501727044582367,0.12499752640724182,0.12499752640724182,0.12499752640724182,0.12499754130840302,0.12499752640724182,0.12499752640724182,0.12499752640724182
315,,0.7548584798051912,0.01546616783606262,0.09915997833013535,0.09914558380842209,0.1517808586359024,0.09914558380842209,0.2533312737941742,0.09914558380842209,0.09914558380842209,0.09914558380842209
316,,0.7512835261374599,-0.0047471757208686,0.04774912819266319,0.20904336869716644,0.04717028886079788,0.04717971757054329,0.04716982692480087,0.506382405757904,0.04716982692480087,0.048135366290807724
317,,0.7448672536767706,-0.008577092472820874,0.1245708018541336,0.12438855320215225,0.12437375634908676,0.12437383085489273,0.12437375634908676,0.12437395006418228,0.12437375634908676,0.12917156517505646
318,,0.7403935414338628,-0.0060241619344895735,0.125,0.125,0.125,0.125,0.125,0.125,0.125,0.125
319,,0.7452483825204846,0.006535704586303669,0.12499894201755524,0.12499894201755524,0.12499894201755524,0.12499894201755524,0.12500742077827454,0.12499894201755524,0.12499894201755524,0.12499894201755524
320,,0.7557925173470162,0.014049328387419773,0.125,0.125,0.125,0.12500004470348358,0.125,0.125,0.125,0.125
321,,0.7582460069635663,0.0032409898754605774,0.12499949336051941,0.12499949336051941,0.1249995231628418,0.12500348687171936,0.12499949336051941,0.12499949336051941,0.12499949336051941,0.12499949336051941
322,,0.7531391406854084,-0.006757887917006769,0.1249946653842926,0.1249946653842926,0.12499469518661499,0.1249946653842926,0.125037282705307,0.1249946653842926,0.1249946653842926,0.1249946653842926
323,,0.7558532308235733,0.0035972256932635897,0.12441017478704453,0.12441017478704453,0.12912864983081818,0.12441026419401169,0.12441017478704453,0.12441017478704453,0.12441017478704453,0.12441017478704453
324,,0.7567505192848275,0.0011864158956904345,0.12499997019767761,0.12499997019767761,0.1250002384185791,0.12499997019767761,0.12499997019767761,0.12499997019767761,0.12499997019767761,0.12499997019767761
325,,0.7572599209945653,0.0006729170624028565,0.12499512732028961,0.12499512732028961,0.12499512732028961,0.12499512732028961,0.12499512732028961,0.12499512732028961,0.12499512732028961,0.12503407895565033
326,,0.7458382356823638,-0.015197816726690799,0.125,0.125,0.125,0.125,0.12500005960464478,0.125,0.125,0.125
327,,0.7497613050684628,0.005246161524967879,0.12079159170389175,0.12095195800065994,0.12079159170389175,0.12079159170389175,0.15428975224494934,0.12079159170389175,0.12080021947622299,0.12079169601202011
328,,0.7486535332799588,-0.001478591858508081,0.125,0.125,0.125,0.125,0.125,0.125,0.125,0.125
329,,0.7525692652961682,0.005216735184481988,0.12479767203330994,0.1247984915971756,0.12479767203330994,0.12479767203330994,0.12641549110412598,0.12479767203330994,0.12479767203330994,0.12479767203330994
330,,0.7579438433883591,0.007116258366111711,0.12499991059303284,0.12500061094760895,0.12499991059303284,0.12499991059303284,0.12499991059303284,0.12499991059303284,0.12499991059303284,0.12499991059303284
331,,0.7516535530816597,-0.008333780552903097,0.12499997019767761,0.12499997019767761,0.12499997019767761,0.12499997019767761,0.1250002086162567,0.12499997019767761,0.12499997019767761,0.12499997019767761
332,,0.7470368859702367,-0.006160954382781392,0.12499997019767761,0.12500017881393433,0.12499997019767761,0.12499997019767761,0.12499997019767761,0.12499997019767761,0.12499997019767761,0.12499997019767761
333,,0.7570053537270891,0.01325576298453329,0.12498386204242706,0.12498320639133453,0.12498320639133453,0.1251118779182434,0.12498320639133453,0.12498822808265686,0.12498320639133453,0.12498320639133453
334,,0.7576176069134867,0.0008084562767832703,0.12438603490591049,0.1243860200047493,0.12438711524009705,0.12466035038232803,0.1243860200047493,0.1278342455625534,0.12556087970733643,0.12439931929111481
335,,0.7553563544535602,-0.002989151434673645,0.054377347230911255,0.054377347230911255,0.6192183494567871,0.054377347230911255,0.054377347230911255,0.05437735468149185,0.05451758950948715,0.054377347230911255
336,,0.7630090434944016,0.010080253213328292,0.007980904541909695,0.13464243710041046,0.2766256630420685,0.09211674332618713,0.008108435198664665,0.13774259388446808,0.22778500616550446,0.11499820649623871
337,,0.7606058851173341,-0.0031545508314416697,0.125,0.125,0.125,0.125,0.125,0.125,0.125,0.125
338,,0.7682381456753892,0.00998443766478658,0.125,0.125,0.125,0.125,0.125,0.125,0.125,0.125
339,,0.7605283012433529,-0.010086445593796477,0.12499997019767761,0.12499997019767761,0.12499997019767761,0.12500016391277313,0.12499997019767761,0.12499997019767761,0.12499997019767761,0.12499997019767761
340,,0.7690650876586154,0.011162280269812409,0.12450786679983139,0.12450786679983139,0.12450786679983139,0.12455582618713379,0.12450786679983139,0.12450786679983139,0.12839695811271667,0.12450786679983139
341,,0.7654072177660063,-0.004767602267307186,0.12472467124462128,0.12692728638648987,0.12472467124462128,0.12472467124462128,0.12472467124462128,0.12472467124462128,0.12472467124462128,0.12472467124462128
342,,0.7681404112444143,0.003564540573357915,0.11898170411586761,0.16712602972984314,0.11898170411586761,0.11898377537727356,0.11898170411586761,0.11898170411586761,0.11898170411586761,0.11898170411586761
343,,0.7616367731976478,-0.008502777130910608,0.125,0.125,0.125,0.125,0.125,0.125,0.125,0.125
344,,0.7634645280211194,0.002396897435031277,0.12499982118606567,0.12499982118606567,0.12499989569187164,0.12499982118606567,0.12499982118606567,0.12499982118606567,0.12500126659870148,0.12499982118606567
345,,0.7592141959417757,-0.005582718207764635,0.125,0.125,0.125,0.125,0.125,0.125,0.1250000149011612,0.125
346,,0.7684145771453249,0.012045455817472834,0.12499991059303284,0.12499991059303284,0.12499991059303284,0.12499991059303284,0.12500064074993134,0.12499991059303284,0.12499991059303284,0.12499991059303284
347,,0.7696974145463629,0.001668068002096228,0.12482468038797379,0.12482493370771408,0.12570728361606598,0.12482468038797379,0.12482468038797379,0.12482468038797379,0.1253443956375122,0.12482468038797379
348,,0.7732049420456232,0.004546669498082638,0.12122150510549545,0.1212184950709343,0.1212184950709343,0.12121907621622086,0.12121852487325668,0.1212184950709343,0.15146687626838684,0.1212184950709343
349,,0.7634636108546347,-0.012678676432282592,0.0485750213265419,0.45340433716773987,0.043047428131103516,0.043047428131103516,0.16022340953350067,0.0465320385992527,0.043047476559877396,0.16212284564971924
350,,0.7642728508229768,0.0010593974344753078,0.11752746254205704,0.12225387245416641,0.11752746254205704,0.13460953533649445,0.11752746254205704,0.11752837151288986,0.15250904858112335,0.12051669508218765
351,,0.762856021919402,-0.001855546490386864,0.06147743761539459,0.06147743761539459,0.06147743761539459,0.06147747486829758,0.06147743761539459,0.5696576833724976,0.061477597802877426,0.06147743761539459
352,,0.7573314737502743,-0.007268277769264923,0.31804633140563965,0.07513287663459778,0.05310413986444473,0.011849187314510345,0.31324928998947144,0.11900711804628372,0.09776187688112259,0.01184918824583292
353,,0.7652990437241526,0.010465628536783948,0.125,0.125,0.125,0.125,0.125,0.125,0.125,0.125
354,,0.7742637270222106,0.011645883869072986,0.12499576807022095,0.12499576807022095,0.12499576807022095,0.12499576807022095,0.12499576807022095,0.12499576807022095,0.12499792873859406,0.12502743303775787
355,,0.7749982824403395,0.0009482650044801823,0.09714217483997345,0.09709589928388596,0.31300586462020874,0.09709364175796509,0.09709364175796509,0.10437759011983871,0.09709613025188446,0.09709510952234268
356,,0.7765870246672308,0.002047896141917279,0.05693468078970909,0.056933529675006866,0.09494457393884659,0.056933529675006866,0.056933529675006866,0.5634530782699585,0.05693354085087776,0.056933529675006866
357,,0.7680127032166376,-0.011102435629254372,0.125,0.125,0.125,0.125,0.125,0.125,0.1250000149011612,0.125
358,,0.7740830995236021,0.007872957894698183,0.1249999850988388,0.1249999850988388,0.1249999850988388,0.1249999850988388,0.1249999850988388,0.1249999850988388,0.12500010430812836,0.1249999850988388
359,,0.7718535085571923,-0.0028844552882961944,0.1250007003545761,0.1249958723783493,0.1249958723783493,0.1249958723783493,0.12502408027648926,0.1249958723783493,0.1249958723783493,0.1249958723783493
360,,0.7692753524987181,-0.003345805180477432,0.125,0.125,0.125,0.125,0.125,0.125,0.125,0.125
361,,0.7698286600147954,0.000718999541831149,0.059638701379299164,0.059638701379299164,0.059638701379299164,0.5819766521453857,0.059645526111125946,0.06018434837460518,0.059638701379299164,0.059638701379299164
362,,0.768929598881209,-0.0011685542296143328,0.12491627037525177,0.12491627037525177,0.12491627037525177,0.12491627037525177,0.12558574974536896,0.12491627037525177,0.1249166801571846,0.12491627037525177
363,,0.7724719028530145,0.00459622000344376,0.124979168176651,0.124979168176651,0.124979168176651,0.12505115568637848,0.12497945129871368,0.124979168176651,0.12507346272468567,0.124979168176651
364,,0.7706584011306953,-0.002350420508915929,0.125,0.125,0.125,0.125,0.125,0.125,0.125,0.125
365,,0.7632965087376327,-0.009598651002137523,0.12499994039535522,0.12499994039535522,0.12499995529651642,0.12499995529651642,0.12500035762786865,0.12499994039535522,0.12499994039535522,0.12499994039535522
366,,0.7606705534423368,-0.0034462134508919297,0.12499746680259705,0.12499843537807465,0.12499746680259705,0.12499746680259705,0.12501680850982666,0.12499746680259705,0.12499746680259705,0.12499746680259705
367,,0.7586940499043423,-0.0026017516119196554,0.125,0.125,0.125,0.125,0.1250000149011612,0.125,0.125,0.125
368,,0.7582285441381323,-0.0006137502106577827,0.125,0.125,0.125,0.125,0.125,0.125,0.125,0.125
369,,0.7595681943842395,0.0017652569148206595,0.125,0.125,0.125,0.125,0.125,0.125,0.125,0.125
370,,0.749078031021525,-0.013906948169532677,0.125,0.125,0.125,0.125,0.125,0.125,0.125,0.125
371,,0.7537426124089462,0.006207788517647124,0.09477607905864716,0.09477607905864716,0.09477607905864716,0.09477607905864716,0.296555757522583,0.13478776812553406,0.09477607905864716,0.09477607905864716
372,,0.7569273283071201,0.004216302357361389,0.12499870359897614,0.12500905990600586,0.12499870359897614,0.12499870359897614,0.12499870359897614,0.12499870359897614,0.12499870359897614,0.12499870359897614
373,,0.7662620877213047,0.012257013057560943,0.125,0.125,0.125,0.125,0.125,0.125,0.125,0.125
374,,0.7653311278242976,-0.001215675287942992,0.12499991059303284,0.12499991059303284,0.1250007003545761,0.12499991059303284,0.12499991059303284,0.12499991059303284,0.12499991059303284,0.12499991059303284
375,,0.7688586198869942,0.004598516297073787,0.125,0.1250000149011612,0.125,0.125,0.125,0.125,0.125,0.125
376,,0.7651357179420536,-0.0048538761356046005,0.125,0.125,0.125,0.125,0.125,0.125,0.125,0.125
377,,0.767830528088295,0.0035158150795403464,0.125,0.1250000149011612,0.1250000149011612,0.125,0.125,0.125,0.125,0.125
378,,0.7584390455271113,-0.012306608548868296,0.12488044053316116,0.12487983703613281,0.12487983703613281,0.12583741545677185,0.12487983703613281,0.12487983703613281,0.12488298863172531,0.12487983703613281
379,,0.7534683378012508,-0.006575436683849018,0.12498809397220612,0.12508325278759003,0.12498809397220612,0.12498809397220612,0.12498809397220612,0.12498809397220612,0.1249881386756897,0.12498809397220612
380,,0.7475725862556623,-0.007855591103642933,0.125,0.125,0.125,0.125,0.125,0.125,0.125,0.125
381,,0.7461116196908836,-0.0019561926474835683,0.12499770522117615,0.12499770522117615,0.12499770522117615,0.12499770522117615,0.12499770522117615,0.12499770522117615,0.12501609325408936,0.12499772012233734
382,,0.7471557612425862,0.0013984658544130262,0.09018845111131668,0.09021274745464325,0.09018845111131668,0.09018845111131668,0.09018858522176743,0.09018845111131668,0.09018855541944504,0.36865630745887756
383,,0.745294536363749,-0.0024941880432577655,0.12501703202724457,0.12499755620956421,0.12499755620956421,0.12499755620956421,0.12499755620956421,0.12499755620956421,0.12499755620956421,0.12499755620956421
384,,0.7487898625382631,0.0046788957220080364,0.12449724227190018,0.12449724227190018,0.12839241325855255,0.124624103307724,0.12449724227190018,0.12449724227190018,0.12449724227190018,0.12449724227190018
385,,0.7498040431983598,0.0013535098615377885,0.12485004961490631,0.12484990060329437,0.12488368898630142,0.1260167360305786,0.12484990060329437,0.12484990060329437,0.12484990060329437,0.12484990060329437
386,,0.7496699053983622,-0.00017891314548131238,0.025538695976138115,0.14185819029808044,0.4110875427722931,0.05076714977622032,0.026880575343966484,0.10924451798200607,0.02553866058588028,0.20908471941947937
387,,0.7544900637576611,0.006409125303009577,0.04741763323545456,0.024363476783037186,0.6408011317253113,0.024363480508327484,0.024363506585359573,0.025457242503762245,0.09000461548566818,0.12322895973920822
388,,0.7500390154717413,-0.00591688300759413,0.13006198406219482,0.01312462892383337,0.46295687556266785,0.018296174705028534,0.012997297570109367,0.2014659345149994,0.06462227553129196,0.09647484123706818
389,,0.7546898762519755,0.006181679126578395,0.11652697622776031,0.12407409399747849,0.13904909789562225,0.04047099128365517,0.109374038875103,0.0078023625537753105,0.23681426048278809,0.2258882224559784
390,,0.7565137438156165,0.002413795765138983,0.12498560547828674,0.12498560547828674,0.12498560547828674,0.1249856948852539,0.12498560547828674,0.12510065734386444,0.12498560547828674,0.12498560547828674
391,,0.7561672804146057,-0.0004580786054952062,0.125,0.125,0.125,0.125,0.125,0.125,0.125,0.125
392,,0.7617709204084729,0.007383259010826891,0.12500569224357605,0.12499919533729553,0.12499919533729553,0.12499919533729553,0.12499919533729553,0.12499919533729553,0.12499919533729553,0.12499919533729553
393,,0.7629000262643352,0.0014811144197850864,0.12500010430812836,0.1249999850988388,0.1249999850988388,0.1249999850988388,0.1249999850988388,0.1249999850988388,0.1249999850988388,0.1249999850988388
394,,0.7636323460331327,0.0009594553489536043,0.125,0.125,0.125,0.125,0.125,0.125,0.125,0.125
395,,0.7612568588796756,-0.003115621866027219,0.12499961256980896,0.12499961256980896,0.12499961256980896,0.1250026375055313,0.12499961256980896,0.12499961256980896,0.12499961256980896,0.12499961256980896
396,,0.7569658141648222,-0.005652736212105643,0.125,0.125,0.125,0.125,0.125,0.125,0.125,0.125
397,,0.7656816402556683,0.011448377312243178,0.125,0.125,0.125,0.125,0.125,0.125,0.125,0.125
398,,0.7723106568136552,0.008620404174336503,0.125,0.125,0.125,0.125,0.125,0.125,0.125,0.125
399,,0.7731735332722822,0.0011166423491377297,0.06264891475439072,0.058323703706264496,0.05832509696483612,0.05832435190677643,0.12337762117385864,0.058323703706264496,0.5223528742790222,0.058323703706264496
400,,0.7719426497263702,-0.0015932572836085716,0.5913877487182617,0.0324968546628952,0.20795848965644836,0.03766961768269539,0.032496701925992966,0.03249678015708923,0.03249862790107727,0.03299516811966896
401,,0.7699806950113758,-0.0025448162264437124,0.5956244468688965,0.029502753168344498,0.07475270330905914,0.029529569670557976,0.08023595064878464,0.13068093359470367,0.029502753168344498,0.030170977115631104
402,,0.7656655660867867,-0.005619966513544763,0.12362249195575714,0.12362249195575714,0.12362249195575714,0.12362249195575714,0.12362255156040192,0.12362249195575714,0.13464249670505524,0.12362249195575714
403,,0.7673747322877768,0.002229774273972572,0.125,0.125,0.125,0.125,0.125,0.125,0.125,0.125
404,,0.7673304661760171,-5.768679459258816e-05,0.125,0.125,0.125,0.125,0.125,0.125,0.125,0.125
405,,0.7638071639505991,-0.004602209984025697,0.12499985098838806,0.12500102818012238,0.12499991059303284,0.12499985098838806,0.12499985098838806,0.12499985098838806,0.12499985098838806,0.12499985098838806
406,,0.7646869425668118,0.0011511705666614458,0.125,0.125,0.125,0.125,0.125,0.125,0.125,0.125
407,,0.76900374735204,0.005629317845219262,0.125,0.125,0.125,0.125,0.125,0.125,0.125,0.125
408,,0.7633996862878698,-0.007314113142983653,0.125,0.125,0.125,0.125,0.125,0.125,0.125,0.125
409,,0.754702713014446,-0.011457815260959223,0.12176933884620667,0.12176933884620667,0.14761419594287872,0.12176933884620667,0.12176933884620667,0.12176942825317383,0.1217697486281395,0.12176933884620667
410,,0.7606181845959287,0.007807589323968036,0.125,0.125,0.125,0.125,0.125,0.125,0.125,0.125
411,,0.7634625596495347,0.003732582235822651,0.125,0.125,0.125,0.125,0.125,0.125,0.125,0.125
412,,0.7652266234393699,0.002307944077042496,0.125,0.1250000149011612,0.125,0.125,0.125,0.125,0.125,0.125
413,,0.7695512675402386,0.005635545797143375,0.125,0.125,0.125,0.125,0.125,0.125,0.125,0.125
414,,0.7703522215232643,0.001040265264600841,0.125,0.125,0.125,0.125,0.125,0.125,0.125,0.125
415,,0.7699161705066823,-0.0005662013587860581,0.125,0.125,0.125,0.125,0.125,0.125,0.125,0.125
416,,0.7709180517178436,0.0013004401614452497,0.10232973098754883,0.10232973098754883,0.28369179368019104,0.1023297905921936,0.10232973098754883,0.10232973098754883,0.10232973098754883,0.10232973098754883
417,,0.7705092788539983,-0.000530382283122092,0.125,0.125,0.125,0.125,0.125,0.125,0.125,0.125
418,,0.7716692270652739,0.0015042985303737088,0.125,0.125,0.125,0.125,0.125,0.125,0.125,0.125
419,,0.7658833321925606,-0.00752614555991043,0.125,0.125,0.125,0.125,0.125,0.125,0.125,0.125
420,,0.7605590572368577,-0.006976085812412518,0.125,0.125,0.1250000149011612,0.125,0.125,0.125,0.125,0.125
421,,0.7643672565560488,0.0049946114791252025,0.12499935925006866,0.12499935925006866,0.12499935925006866,0.12499935925006866,0.12499935925006866,0.12499935925006866,0.12499935925006866,0.12500445544719696
422,,0.7667256343613091,0.003080648711011532,0.09927062690258026,0.09927062690258026,0.09927062690258026,0.09927062690258026,0.09927062690258026,0.09927062690258026,0.09928504377603531,0.30509117245674133
423,,0.7668328327354916,0.00013980343972153176,0.05898045748472214,0.05900115147233009,0.058980394154787064,0.05906815081834793,0.059320829808712006,0.058980390429496765,0.05900350585579872,0.586665153503418
424,,0.7674251399839719,0.0007721091086862732,0.29480475187301636,0.04827440157532692,0.2040722668170929,0.10047707706689835,0.03446529060602188,0.12824253737926483,0.18198521435260773,0.007678456138819456
425,,0.7669782456594498,-0.0005824991541852345,0.16438531875610352,0.12474000453948975,0.18105733394622803,0.05742250010371208,0.006697749253362417,0.23020794987678528,0.11215125769376755,0.12333790212869644
426,,0.7700705452287829,0.004023689761459023,0.04166702553629875,0.041650306433439255,0.042606208473443985,0.041617654263973236,0.21997274458408356,0.1939489096403122,0.045705247670412064,0.37283191084861755
427,,0.7688145934075503,-0.0016322882956750677,0.30314362049102783,0.027889149263501167,0.09944143146276474,0.0392005480825901,0.025259248912334442,0.025259342044591904,0.45454728603363037,0.025259369984269142
428,,0.7622411755766769,-0.008586830544211806,0.04515991732478142,0.04517436400055885,0.6632229685783386,0.045151762664318085,0.05268900468945503,0.04517082870006561,0.045153744518756866,0.05827740952372551
429,,0.7688249501417406,0.0086003014961444,0.016769474372267723,0.13911733031272888,0.08792304247617722,0.0363624170422554,0.2720864713191986,0.20529493689537048,0.015967242419719696,0.22647909820079803
430,,0.7753845910216206,0.008495842255666259,0.12499995529651642,0.12499995529651642,0.12499995529651642,0.12499995529651642,0.12499995529651642,0.12500031292438507,0.12499995529651642,0.12499995529651642
431,,0.7759082966786585,0.0006751860736105684,0.125,0.125,0.125,0.125,0.125,0.125,0.125,0.125
432,,0.7738485141830977,-0.002658202492158441,0.125,0.125,0.125,0.125,0.125,0.125,0.125,0.125
433,,0.7709967352202808,-0.0036919972447255864,0.12499623000621796,0.12499623000621796,0.12499623000621796,0.12499623000621796,0.12502636015415192,0.12499623000621796,0.12499623000621796,0.12499623000621796
434,,0.7749454309511475,0.005108476118369876,0.125,0.125,0.12500007450580597,0.125,0.125,0.125,0.125,0.125
435,,0.7696188719582454,-0.006897194372280102,0.11439283937215805,0.11439283937215805,0.11439283937215805,0.11439283937215805,0.19925016164779663,0.11439283937215805,0.11439283937215805,0.11439283937215805
436,,0.7652750784492295,-0.005660071960655486,0.125,0.125,0.125,0.125,0.125,0.125,0.125,0.125
437,,0.7644932880557676,-0.001022103056437272,0.125,0.125,0.125,0.125,0.125,0.125,0.125,0.125
438,,0.7700780284107379,0.007278599502968664,0.07681743800640106,0.07681743800640106,0.46227654814720154,0.07681744545698166,0.0768188014626503,0.07681749016046524,0.07681743800640106,0.07681743800640106
439,,0.7674828212666154,-0.003375748815637686,0.05117816478013992,0.05117816478013992,0.05117816478013992,0.05117816478013992,0.6417528390884399,0.05117816478013992,0.05117816478013992,0.05117816478013992
440,,0.7704435646529152,0.003850310484468899,0.12500636279582977,0.12499907612800598,0.12499907612800598,0.12499907612800598,0.12499907612800598,0.12499907612800598,0.12499919533729553,0.12499907612800598
441,,0.7696743950826557,-0.0009988450941005149,0.05456453189253807,0.05456453189253807,0.05456453189253807,0.05456453189253807,0.05456507205963135,0.05456453189253807,0.6180477142333984,0.05456453189253807
442,,0.7672849313798806,-0.0031093413947216944,0.1166558489203453,0.1166558563709259,0.1166558712720871,0.1166558489203453,0.11665598303079605,0.11665655672550201,0.18340827524662018,0.1166558489203453
443,,0.7761168223948769,0.0114448326838597,0.125,0.125,0.1250000149011612,0.125,0.125,0.125,0.125,0.125
444,,0.7785826062815037,0.003172042014905465,0.12399628013372421,0.12907855212688446,0.12399628013372421,0.12656080722808838,0.12399628013372421,0.12399628013372421,0.12437930703163147,0.12399628013372421
445,,0.7811073178952225,0.0032374560862820693,0.12718959152698517,0.1236078217625618,0.13116355240345,0.1236078217625618,0.1236078217625618,0.1236078217625618,0.12360783666372299,0.1236078217625618
446,,0.785051072526853,0.005036224932783284,0.12499997019767761,0.12499997019767761,0.1250002235174179,0.12499997019767761,0.12499997019767761,0.12499997019767761,0.12499997019767761,0.12499997019767761
447,,0.784129445735481,-0.001174660131985702,0.125,0.125,0.125,0.125,0.125,0.125,0.125,0.125
448,,0.7878106934646125,0.004683708198541764,0.12623508274555206,0.12487613409757614,0.12481478601694107,0.12481478601694107,0.12481478601694107,0.12481483072042465,0.12481478601694107,0.12481478601694107
449,,0.7899126913047042,0.0026645977413780743,0.12298382818698883,0.12298382818698883,0.12298381328582764,0.12300674617290497,0.12298381328582764,0.1390903741121292,0.12298381328582764,0.12298381328582764
450,,0.7935186315741972,0.0045545979177832405,0.12496883422136307,0.12496883422136307,0.12496883422136307,0.1252167969942093,0.12496892362833023,0.12496883422136307,0.12497011572122574,0.12496883422136307
451,,0.7925873411303722,-0.0011743106285113636,0.12499997019767761,0.12499997019767761,0.12499997019767761,0.1250002235174179,0.12499997019767761,0.12499997019767761,0.125,0.12499997019767761
452,,0.792156347218003,-0.000543928871481432,0.125,0.125,0.125,0.125,0.125,0.125,0.125,0.125
453,,0.7976027227100003,0.006851851834638452,0.125,0.125,0.125,0.125,0.125,0.125,0.125,0.125
454,,0.7955816230619125,-0.0025371837699180557,0.125,0.125,0.125,0.125,0.125,0.125,0.125,0.125
455,,0.7954876273750715,-0.00011815411167623355,0.125,0.125,0.125,0.125,0.12500004470348358,0.125,0.125,0.125
456,,0.7985401292298123,0.003829927770523297,0.125,0.125,0.125,0.125,0.125,0.125,0.125,0.125
457,,0.795245147608405,-0.004134793266925645,0.12497515231370926,0.12497515231370926,0.12497515231370926,0.1251738965511322,0.12497515231370926,0.12497515231370926,0.12497515231370926,0.12497515231370926
458,,0.7888765772608759,-0.008040549609813473,0.12499719858169556,0.12499719858169556,0.12499719858169556,0.12501968443393707,0.12499719858169556,0.12499719858169556,0.12499721348285675,0.12499719858169556
459,,0.7870467295386231,-0.002322255831489039,0.125,0.125,0.125,0.125,0.125,0.125,0.125,0.125
460,,0.7764498722067161,-0.013555539022327411,0.125,0.125,0.125,0.125,0.125,0.125,0.125,0.125
461,,0.7872805412887258,0.013852569704771087,0.12496567517518997,0.12524032592773438,0.12496567517518997,0.12496567517518997,0.12496567517518997,0.12496567517518997,0.12496567517518997,0.12496567517518997
462,,0.7783854960552489,-0.011362756457681408,0.125,0.125,0.125,0.125,0.125,0.125,0.125,0.125
463,,0.783605762832989,0.006684142672170339,0.12455349415540695,0.12455349415540695,0.12455349415540695,0.12455349415540695,0.12455349415540695,0.1281256228685379,0.12455349415540695,0.12455349415540695
464,,0.7856294802857241,0.002579241810309438,0.07037458568811417,0.5072271227836609,0.07046422362327576,0.07039596140384674,0.07037463039159775,0.07037458568811417,0.07037458568811417,0.07041428238153458
465,,0.7860685042292187,0.0005586619811673709,0.12406759709119797,0.12406759709119797,0.12406759709119797,0.12406759709119797,0.12406759709119797,0.12406759709119797,0.13152681291103363,0.12406759709119797
466,,0.7913024865468842,0.006636360827647408,0.12499892711639404,0.12500067055225372,0.12499892711639404,0.12499892711639404,0.12499892711639404,0.12499892711639404,0.12500572204589844,0.12499892711639404
467,,0.7898786654064017,-0.0018009593948993116,0.12481570988893509,0.1259424388408661,0.12481573969125748,0.1251528263092041,0.12481570988893509,0.12481570988893509,0.12482614815235138,0.12481572479009628
468,,0.7984550995791472,0.010799389542887254,0.09109684079885483,0.09117487818002701,0.09109684079885483,0.09109684079885483,0.36211684346199036,0.09109684079885483,0.091097392141819,0.0912235900759697
469,,0.7946903956008605,-0.004726135807628214,0.04389462620019913,0.6207931637763977,0.04389462620019913,0.04389463737607002,0.1155015230178833,0.04389462620019913,0.04423220083117485,0.04389462620019913
470,,0.7986589961552226,0.004981467067589816,0.09541535377502441,0.3176685571670532,0.09541535377502441,0.10983932763338089,0.09541535377502441,0.09541535377502441,0.09541535377502441,0.09541535377502441
471,,0.7937029172434595,-0.006224834785941431,0.125,0.125,0.125,0.125,0.125,0.125,0.125,0.125
472,,0.7954593490112764,0.0022105137031362535,0.12405956536531448,0.1291777491569519,0.12405956536531448,0.12410903722047806,0.1240607500076294,0.12406537681818008,0.1264084428548813,0.12405956536531448
473,,0.8052234961438194,0.012200128554286347,0.125,0.125,0.125,0.125,0.125,0.125,0.125,0.125
474,,0.8069567796330411,0.0021502361529741323,0.125,0.125,0.125,0.125,0.125,0.125,0.125,0.125
475,,0.8052241656025959,-0.0021494047583347415,0.125,0.125,0.125,0.125,0.125,0.125,0.125,0.125
476,,0.8022474338772778,-0.003703623913344048,0.0993247851729393,0.09932466596364975,0.09932466596364975,0.3047272562980652,0.09932466596364975,0.09932466596364975,0.09932466596364975,0.09932466596364975
477,,0.8020161306853462,-0.00028836058942404265,0.125,0.125,0.125,0.125,0.1250000298023224,0.125,0.125,0.125
478,,0.8060363057150205,0.005000065065356574,0.12499630451202393,0.12499630451202393,0.12499630451202393,0.12502582371234894,0.12499630451202393,0.12499630451202393,0.12499630451202393,0.12499630451202393
479,,0.8057315542656713,-0.00037815799724974595,0.12500229477882385,0.12499967217445374,0.12499967217445374,0.12499967217445374,0.12499967217445374,0.12499967217445374,0.12499967217445374,0.12499967217445374
480,,0.8078921770119188,0.0026779775180801307,0.0662875846028328,0.0662875846028328,0.0662875846028328,0.5359864234924316,0.0662875846028328,0.0662875846028328,0.0662875846028328,0.066288061439991
481,,0.7999735419812893,-0.009849950726803053,0.125,0.125,0.125,0.125,0.125,0.125,0.125,0.125
482,,0.8030667654649826,0.003859200930111793,0.12498503923416138,0.12498503923416138,0.12498986721038818,0.12498503923416138,0.12499292194843292,0.12498503923416138,0.12502163648605347,0.12505537271499634
483,,0.8124574244170696,0.011625656585731364,0.09365580976009369,0.3444092869758606,0.09365580976009369,0.09365580976009369,0.09365580976009369,0.09365580976009369,0.09365580976009369,0.09365583211183548
484,,0.8137567034677976,0.0015979191238203556,0.12446976453065872,0.12446971982717514,0.12446971982717514,0.12871187925338745,0.12446971982717514,0.12446971982717514,0.12446971982717514,0.12446971982717514
485,,0.8112510302403025,-0.0030838932779797637,0.0587257519364357,0.0587257444858551,0.0587257444858551,0.05872855335474014,0.0587257444858551,0.0587257444858551,0.0587257519364357,0.5889170169830322
486,,0.8086299530755565,-0.003236138307934367,0.05953967571258545,0.05953967571258545,0.05953967571258545,0.05953967571258545,0.05953967571258545,0.06375547498464584,0.05953967571258545,0.5790064334869385
487,,0.8058698447233925,-0.0034191531579897184,0.12499696016311646,0.1249973326921463,0.12499693036079407,0.12499693036079407,0.12499797344207764,0.12502001225948334,0.12499693036079407,0.12499693036079407
488,,0.80077230870096,-0.006345598634521946,0.12451046705245972,0.12450268119573593,0.12450268119573593,0.12450268119573593,0.12467867136001587,0.12829752266407013,0.12450268119573593,0.12450268119573593
489,,0.79947483192659,-0.001621595846974732,0.125,0.125,0.125,0.125,0.125,0.125,0.125,0.125
490,,0.7981250904462988,-0.0016897119016212677,0.09759984165430069,0.09759984165430069,0.09759984165430069,0.09759984165430069,0.3167995512485504,0.09760142117738724,0.09759984165430069,0.09759984165430069
491,,0.7985009860965527,0.0004708624802283379,0.125,0.125,0.125,0.1250000149011612,0.125,0.125,0.125,0.125
492,,0.8017962462430163,0.004118315944457634,0.09722373634576797,0.09722373634576797,0.09722373634576797,0.10817358642816544,0.30642759799957275,0.09722373634576797,0.09723476320505142,0.09926912188529968
493,,0.7997460240635841,-0.002560311191794517,0.12332595884799957,0.12332595884799957,0.12332595884799957,0.12362898886203766,0.12332995980978012,0.12332595884799957,0.13641126453876495,0.12332595884799957
494,,0.8035365319644454,0.004728442842478745,0.12499783933162689,0.1249978244304657,0.1249978244304657,0.12501530349254608,0.1249978244304657,0.1249978244304657,0.1249978244304657,0.1249978244304657
495,,0.7969252216047688,-0.008261800634431663,0.12499180436134338,0.12499193847179413,0.12499180436134338,0.12499478459358215,0.12499180436134338,0.1250542253255844,0.12499180436134338,0.12499180436134338
496,,0.7991189558178106,0.002748966006760892,0.125,0.125,0.125,0.1250000149011612,0.1250000149011612,0.125,0.125,0.125
497,,0.7958815034136982,-0.004059505853259775,0.12499728798866272,0.12499728798866272,0.12499728798866272,0.12501901388168335,0.12499731779098511,0.12499728798866272,0.12499728798866272,0.12499728798866272
498,,0.7971162631290719,0.001550234392779254,0.12499965727329254,0.12499965727329254,0.12499965727329254,0.12500229477882385,0.12499977648258209,0.12499965727329254,0.12499965727329254,0.12499965727329254
499,,0.800115804818401,0.0037559291172947263,0.1249999850988388,0.1249999850988388,0.1249999850988388,0.12500010430812836,0.1249999850988388,0.1249999850988388,0.1249999850988388,0.1249999850988388
500,,0.8030888622020714,0.003708897376515134,0.125,0.125,0.125,0.125,0.125,0.125,0.125,0.125
501,,0.8046131351556454,0.0018962138665070106,0.12499991059303284,0.12499991059303284,0.12499991059303284,0.12499991059303284,0.12500058114528656,0.12499991059303284,0.12499991059303284,0.12499991059303284
502,,0.8034052292725781,-0.0015023536260301345,0.12499004602432251,0.12499004602432251,0.12506869435310364,0.12499004602432251,0.12499094009399414,0.12499004602432251,0.12499004602432251,0.12499004602432251
503,,0.8042314717703586,0.0010278971237634633,0.12499947845935822,0.12499947845935822,0.12499947845935822,0.12499947845935822,0.12500028312206268,0.12499947845935822,0.12500283122062683,0.12499947845935822
504,,0.8034143705826177,-0.001016518982694616,0.12499995529651642,0.12499995529651642,0.12499995529651642,0.12499995529651642,0.12499995529651642,0.12500031292438507,0.12499997019767761,0.12499995529651642
505,,0.8159434221912868,0.01547440803754585,0.07887527346611023,0.07887527346611023,0.07887527346611023,0.07887527346611023,0.10832750797271729,0.4184197783470154,0.07887635380029678,0.07887527346611023
506,,0.8164158269567592,0.000578800014650368,0.06107259541749954,0.061072513461112976,0.061072513461112976,0.061072513461112976,0.06107255071401596,0.5724880695343018,0.06107668578624725,0.061072513461112976
507,,0.811380207422867,-0.00618705966967734,0.025648517534136772,0.025635357946157455,0.4522150456905365,0.025635357946157455,0.0806230753660202,0.025635438039898872,0.3071829378604889,0.057424262166023254
508,,0.8097253362703364,-0.00204165821751871,0.125,0.125,0.125,0.125,0.125,0.125,0.125,0.125
509,,0.8107930747283844,0.0013177741213110683,0.12496604770421982,0.12496604770421982,0.12496604770421982,0.12496604770421982,0.12523764371871948,0.12496604770421982,0.12496604770421982,0.12496604770421982
510,,0.8106201397538582,-0.00021331388400852802,0.1250000149011612,0.125,0.125,0.125,0.125,0.125,0.12500004470348358,0.125
511,,0.8050708884556206,-0.006869225640340159,0.12499645352363586,0.12499645352363586,0.12499645352363586,0.12502482533454895,0.12499645352363586,0.12499645352363586,0.12499648332595825,0.12499645352363586
512,,0.8061495637405446,0.0013389545106724525,0.12499997019767761,0.12499997019767761,0.12499997019767761,0.12499997019767761,0.12499997019767761,0.12499997019767761,0.1250002235174179,0.12499997019767761
513,,0.8074298998010215,0.001586951691078543,0.1250559389591217,0.12499186396598816,0.12499186396598816,0.12499186396598816,0.12499289214611053,0.12499186396598816,0.12499186396598816,0.12499186396598816
514,,0.8038137228361747,-0.0044886856161169796,0.125,0.125,0.125,0.125,0.125,0.125,0.125,0.125
515,,0.8084515786060287,0.005753232496324643,0.12496103346347809,0.12496103346347809,0.12527276575565338,0.12496103346347809,0.12496103346347809,0.12496103346347809,0.12496103346347809,0.12496103346347809
516,,0.8028737289737916,-0.006923334333583211,0.125,0.125,0.125,0.125,0.125,0.12500005960464478,0.125,0.125
517,,0.7941991773584628,-0.010863169598125945,0.12484917044639587,0.12484917044639587,0.1248493641614914,0.1252579241991043,0.12484917044639587,0.12484917044639587,0.12564682960510254,0.12484918534755707
518,,0.7863524754364914,-0.00992914894477044,0.15723131597042084,0.10176368802785873,0.10176380723714828,0.1028607115149498,0.22921742498874664,0.10176371037960052,0.10176461935043335,0.10363472998142242
519,,0.7875940619366721,0.0015776733557725214,0.12500028312206268,0.1249997615814209,0.1249997615814209,0.12499980628490448,0.12500092387199402,0.1249997615814209,0.12499997019767761,0.1249997615814209
520,,0.7847194466104268,-0.003656546246658789,0.12499997019767761,0.12499997019767761,0.12499997019767761,0.1250002384185791,0.12499997019767761,0.1249999850988388,0.12499997019767761,0.12499997019767761
521,,0.7828525999278034,-0.002381833191422253,0.12499785423278809,0.12499785423278809,0.12499809265136719,0.12501484155654907,0.12499785423278809,0.12499785423278809,0.12499785423278809,0.12499785423278809
522,,0.7804120885639468,-0.003122329013790393,0.12499237060546875,0.12499237060546875,0.12505222856998444,0.12499237060546875,0.12499354779720306,0.12499237060546875,0.12499237060546875,0.12499241530895233
523,,0.7779156045297586,-0.003204058018081195,0.12514986097812653,0.1249738559126854,0.12497449666261673,0.12497393041849136,0.12500619888305664,0.1249738559126854,0.12497388571500778,0.1249738559126854
524,,0.7857225524079364,0.009985702530256766,0.12498229742050171,0.12498229742050171,0.12511152029037476,0.1249823123216629,0.12498229742050171,0.124993696808815,0.1249832957983017,0.12498229742050171
525,,0.7907832317588998,0.0064201435661953915,0.12499940395355225,0.12499940395355225,0.12500415742397308,0.12499940395355225,0.12499940395355225,0.12499940395355225,0.12499940395355225,0.12499940395355225
526,,0.787959322946962,-0.0035774190227547335,0.12499973177909851,0.12499973177909851,0.12499973177909851,0.12499973177909851,0.12499973177909851,0.12499973177909851,0.12500183284282684,0.12499973177909851
527,,0.772816862130641,-0.019404365712313198,0.2267647087574005,0.11045022308826447,0.11053676903247833,0.11044961959123611,0.1104498952627182,0.11044961959123611,0.11044961959123611,0.11044961959123611
528,,0.7710370537459585,-0.0023056704456965345,0.12497595697641373,0.12498060613870621,0.12497472018003464,0.12516988813877106,0.12497472018003464,0.12497472018003464,0.12497472018003464,0.12497472018003464
529,,0.7667206046379952,-0.00561396709173682,0.4724677801132202,0.07536176592111588,0.07536174356937408,0.07536174356937408,0.07536174356937408,0.07536174356937408,0.07536176592111588,0.07536174356937408
530,,0.7724277075766093,0.007415957317631431,0.2717738747596741,0.11221228539943695,0.021241553127765656,0.5098049640655518,0.02124021202325821,0.02124021202325821,0.021243030205368996,0.02124396525323391
531,,0.7692430239751264,-0.004131476412280297,0.1250002086162567,0.12499997019767761,0.12499997019767761,0.12499997019767761,0.12499997019767761,0.12499997019767761,0.12499997019767761,0.12499997019767761
532,,0.7756258238693479,0.008263272603506568,0.12494810670614243,0.12536318600177765,0.12494810670614243,0.12494810670614243,0.12494810670614243,0.12494810670614243,0.12494810670614243,0.12494810670614243
533,,0.7744506695895426,-0.001516253565429373,0.12499892711639404,0.12499897181987762,0.12499892711639404,0.12500618398189545,0.12499892711639404,0.12499892711639404,0.12500008940696716,0.12499892711639404
534,,0.7840764387843426,0.012352549453671782,0.12499885261058807,0.12499885261058807,0.12499885261058807,0.12499885261058807,0.12499885261058807,0.12499885261058807,0.1250080168247223,0.12499885261058807
535,,0.784502873773094,0.0005437213099054203,0.12430573999881744,0.12430573999881744,0.1243058443069458,0.12430573999881744,0.12985672056674957,0.12430573999881744,0.12430867552757263,0.12430573999881744
536,,0.7874498034400574,0.0037493916477179604,0.12498839199542999,0.12498845160007477,0.12498839199542999,0.12498839199542999,0.12508119642734528,0.12498839199542999,0.12498839199542999,0.12498839199542999
537,,0.7883829311421956,0.0011842980422025898,0.125,0.125,0.125,0.125,0.125,0.125,0.125,0.125
538,,0.7852537273196095,-0.003977039973325505,0.07037504762411118,0.07037504762411118,0.07037504762411118,0.07037504762411118,0.50737464427948,0.07037504762411118,0.07037504762411118,0.07037504762411118
539,,0.7799675941363721,-0.006754512232090825,0.12499836087226868,0.12501154839992523,0.12499836087226868,0.12499836087226868,0.12499836087226868,0.12499836087226868,0.12499836087226868,0.12499836087226868
540,,0.7828797316728074,0.003726711955479457,0.10832370817661285,0.10832370817661285,0.10832370817661285,0.10832370817661285,0.24173401296138763,0.10832370817661285,0.10832370817661285,0.10832370817661285
541,,0.7814056638663921,-0.00188465384505044,0.125,0.125,0.125,0.12500005960464478,0.1250000149011612,0.125,0.125,0.125
542,,0.786528248357839,0.0065342074402432535,0.09827632457017899,0.09814637154340744,0.09814637154340744,0.09814637154340744,0.09814637154340744,0.312845379114151,0.09814637154340744,0.09814637154340744
543,,0.7882676542416803,0.0022090565365562352,0.12499947845935822,0.12499947845935822,0.12499947845935822,0.12499947845935822,0.1250036209821701,0.12499947845935822,0.12499947845935822,0.12499949336051941
544,,0.7923373170067466,0.0051495115252539235,0.11712687462568283,0.11712687462568283,0.11734787374734879,0.17985960841178894,0.1171581819653511,0.11712687462568283,0.11712687462568283,0.11712687462568283
545,,0.7932243473044763,0.0011188847589282947,0.125,0.125,0.12500007450580597,0.125,0.125,0.125,0.125,0.125
546,,0.7925328414432177,-0.0008721460132707072,0.11522608250379562,0.11522608250379562,0.11522610485553741,0.19341735541820526,0.11522608250379562,0.11522608250379562,0.11522608250379562,0.11522608250379562
547,,0.79674189457374,0.005296834934901369,0.1249983161687851,0.1249983161687851,0.1249983161687851,0.12501175701618195,0.1249983161687851,0.1249983161687851,0.1249983161687851,0.1249983161687851
548,,0.795285867640983,-0.001829148176026819,0.125,0.125,0.125,0.125,0.125,0.125,0.125,0.125
549,,0.7955173891670122,0.0002910749983356948,0.12217102944850922,0.12217102944850922,0.12217102944850922,0.14479851722717285,0.12217528373003006,0.12217102944850922,0.12217102944850922,0.12217102944850922
550,,0.7953773443136453,-0.00017605797640971686,0.125,0.125,0.125,0.125,0.1250000149011612,0.125,0.125,0.125
551,,0.7956227970012462,0.0003085514365139305,0.12465979903936386,0.12465979903936386,0.12498074024915695,0.12468992173671722,0.1270056962966919,0.12465979903936386,0.12468448281288147,0.12465979903936386
552,,0.794131385176178,-0.001876280344876304,0.12507501244544983,0.12496183812618256,0.12515348196029663,0.12496183812618256,0.12496183812618256,0.12496183812618256,0.12496230006217957,0.12496183812618256
553,,0.7929749336223891,-0.0014573084925172198,0.125,0.125,0.125,0.125,0.125,0.125,0.125,0.125
554,,0.7986597319602177,0.0071433760954183806,0.13280268013477325,0.12383949756622314,0.12383949756622314,0.12416030466556549,0.12383949756622314,0.12383949756622314,0.12383949756622314,0.12383949756622314
555,,0.7999206675144546,0.001577569468712994,0.06676491349935532,0.0665154680609703,0.23802100121974945,0.3626367151737213,0.0665154680609703,0.0665154904127121,0.0665154755115509,0.0665154680609703
556,,0.79946444258664,-0.0005705004220775272,0.125,0.125,0.125,0.125,0.125,0.125,0.125,0.125
557,,0.7947864518002303,-0.0058685922383385465,0.125,0.1250000149011612,0.125,0.125,0.125,0.125,0.125,0.125
558,,0.7955600179657661,0.0009728272942408857,0.125,0.125,0.125,0.125,0.125,0.125,0.125,0.125
559,,0.7968796742614576,0.0016574022918696288,0.125,0.125,0.125,0.125,0.125,0.125,0.125,0.125
560,,0.7911726508632367,-0.007187481012543864,0.12272406369447708,0.12272869795560837,0.12273344397544861,0.12272406369447708,0.1409149467945099,0.12272406369447708,0.12272406369447708,0.12272672355175018
561,,0.7905785161267943,-0.000751236701174756,0.12499892711639404,0.12499892711639404,0.12500756978988647,0.12499892711639404,0.12499892711639404,0.12499892711639404,0.12499892711639404,0.12499892711639404
562,,0.7924580187508654,0.002374554807541775,0.12499240040779114,0.12499240040779114,0.12499240040779114,0.12505322694778442,0.12499240040779114,0.12499240040779114,0.12499240040779114,0.12499240040779114
563,,0.7965547443137827,0.005156326915701386,0.12499715387821198,0.12499715387821198,0.12499715387821198,0.12499715387821198,0.12501993775367737,0.12499715387821198,0.12499715387821198,0.12499715387821198
564,,0.7970667953692162,0.0006426256928693688,0.1248941719532013,0.1248941719532013,0.1248941719532013,0.1248941719532013,0.12574084103107452,0.1248941719532013,0.1248941719532013,0.1248941719532013
565,,0.7965462554708076,-0.000653282698264987,0.07082327455282211,0.07082327455282211,0.07082328200340271,0.07082327455282211,0.5042371153831482,0.07082327455282211,0.07082327455282211,0.07082327455282211
566,,0.801261751981042,0.005902474112757435,0.12499307096004486,0.12499293684959412,0.12499293684959412,0.12504933774471283,0.12499293684959412,0.12499293684959412,0.12499293684959412,0.12499293684959412
567,,0.8068471027350783,0.006946511359941186,0.08022245764732361,0.08022245764732361,0.08022245764732361,0.08022739738225937,0.43843790888786316,0.0802224725484848,0.08022245764732361,0.08022245764732361
568,,0.8081126681366263,0.0015673030170035305,0.125,0.125,0.125,0.125,0.125,0.125,0.125,0.125
569,,0.8094230600013883,0.0016202327140377667,0.12499985098838806,0.12500104308128357,0.12499985098838806,0.12499985098838806,0.12499985098838806,0.12499985098838806,0.12499985098838806,0.12499985098838806
570,,0.8102092977251092,0.00097088426485199,0.12499839067459106,0.12499839067459106,0.12499839067459106,0.12499839067459106,0.12501129508018494,0.12499839067459106,0.12499839067459106,0.12499839067459106
571,,0.8122518213687507,0.0025178103790963395,0.125,0.125,0.125,0.125,0.12500005960464478,0.125,0.125,0.125
572,,0.811134652721885,-0.001376343638501643,0.125,0.125,0.125,0.125,0.125,0.125,0.125,0.125
573,,0.8116701557318449,0.0006599721994998737,0.12493830919265747,0.12493830919265747,0.12493830919265747,0.12493830919265747,0.12543173134326935,0.12493830919265747,0.12493844330310822,0.12493830919265747
574,,0.8148391965737947,0.0038967434740053083,0.12499994039535522,0.12499994039535522,0.12499994039535522,0.1249999850988388,0.12499994039535522,0.12499994039535522,0.12500041723251343,0.12499994039535522
575,,0.8162002016430445,0.0016688810664204983,0.10217251628637314,0.10217251628637314,0.10217251628637314,0.10217251628637314,0.28226664662361145,0.10217253118753433,0.10469822585582733,0.10217251628637314
576,,0.8077373336833483,-0.010422746427297687,0.125,0.125,0.125,0.125,0.125,0.125,0.12500004470348358,0.125
577,,0.8059739432989488,-0.00218551002456049,0.125,0.125,0.125,0.125,0.125,0.125,0.125,0.125
578,,0.8107745347178764,0.005938592913723224,0.1278480440378189,0.12459313869476318,0.12459313869476318,0.12459313869476318,0.12459313869476318,0.12459313869476318,0.12459313869476318,0.12459313869476318
579,,0.8126009172870488,0.0022501058981694647,0.12496281415224075,0.12518183887004852,0.12504121661186218,0.12496281415224075,0.12496282905340195,0.12496281415224075,0.12496281415224075,0.12496281415224075
580,,0.8129569511510606,0.00043804514944394444,0.125,0.12500004470348358,0.125,0.125,0.1250000149011612,0.125,0.125,0.125
581,,0.8163406701677614,0.004153598258772536,0.08834632486104965,0.08834632486104965,0.08834632486104965,0.08834632486104965,0.38157573342323303,0.08834632486104965,0.08834632486104965,0.08834632486104965
582,,0.8147097291619045,-0.0019998665278540073,0.125,0.125,0.125,0.12500004470348358,0.125,0.125,0.125,0.125
583,,0.8103950576575464,-0.005310034992890693,0.1249876618385315,0.1249876618385315,0.12508639693260193,0.1249876618385315,0.1249876618385315,0.1249876618385315,0.1249876618385315,0.1249876618385315
584,,0.8112121877603734,0.0010078028132852457,0.125,0.125,0.125,0.125,0.125,0.125,0.125,0.125
585,,0.8155999929118019,0.005394372926033768,0.125,0.125,0.125,0.125,0.125,0.125,0.125,0.125
586,,0.8158668701484852,0.0003271623164484197,0.12495826184749603,0.125291109085083,0.12495826184749603,0.12495867908000946,0.12495891749858856,0.12495826184749603,0.12495826184749603,0.12495826184749603
587,,0.8189673693473444,0.0037930486666476536,0.1250000149011612,0.125,0.125,0.125,0.125,0.125,0.125,0.125
588,,0.8104836946749489,-0.010413017631897583,0.12284499406814575,0.12284499406814575,0.12284845113754272,0.12284506857395172,0.12284499406814575,0.12284499406814575,0.12284763157367706,0.14007888734340668
589,,0.8076277882840301,-0.0035299290394668107,0.08555173873901367,0.08555173873901367,0.08555179089307785,0.08555173873901367,0.08555173873901367,0.40113773941993713,0.08555173873901367,0.08555173873901367
590,,0.8043343815257158,-0.004086214183603318,0.028239751234650612,0.033579353243112564,0.028301453217864037,0.1484973132610321,0.15441659092903137,0.10397952049970627,0.14349812269210815,0.3594878613948822
591,,0.7997622888422663,-0.005700535571414432,0.10719335079193115,0.13578374683856964,0.22105808556079865,0.10719297081232071,0.10719297081232071,0.10719297081232071,0.10719297081232071,0.10719297081232071
592,,0.8119476332999219,0.015121302505858756,0.1249195858836174,0.1249195858836174,0.1249195858836174,0.1249195858836174,0.1249195858836174,0.1249195858836174,0.1249195858836174,0.1255628615617752
593,,0.8117150715268142,-0.00028646562368732945,0.060863204300403595,0.060863204300403595,0.060863204300403595,0.060863204300403595,0.060863204300403595,0.060863204300403595,0.060863204300403595,0.5739575624465942
594,,0.8158505024684549,0.005081748971861517,0.12496130168437958,0.12496131658554077,0.12496130168437958,0.12496133148670197,0.12496130168437958,0.12496130168437958,0.12496130168437958,0.12527088820934296
595,,0.8133819951576251,-0.0030302724790467407,0.08753014355897903,0.08753014355897903,0.08753014355897903,0.08753014355897903,0.08753016591072083,0.08753014355897903,0.08753014355897903,0.38728901743888855
596,,0.8085211980414828,-0.005993960292530376,0.12499994039535522,0.12499994039535522,0.12499994039535522,0.12500034272670746,0.12499995529651642,0.12499994039535522,0.12499994039535522,0.1249999850988388
597,,0.8037089350956604,-0.005969715040454474,0.1249978244304657,0.1249978244304657,0.1249978244304657,0.1249978244304657,0.12501512467861176,0.1249978244304657,0.1249978244304657,0.12499798834323883
598,,0.8027311241022056,-0.0012173639577946868,0.12489470839500427,0.12489470839500427,0.12489470839500427,0.12489470839500427,0.12489470839500427,0.12489661574363708,0.12489470839500427,0.1257351040840149
599,,0.7966300611966707,-0.00762941173734883,0.12499907612800598,0.12499907612800598,0.12499907612800598,0.12499907612800598,0.12499907612800598,0.12500648200511932,0.12499907612800598,0.12499907612800598
600,,0.7832249427236122,-0.016970469008280985,0.09792681038379669,0.09839987754821777,0.09792681038379669,0.09792683273553848,0.2821316719055176,0.09826637804508209,0.12949475646018982,0.09792681038379669
601,,0.7896234892885987,0.008136298111143303,0.12499438226222992,0.12499438226222992,0.12499438226222992,0.12499438226222992,0.12499438226222992,0.12503933906555176,0.12499438226222992,0.12499438226222992
602,,0.7911931422029105,0.001985876665132023,0.10255498439073563,0.10255498439073563,0.10255498439073563,0.10255506634712219,0.10255498439073563,0.28211504220962524,0.10255498439073563,0.10255498439073563
603,,0.7907745028060412,-0.0005292641830729094,0.11096026003360748,0.11096026003360748,0.11096026003360748,0.12991087138652802,0.11096028238534927,0.20432738959789276,0.11096028238534927,0.1109604686498642
604,,0.7911685106449379,0.0004981315302683096,0.12406323105096817,0.12406323105096817,0.12406323105096817,0.12406323105096817,0.13155588507652283,0.12406474351882935,0.12406323105096817,0.12406323105096817
605,,0.8015346937176809,0.013017277070390257,0.125,0.125,0.125,0.125,0.125,0.125,0.125,0.125
606,,0.7992963372016627,-0.002796494984816124,0.125,0.125,0.125,0.125,0.125,0.125,0.125,0.125
607,,0.795050558855183,-0.005326053437413215,0.125,0.125,0.125,0.125,0.125,0.125,0.125,0.125
608,,0.8016675742123189,0.008288317268245176,0.125,0.125,0.125,0.125,0.125,0.125,0.125,0.125
609,,0.8004734215012203,-0.001490696431123601,0.12498638033866882,0.12509511411190033,0.12498638033866882,0.12498638033866882,0.1249866634607315,0.12498638033866882,0.12498639523983002,0.12498638033866882
610,,0.7944088382231115,-0.00760509118599427,0.12214312702417374,0.12214312702417374,0.12214312702417374,0.12214312702417374,0.14499789476394653,0.12214312702417374,0.12214338779449463,0.12214312702417374
611,,0.793963538433707,-0.0005606995029816714,0.12499965727329254,0.12499965727329254,0.12499965727329254,0.12499965727329254,0.12499965727329254,0.12500238418579102,0.12499965727329254,0.12499965727329254
612,,0.797038142215732,0.003864996054797479,0.125,0.125,0.125,0.125,0.125,0.125,0.1250000149011612,0.125
613,,0.7958043899965197,-0.0015491204447259548,0.1249999850988388,0.1249999850988388,0.1249999850988388,0.1249999850988388,0.1249999850988388,0.12500008940696716,0.125,0.1249999850988388
614,,0.8005921997117973,0.005998289023383814,0.125,0.125,0.125,0.125,0.125,0.125,0.125,0.125
615,,0.8044422432908742,0.004797468341127449,0.12494491785764694,0.12494491785764694,0.12494491785764694,0.12494491785764694,0.12538550794124603,0.12494491785764694,0.12494491785764694,0.12494491785764694
616,,0.802972565722458,-0.0018286231652321528,0.12497640401124954,0.12497640401124954,0.12497640401124954,0.12497658282518387,0.12497640401124954,0.12497640401124954,0.12516510486602783,0.12497640401124954
617,,0.8166946111260712,0.016944683356702912,0.6574409008026123,0.04084145277738571,0.040887635201215744,0.04084145277738571,0.09694386273622513,0.04103277623653412,0.04114018753170967,0.04087170585989952
618,,0.8164296203565387,-0.0003245200417088343,0.005512958392500877,0.20917099714279175,0.24554143846035004,0.15690535306930542,0.005566826555877924,0.17119799554347992,0.1852537989616394,0.020850718021392822
619,,0.8164174258701415,-1.493647114776246e-05,0.05509811267256737,0.05506141111254692,0.055063020437955856,0.05506141111254692,0.6145318150520325,0.05506141111254692,0.05506141111254692,0.05506141111254692
620,,0.8182009592916659,0.0021822024583607246,0.035180386155843735,0.035180386155843735,0.035180386155843735,0.7537372708320618,0.035180386155843735,0.035180386155843735,0.035180386155843735,0.035180386155843735
621,,0.8159208124750188,-0.002790671216586117,0.07964389026165009,0.07964389026165009,0.44249099493026733,0.07964418083429337,0.07964389771223068,0.07964389026165009,0.07964543998241425,0.07964389026165009
622,,0.8131244267777938,-0.003433162415016302,0.12499962747097015,0.12499962747097015,0.12499962747097015,0.12499962747097015,0.12500259280204773,0.12499962747097015,0.12499962747097015,0.12499962747097015
623,,0.807614534078921,-0.006799261397140876,0.09021171182394028,0.09021171927452087,0.09021171182394028,0.09021171182394028,0.36851805448532104,0.09021171182394028,0.09021171182394028,0.09021171182394028
624,,0.8030197724809932,-0.005705545999789466,0.12494100630283356,0.12494100630283356,0.1254129558801651,0.12494100630283356,0.12494100630283356,0.12494100630283356,0.12494100630283356,0.12494100630283356
625,,0.808001732816307,0.0061848661858176475,0.12499856948852539,0.12501002848148346,0.12499856948852539,0.12499856948852539,0.12499856948852539,0.12499856948852539,0.12499856948852539,0.12499856948852539
626,,0.8062938492257425,-0.0021159498257705533,0.125,0.125,0.125,0.125,0.12500004470348358,0.125,0.125,0.125
627,,0.797079748780669,-0.011493518277879772,0.125,0.125,0.125,0.125,0.125,0.125,0.125,0.125
628,,0.7965927392812426,-0.00061117891942577,0.12499131262302399,0.12499092519283295,0.12499092519283295,0.12506316602230072,0.12499092519283295,0.12499092519283295,0.12499092519283295,0.12499092519283295
629,,0.7809238605434231,-0.01986590068422367,0.02625570446252823,0.040273550897836685,0.0578366219997406,0.20788614451885223,0.009551959112286568,0.4152262508869171,0.2183968424797058,0.02457297220826149
630,,0.7807292050957361,-0.00024929410120364567,0.12796935439109802,0.10914984345436096,0.23026084899902344,0.012627944350242615,0.10080382972955704,0.24843135476112366,0.16652825474739075,0.004228552803397179
631,,0.7869176988073362,0.007895305815672375,0.009796582162380219,0.2837029993534088,0.1601172238588333,0.29211151599884033,0.20771390199661255,0.02696456015110016,0.009796582162380219,0.009796582162380219
632,,0.7944218348004356,0.009490931154487596,0.12482593208551407,0.12482593208551407,0.12620307505130768,0.12482593208551407,0.12482593208551407,0.12482593208551407,0.12484133243560791,0.12482593208551407
633,,0.7969755414583422,0.003209391806191023,0.4782952070236206,0.02638966776430607,0.026416998356580734,0.026389745995402336,0.026392444968223572,0.19164887070655823,0.02638966776430607,0.19807744026184082
634,,0.7967983194066119,-0.00022239297156552968,0.04652821645140648,0.0466461218893528,0.04652821645140648,0.567902684211731,0.04652821645140648,0.15281008183956146,0.04652821645140648,0.04652821645140648
635,,0.7935006785168741,-0.0041472020298879255,0.12499774992465973,0.12499774992465973,0.12499776482582092,0.12499774992465973,0.12499774992465973,0.12499774992465973,0.1250157207250595,0.12499774992465973
636,,0.7976052854986109,0.0051594503193686655,0.125030517578125,0.1249956488609314,0.12499560415744781,0.12499558925628662,0.12499558925628662,0.12499594688415527,0.12499558925628662,0.12499558925628662
637,,0.7979801668858717,0.000469898235282358,0.125,0.125,0.125,0.125,0.125,0.125,0.125,0.125
638,,0.7983216103825757,0.00042779317391413265,0.10431399941444397,0.10425639152526855,0.10534332692623138,0.2670924961566925,0.10425649583339691,0.10425639152526855,0.10622449219226837,0.10425639152526855
639,,0.7899358790206831,-0.010559760418050351,0.12499231100082397,0.1250539869070053,0.1249922662973404,0.1249922662973404,0.12499232590198517,0.1249922662973404,0.1249922662973404,0.12499229609966278
640,,0.7907063883094961,0.0009749319827373042,0.1249978244304657,0.1249978244304657,0.1249978244304657,0.12499783933162689,0.1249978244304657,0.1250152289867401,0.12499785423278809,0.1249978244304657
641,,0.7952954399542851,0.005786959850689195,0.26074257493019104,0.0324285514652729,0.3206081986427307,0.03499415144324303,0.0324285514652729,0.24657538533210754,0.0324285514652729,0.03979405388236046
642,,0.7883167632841145,-0.008813675256667194,0.6107783913612366,0.052349891513586044,0.05234864726662636,0.05234866589307785,0.05234864726662636,0.07512848824262619,0.05234864726662636,0.05234864726662636
643,,0.784881956405523,-0.004366660477700413,0.014168712310492992,0.015081905759871006,0.30984431505203247,0.13531246781349182,0.014179067686200142,0.019075877964496613,0.19846618175506592,0.29387152194976807
644,,0.7825464929064568,-0.0029799959652477824,0.10080536454916,0.1008053794503212,0.2942988872528076,0.10086887329816818,0.10080536454916,0.10080536454916,0.10080536454916,0.10080536454916
645,,0.7823276688127989,-0.00027966989351243924,0.07030615955591202,0.07378683239221573,0.07030615955591202,0.5043704509735107,0.07030615955591202,0.07031191140413284,0.07030616700649261,0.07030615955591202
646,,0.7779076352618112,-0.005665870223287677,0.12329249083995819,0.12329249083995819,0.12371547520160675,0.12329249083995819,0.12329249083995819,0.12329249083995819,0.13652962446212769,0.12329249083995819
647,,0.7775065160675354,-0.0005157715748247296,0.12499658763408661,0.12502038478851318,0.12499648332595825,0.12499648332595825,0.12499648332595825,0.12500055134296417,0.12499648332595825,0.12499648332595825
648,,0.7756130894516697,-0.0024382250370968287,0.021685969084501266,0.11321377754211426,0.30366384983062744,0.021286893635988235,0.07057099789381027,0.03677522391080856,0.41206490993499756,0.02073839120566845
649,,0.7804486636890807,0.0062151643962232,0.16539320349693298,0.13219329714775085,0.03274519741535187,0.015280143357813358,0.013512440957129002,0.6133002042770386,0.013390298932790756,0.014185209758579731
650,,0.7811843661212513,0.000942221985005725,0.017238100990653038,0.017229018732905388,0.11163441091775894,0.01722901500761509,0.15892288088798523,0.5477184057235718,0.11279918253421783,0.01722901687026024
651,,0.7778509694156782,-0.004276236348446013,0.05038904771208763,0.6473192572593689,0.05037799850106239,0.05040156841278076,0.0503782220184803,0.050377968698740005,0.050377968698740005,0.050377968698740005
652,,0.7789195122842607,0.0013727688814100614,0.12458518892526627,0.12458518892526627,0.12458518892526627,0.12458518892526627,0.12458518892526627,0.12458518892526627,0.12458518892526627,0.12790371477603912
653,,0.7783332940949688,-0.0007528876680543007,0.1249999850988388,0.1249999850988388,0.1249999850988388,0.12500010430812836,0.1249999850988388,0.1249999850988388,0.1249999850988388,0.1249999850988388
654,,0.7776632215108312,-0.000861277797011333,0.11667533963918686,0.11667533963918686,0.11667533963918686,0.11667533963918686,0.18327262997627258,0.11667533963918686,0.11667533963918686,0.11667533963918686
655,,0.7784771885789239,0.00104613585901222,0.12499997019767761,0.12499997019767761,0.12499997019767761,0.12499997019767761,0.12500014901161194,0.12499997019767761,0.12499997019767761,0.12499997019767761
656,,0.7762753790656262,-0.002832361921862965,0.125,0.125,0.125,0.125,0.125,0.125,0.125,0.125
657,,0.7697688672719585,-0.008417029748803422,0.125,0.125,0.125,0.125,0.125,0.125,0.125,0.125
658,,0.7695242643845207,-0.00031781196767029235,0.125,0.125,0.125,0.125,0.125,0.125,0.125,0.125
659,,0.7716642267870965,0.002777030571014957,0.125,0.125,0.125,0.125,0.125,0.125,0.125,0.125
660,,0.77505098001445,0.0043792918374507515,0.12499997019767761,0.12499997019767761,0.12499997019767761,0.12499997019767761,0.12499997019767761,0.12499997019767761,0.12500019371509552,0.12499997019767761
661,,0.7781254605086843,0.003958963617586194,0.125,0.125,0.125,0.125,0.125,0.125,0.125,0.12500004470348358
662,,0.7788012907721864,0.0008681594113455667,0.125,0.125,0.125,0.125,0.125,0.125,0.125,0.125
663,,0.7770466556574663,-0.002255536426462003,0.125,0.125,0.125,0.125,0.125,0.125,0.1250000149011612,0.1250000298023224
664,,0.7762783632417155,-0.00098922307830609,0.12497616559267044,0.12497616559267044,0.1251669079065323,0.12497616559267044,0.12497616559267044,0.12497616559267044,0.12497616559267044,0.12497616559267044
665,,0.774454424690328,-0.002352358067951663,0.12499858438968658,0.12499858438968658,0.12500987946987152,0.12499858438968658,0.12499858438968658,0.12499858438968658,0.12499858438968658,0.12499858438968658
666,,0.7717877482585803,-0.0034492385762622266,0.15608063340187073,0.11993690580129623,0.1242242157459259,0.12001056969165802,0.11993690580129623,0.11993690580129623,0.11993690580129623,0.11993690580129623
667,,0.7723986941298471,0.0007912851536238332,0.12489072233438492,0.12489072233438492,0.12489072233438492,0.12576496601104736,0.12489072233438492,0.12489072233438492,0.12489072233438492,0.12489073723554611
668,,0.7721043637737273,-0.0003811327639354438,0.125,0.125,0.125,0.125,0.125,0.125,0.125,0.125
669,,0.7747614778972548,0.003435484403807075,0.125,0.125,0.125,0.125,0.125,0.125,0.125,0.125
670,,0.7739339852999655,-0.0010686318849658025,0.125,0.125,0.125,0.125,0.125,0.125,0.125,0.125
671,,0.7751564380966585,0.001578284949656606,0.12499327957630157,0.12499327957630157,0.12499327957630157,0.12499327957630157,0.12499327957630157,0.12499327957630157,0.12499327957630157,0.12504704296588898
672,,0.7812999830963432,0.007894312775565956,0.12499210238456726,0.12505429983139038,0.12499210238456726,0.12499210238456726,0.12499299645423889,0.12499210238456726,0.12499210238456726,0.12499210238456726
673,,0.7825655992758024,0.0016185744734439097,0.125,0.1250000149011612,0.125,0.125,0.125,0.125,0.125,0.125
674,,0.7836997495217343,0.0014482226080380957,0.125,0.125,0.125,0.125,0.125,0.125,0.125,0.125
675,,0.7819337237482301,-0.002255989735362164,0.09529702365398407,0.3329208791255951,0.09529702365398407,0.09529702365398407,0.09529702365398407,0.09529704600572586,0.09529702365398407,0.09529702365398407
676,,0.7824276116405735,0.0006314243360276609,0.125,0.125,0.125,0.125,0.125,0.125,0.125,0.125
677,,0.7803277260821117,-0.002687415965366176,0.125,0.125,0.125,0.125,0.125,0.125,0.125,0.125
678,,0.7822019240365792,0.002398929009938902,0.125,0.125,0.125,0.125,0.125,0.125,0.125,0.125
679,,0.7862625304887633,0.005177822822168388,0.12499527633190155,0.12499526143074036,0.12499542534351349,0.12499526143074036,0.12499526143074036,0.1250329613685608,0.12499526143074036,0.12499526143074036
680,,0.7950977711638669,0.011174344772360527,0.03768101707100868,0.03768101707100868,0.2730405628681183,0.03768101707100868,0.03774308040738106,0.500810444355011,0.03768101707100868,0.03768189996480942
681,,0.795741650193709,0.0008094834165624309,0.11544504016637802,0.03800548240542412,0.038005437701940536,0.03800538554787636,0.038017019629478455,0.17633843421936035,0.5181778073310852,0.03800538554787636
682,,0.793496625044568,-0.002825286399757264,0.21777260303497314,0.1417437046766281,0.11668273061513901,0.03977057710289955,0.08847873657941818,0.12427670508623123,0.07421300560235977,0.1970619559288025
683,,0.7938230881217506,0.0004113387858511816,0.40922030806541443,0.07461180537939072,0.07461181282997131,0.143093541264534,0.07462534308433533,0.074613556265831,0.07461180537939072,0.07461180537939072
684,,0.7979836244328145,0.00522745098706336,0.0862627848982811,0.07613202929496765,0.4544026553630829,0.0785815566778183,0.07613235712051392,0.07613225281238556,0.07622433453798294,0.07613202929496765
685,,0.7914572430962151,-0.008212218709663441,0.08491706103086472,0.038007330149412155,0.038007330149412155,0.05649604648351669,0.6685502529144287,0.038007330149412155,0.038007330149412155,0.038007330149412155
686,,0.7897085436857907,-0.002211912423112653,0.09025789052248001,0.09013000130653381,0.09040256589651108,0.368693470954895,0.09012902528047562,0.09012902528047562,0.09012904018163681,0.09012902528047562
687,,0.7884077514451964,-0.0016485382467720253,0.12420302629470825,0.12420302629470825,0.13057489693164825,0.12420690804719925,0.12420302629470825,0.12420302629470825,0.12420302629470825,0.12420302629470825
688,,0.7921028808631263,0.0046758763590233916,0.12499925494194031,0.12500470876693726,0.12499925494194031,0.12499925494194031,0.12499925494194031,0.1249997466802597,0.12499925494194031,0.12499925494194031
689,,0.7928494757841924,0.0009421039984646026,0.1249999850988388,0.1249999850988388,0.1249999850988388,0.1249999850988388,0.12500013411045074,0.1249999850988388,0.1249999850988388,0.1249999850988388
690,,0.7951289933009037,0.0028709697603918794,0.12499237060546875,0.12499237060546875,0.12499241530895233,0.1250050961971283,0.1250407099723816,0.12499237060546875,0.12499237060546875,0.12499237060546875
691,,0.7962963567221785,0.00146706677838547,0.1249999850988388,0.1249999850988388,0.1249999850988388,0.1249999850988388,0.1249999850988388,0.1249999850988388,0.12500010430812836,0.1249999850988388
692,,0.7975801871594825,0.001610953771644417,0.1250000149011612,0.125,0.125,0.125,0.125,0.125,0.125,0.12500004470348358
693,,0.7992928189470448,0.0021449826475337477,0.12499386072158813,0.1249937117099762,0.1249937117099762,0.1249937117099762,0.12499493360519409,0.1249937117099762,0.1249937117099762,0.1250426322221756
694,,0.797919099599306,-0.0017201470518886362,0.125,0.125,0.125,0.125,0.125,0.125,0.125,0.125
695,,0.804700895067249,0.008463436088393702,0.125,0.125,0.125,0.125,0.125,0.125,0.12500004470348358,0.125
696,,0.8060153267659875,0.00163210871375244,0.12495820224285126,0.12495821714401245,0.12495820224285126,0.12495820224285126,0.12495820224285126,0.12528738379478455,0.12496347725391388,0.12495820224285126
697,,0.8024532226766574,-0.00442919435874404,0.125,0.125,0.125,0.125,0.125,0.125,0.125,0.125
698,,0.8079584724091952,0.006837097861345715,0.12327899783849716,0.12327899783849716,0.12327899783849716,0.12327899783849716,0.12327901273965836,0.12327899783849716,0.13704702258110046,0.12327899783849716
699,,0.8065202409685549,-0.0017816671216232443,0.0805264338850975,0.0805698037147522,0.0805264338850975,0.0805264338850975,0.4362715780735016,0.0805264338850975,0.0805264338850975,0.0805264338850975
700,,0.8046752161947487,-0.002290256681242765,0.125,0.125,0.125,0.125,0.125,0.125,0.125,0.125
701,,0.8093284484462783,0.005766089936397646,0.12497565895318985,0.12497565895318985,0.12497565895318985,0.12497565895318985,0.12497565895318985,0.12517042458057404,0.12497565895318985,0.12497565895318985
702,,0.8063922428191858,-0.003634550049679531,0.125,0.125,0.125,0.125,0.125,0.125,0.125,0.125
703,,0.803228841639557,-0.003930621042421276,0.06740561127662659,0.06711262464523315,0.14921264350414276,0.06711262464523315,0.2507036626338959,0.06711262464523315,0.26422759890556335,0.06711262464523315
704,,0.8053700105534064,0.002662155546712962,0.125,0.125,0.125,0.125,0.125,0.1250000149011612,0.125,0.125
705,,0.7971370759662706,-0.010275158333586313,0.12499769032001495,0.12499769032001495,0.12499769032001495,0.12499769032001495,0.12501613795757294,0.12499769032001495,0.12499769032001495,0.12499769032001495
706,,0.8021632142459104,0.006285442274478282,0.1249999850988388,0.1249999850988388,0.12500011920928955,0.1249999850988388,0.1249999850988388,0.1249999850988388,0.1249999850988388,0.1249999850988388
707,,0.7987535077050085,-0.004259699021090645,0.1249999850988388,0.1249999850988388,0.1249999850988388,0.1249999850988388,0.12500010430812836,0.1249999850988388,0.1249999850988388,0.1249999850988388
708,,0.8012029234408107,0.0030618554377074814,0.125,0.125,0.125,0.125,0.125,0.125,0.125,0.125
709,,0.8042033717400704,0.0037379345052106446,0.11319027096033096,0.11319027096033096,0.11319031566381454,0.11319027096033096,0.20766805112361908,0.11319027096033096,0.11319027096033096,0.11319027096033096
710,,0.8037273418315134,-0.0005921025308448535,0.12499378621578217,0.12499378621578217,0.12499378621578217,0.12504349648952484,0.12499378621578217,0.12499378621578217,0.12499378621578217,0.12499378621578217
711,,0.7999076108922811,-0.004763849972930991,0.125,0.125,0.125,0.1250000149011612,0.125,0.125,0.125,0.125
712,,0.8018030270376771,0.0023667408897328863,0.12496498972177505,0.12496498972177505,0.1249653622508049,0.12496810406446457,0.12524130940437317,0.12496530264616013,0.12496498972177505,0.12496498972177505
713,,0.8035735852897256,0.0022057864258632535,0.11956996470689774,0.11956996470689774,0.11957220733165741,0.11956996470689774,0.1630079448223114,0.11956996470689774,0.11956996470689774,0.11956996470689774
714,,0.8043682101238693,0.0009883752025084491,0.125,0.125,0.125,0.125,0.1250000149011612,0.125,0.125,0.125
715,,0.8087991206579348,0.005493443355171999,0.12499985098838806,0.12499985098838806,0.12499985098838806,0.12499985098838806,0.12499985098838806,0.12500104308128357,0.12499985098838806,0.12499985098838806
716,,0.8088192613089321,2.4901609950565934e-05,0.05541462451219559,0.4441024959087372,0.055411964654922485,0.055411964654922485,0.08484549075365067,0.193989560008049,0.055411964654922485,0.055411964654922485
717,,0.811956190061276,0.0038709034822084266,0.03501182049512863,0.03501084819436073,0.4753149151802063,0.03501084819436073,0.035025693476200104,0.03501084819436073,0.3146042227745056,0.03501084819436073
718,,0.8129309027542242,0.001199729894059543,0.417989581823349,0.06326340138912201,0.06326340138912201,0.06326340138912201,0.06326340138912201,0.10357629507780075,0.162117138504982,0.0632634088397026
719,,0.8138018850196953,0.0010708364093304727,0.125,0.125,0.1250000149011612,0.125,0.125,0.125,0.125,0.125
720,,0.8076773783245713,-0.007554257348893364,0.12494894117116928,0.12535741925239563,0.12494894117116928,0.12494894117116928,0.12494894117116928,0.12494894117116928,0.12494894117116928,0.12494894117116928
721,,0.8104123605834757,0.0033805107315379806,0.12455618381500244,0.12810668349266052,0.12455618381500244,0.12455618381500244,0.12455618381500244,0.12455618381500244,0.12455618381500244,0.12455618381500244
722,,0.8086151228725512,-0.002220145695501578,0.12499776482582092,0.12501564621925354,0.12499776482582092,0.12499776482582092,0.12499776482582092,0.12499776482582092,0.12499776482582092,0.12499776482582092
723,,0.7967920837323552,-0.014729288424001544,0.125,0.125,0.125,0.125,0.125,0.125,0.125,0.125
724,,0.7942859327461937,-0.0031502579167309425,0.125,0.1250000149011612,0.125,0.125,0.125,0.125,0.1250000298023224,0.125
725,,0.7880807650711356,-0.007842934878598983,0.125,0.125,0.125,0.125,0.125,0.125,0.12500007450580597,0.125
726,,0.7873557402786828,-0.0009204113795444378,0.12499892711639404,0.12499892711639404,0.12499892711639404,0.12499892711639404,0.1250074803829193,0.12499892711639404,0.12499895691871643,0.12499892711639404
727,,0.7960616439320074,0.010996458000228351,0.1247340589761734,0.1247340589761734,0.1268615573644638,0.1247340589761734,0.1247340589761734,0.1247340589761734,0.1247340589761734,0.1247340589761734
728,,0.7952609405687133,-0.0010063370414854231,0.125,0.125,0.125,0.125,0.125,0.125,0.125,0.125
729,,0.7962932160353131,0.0012971919391719208,0.1249999850988388,0.12500010430812836,0.1249999850988388,0.1249999850988388,0.1249999850988388,0.1249999850988388,0.1249999850988388,0.1249999850988388
730,,0.7926469467360574,-0.004589569557304186,0.1249997466802597,0.1249997466802597,0.12500177323818207,0.1249997466802597,0.1249997466802597,0.1249997466802597,0.1249997466802597,0.1249997466802597
731,,0.7968614047191936,0.005302857144797355,0.125,0.125,0.125,0.125,0.125,0.125,0.125,0.125
732,,0.7946112697213892,-0.0028277412905726943,0.125,0.125,0.125,0.125,0.125,0.125,0.125,0.125
733,,0.7978780027633366,0.00410268085383591,0.125,0.125,0.125,0.125,0.125,0.125,0.125,0.125
734,,0.7984367493726471,0.0007000456913416257,0.125,0.125,0.125,0.125,0.125,0.125,0.125,0.125
735,,0.8040351159463262,0.006987192064012284,0.125,0.125,0.125,0.125,0.125,0.125,0.125,0.125
736,,0.807221492247937,0.003955149588423522,0.125,0.125,0.125,0.125,0.125,0.125,0.125,0.125
737,,0.8095697616165818,0.002904853690036427,0.125,0.125,0.125,0.125,0.125,0.125,0.125,0.125
738,,0.8118571457318052,0.0028214477288651804,0.125,0.125,0.125,0.125,0.125,0.125,0.125,0.125
739,,0.807453726823884,-0.00543864657066296,0.125,0.125,0.125,0.125,0.125,0.125,0.125,0.125
740,,0.8052709270293227,-0.0027069730995369734,0.125,0.125,0.125,0.125,0.125,0.125,0.125,0.125
741,,0.805840457213594,0.0007070028969628499,0.125,0.125,0.125,0.125,0.125,0.125,0.125,0.125
742,,0.8061555645503836,0.0003909530005643413,0.125,0.125,0.125,0.125,0.125,0.125,0.125,0.125
743,,0.8071856579846911,0.0012769692609301522,0.125,0.125,0.125,0.125,0.125,0.125,0.125,0.125
744,,0.8064152519616928,-0.0009548904896971692,0.12499995529651642,0.12500031292438507,0.12499995529651642,0.12499995529651642,0.12499995529651642,0.12499995529651642,0.12499995529651642,0.12499995529651642
745,,0.8022728404262619,-0.005150060736865701,0.12499752640724182,0.12501734495162964,0.12499752640724182,0.12499752640724182,0.12499754130840302,0.12499752640724182,0.12499752640724182,0.12499752640724182
746,,0.8029621518799289,0.0008588293917585761,0.12499997019767761,0.12500028312206268,0.12499997019767761,0.12499997019767761,0.12499997019767761,0.12499997019767761,0.12499997019767761,0.12499997019767761
747,,0.8067729397899364,0.00473468591033909,0.125,0.125,0.125,0.125,0.125,0.125,0.125,0.125
748,,0.8084717034069255,0.002103414179977325,0.125,0.125,0.125,0.125,0.125,0.125,0.125,0.125
749,,0.8125003515640403,0.004970667371577558,0.12498939037322998,0.12498939037322998,0.12498939037322998,0.12507417798042297,0.12498944997787476,0.12498939037322998,0.12498939037322998,0.12498939037322998
750,,0.8129430491225543,0.0005447099164118826,0.12427664548158646,0.13006317615509033,0.12427664548158646,0.12427673488855362,0.12427683919668198,0.12427664548158646,0.12427664548158646,0.12427664548158646
751,,0.8122185217861212,-0.0008916373576678024,0.125,0.125,0.125,0.125,0.1250000149011612,0.125,0.125,0.125
752,,0.8128438019754879,0.000769546141192825,0.1249999850988388,0.12500007450580597,0.1249999850988388,0.1249999850988388,0.1249999850988388,0.1249999850988388,0.1249999850988388,0.1249999850988388
753,,0.8137982136123975,0.0011734748485354085,0.12466956675052643,0.12467379868030548,0.12466956675052643,0.12466956675052643,0.12466956675052643,0.12466956675052643,0.1273089200258255,0.12466956675052643
754,,0.817171518962603,0.004136569910454203,0.12499985098838806,0.12499985098838806,0.12499985098838806,0.12500107288360596,0.12499985098838806,0.12499985098838806,0.12499985098838806,0.12499985098838806
755,,0.815439194939799,-0.002122152768181521,0.12500014901161194,0.12499997019767761,0.12499997019767761,0.12499997019767761,0.12499997019767761,0.12499997019767761,0.12499997019767761,0.12499997019767761
756,,0.8201995056758979,0.005820752681755771,0.11149056255817413,0.11122260242700577,0.22117380797863007,0.11122260242700577,0.11122260242700577,0.11122260242700577,0.11122260242700577,0.11122260242700577
757,,0.8217843458448337,0.001930397378291234,0.125,0.125,0.125,0.125,0.125,0.125,0.125,0.125
758,,0.8193266831310358,-0.002995122825528731,0.11963661015033722,0.11963661015033722,0.16254375874996185,0.11963661015033722,0.11963662505149841,0.11963661015033722,0.11963661015033722,0.11963661015033722
759,,0.8191920938686765,-0.00016428162380716392,0.12499997019767761,0.12499997019767761,0.12499997019767761,0.12499997019767761,0.1250002235174179,0.12499997019767761,0.12499997019767761,0.12499997019767761
760,,0.8176027392706143,-0.001942033375721169,0.125,0.125,0.125,0.125,0.125,0.125,0.125,0.125
761,,0.816498545418833,-0.001351438898168662,0.125,0.125,0.125,0.125,0.125,0.125,0.125,0.125
762,,0.8171016403883146,0.000738363036587361,0.12499979138374329,0.12499979138374329,0.12499979138374329,0.1250014305114746,0.12499980628490448,0.12499979138374329,0.12499979138374329,0.12499979138374329
763,,0.820028529340728,0.003575637569855853,0.12499770522117615,0.12499770522117615,0.1250155121088028,0.12499774992465973,0.12499824166297913,0.12499770522117615,0.12499770522117615,0.12499770522117615
764,,0.8224982512304982,0.003007224941726696,0.125,0.125,0.125,0.125,0.1250000149011612,0.125,0.125,0.125
765,,0.8203147802686622,-0.0026582115014754685,0.08831256628036499,0.08831256628036499,0.08831256628036499,0.38181203603744507,0.08831256628036499,0.08831256628036499,0.08831256628036499,0.08831256628036499
766,,0.8197526942536189,-0.0006854425757259379,0.12490063160657883,0.12490063160657883,0.12490063160657883,0.12490063160657883,0.12490067631006241,0.12490063160657883,0.1256956160068512,0.12490063160657883
767,,0.8202762099911468,0.0006384225960340755,0.09927254915237427,0.09927254915237427,0.09927254915237427,0.09927255660295486,0.10648112744092941,0.29788321256637573,0.0992729589343071,0.09927254915237427
768,,0.8165297895808191,-0.004577728764043227,0.07964962720870972,0.2427515834569931,0.07964834570884705,0.07964834570884705,0.07964834570884705,0.07964834570884705,0.27935701608657837,0.07964836806058884
769,,0.8104839872638251,-0.007431811862612921,0.12499991059303284,0.12499991059303284,0.12499991059303284,0.12500067055225372,0.12499991059303284,0.12499991059303284,0.12499991059303284,0.12499991059303284
770,,0.8109438246988119,0.0005672006412155403,0.12492922693490982,0.12492922693490982,0.1254924237728119,0.12492922693490982,0.1249321922659874,0.12492922693490982,0.12492922693490982,0.12492922693490982
771,,0.8108675293437598,-9.408659634569383e-05,0.12499991059303284,0.12500014901161194,0.12500004470348358,0.12500005960464478,0.12500008940696716,0.12499991059303284,0.12499991059303284,0.12499991059303284
772,,0.8099802504738464,-0.001094833172603121,0.125,0.125,0.125,0.125,0.125,0.125,0.125,0.125
773,,0.8113091765280263,0.0016393449925299693,0.0515410378575325,0.05208853632211685,0.0515410378575325,0.6386601328849792,0.051546093076467514,0.0515410378575325,0.0515410378575325,0.0515410378575325
774,,0.8075207562381512,-0.004680451144558438,0.12238316237926483,0.12238316237926483,0.12238316237926483,0.12238316237926483,0.12238752841949463,0.12243050336837769,0.14326611161231995,0.12238316237926483
775,,0.7978373509724277,-0.012064003247190775,0.11666251718997955,0.39326804876327515,0.08161690086126328,0.08161692321300507,0.08161698281764984,0.08166538178920746,0.08190769702196121,0.08164553344249725
776,,0.7944187845197868,-0.0042939972146219104,0.03644965961575508,0.03840404376387596,0.03676818311214447,0.03644990175962448,0.036449458450078964,0.1087331771850586,0.6702927350997925,0.03645279258489609
777,,0.7936634006887786,-0.00095131586389226,0.03054478019475937,0.029743216931819916,0.2725609540939331,0.495365709066391,0.02965497598052025,0.029654836282134056,0.08029638975858688,0.03217919170856476
778,,0.7932665994960159,-0.0005000865835116685,0.07533247768878937,0.07533220201730728,0.07533220201730728,0.07533220201730728,0.07533220201730728,0.07533248513936996,0.47267404198646545,0.07533220201730728
779,,0.789187481553026,-0.005155444352678205,0.057415470480918884,0.057415470480918884,0.5973955392837524,0.057418812066316605,0.058108340948820114,0.057415470480918884,0.05741547793149948,0.057415470480918884
780,,0.7874066783661822,-0.0022590518085749073,0.12499964237213135,0.12499964237213135,0.12499964237213135,0.12500175833702087,0.12500005960464478,0.12499994039535522,0.12499964237213135,0.12499964237213135
781,,0.7885343673951373,0.001431131227224527,0.125,0.125,0.125,0.125,0.125,0.125,0.125,0.125
782,,0.7895090906593051,0.0012353568378027997,0.10725221782922745,0.10725221782922745,0.10725221782922745,0.24923451244831085,0.10725221782922745,0.10725221782922745,0.10725221782922745,0.10725221782922745
783,,0.7871704225301194,-0.0029665760539879966,0.12397178262472153,0.12397178262472153,0.12397178262472153,0.12397178262472153,0.12397178262472153,0.12397178262472153,0.1321975737810135,0.12397178262472153
784,,0.7852901264010961,-0.0023915347529548537,0.12439804524183273,0.12439804524183273,0.12439804524183273,0.12439804524183273,0.12439808994531631,0.12439806014299393,0.12921357154846191,0.12439804524183273
785,,0.7882558460812815,0.0037694776558142053,0.1249999850988388,0.1249999850988388,0.1249999850988388,0.1249999850988388,0.1249999850988388,0.1249999850988388,0.12500008940696716,0.1249999850988388
786,,0.7892188605019094,0.001220957187132402,0.12499940395355225,0.12499944865703583,0.12499940395355225,0.12499940395355225,0.12499940395355225,0.12499940395355225,0.12500402331352234,0.12499940395355225
787,,0.7889754192740044,-0.00030850603497360003,0.12499961256980896,0.12500067055225372,0.12499961256980896,0.12499961256980896,0.12499961256980896,0.12499961256980896,0.12500159442424774,0.12499961256980896
788,,0.7903815073519354,0.0017805835093051864,0.1249999850988388,0.1249999850988388,0.1249999850988388,0.12500011920928955,0.1249999850988388,0.1249999850988388,0.1249999850988388,0.1249999850988388
789,,0.7922588492441824,0.002372418679902747,0.125,0.125,0.125,0.125,0.125,0.125,0.125,0.125
790,,0.7927772963815719,0.0006541770764146653,0.1249999850988388,0.1249999850988388,0.1249999850988388,0.1249999850988388,0.1250000298023224,0.12500004470348358,0.125,0.1249999850988388
791,,0.7891689527498373,-0.004561912127540756,0.12499994039535522,0.125000461935997,0.12499994039535522,0.12499994039535522,0.12499994039535522,0.12499994039535522,0.12499994039535522,0.12499994039535522
792,,0.7901934641407324,0.0012973735776428607,0.0685238242149353,0.5203332304954529,0.0685238242149353,0.0685238242149353,0.0685238242149353,0.0685238242149353,0.0685238242149353,0.0685238242149353
793,,0.7884944569643273,-0.0021524302677477457,0.12439680844545364,0.12443029135465622,0.12439680844545364,0.12439680844545364,0.12892259657382965,0.12439680844545364,0.12439680844545364,0.12466313689947128
794,,0.7946307778495628,0.007752199865513945,0.125,0.125,0.125,0.125,0.1250000149011612,0.125,0.125,0.125
795,,0.7970949890587479,0.0030962785538846895,0.2156471312046051,0.31446391344070435,0.0784381777048111,0.07824112474918365,0.07824112474918365,0.07824112474918365,0.07824112474918365,0.07848626375198364
796,,0.8003919209994278,0.0041276540056564195,0.09260392934083939,0.02450716309249401,0.02450716309249401,0.024913810193538666,0.2192801535129547,0.1884235441684723,0.15506792068481445,0.270696222782135
797,,0.7988127718155306,-0.0019749187883897493,0.026731908321380615,0.16224072873592377,0.026671230792999268,0.026678279042243958,0.02667122706770897,0.02667183429002762,0.5237298011779785,0.18060500919818878
798,,0.7945771201618984,-0.005316541358639491,0.020771460607647896,0.10181635618209839,0.020882273092865944,0.020769597962498665,0.06728784739971161,0.46626871824264526,0.22039440274238586,0.08180935680866241
799,,0.7934641684003566,-0.0014016662561267834,0.027512401342391968,0.026993870735168457,0.026971394196152687,0.5074896812438965,0.026959961280226707,0.02712966687977314,0.026963796466588974,0.32997927069664
800,,0.7915353128991603,-0.0024338890657514306,0.0502946712076664,0.05035790801048279,0.0502946712076664,0.0502946712076664,0.05029509216547012,0.0502946712076664,0.64787358045578,0.0502946712076664
801,,0.791221507117044,-0.00039653063851579777,0.32610610127449036,0.020067935809493065,0.11598166823387146,0.020067935809493065,0.22906550765037537,0.12097238749265671,0.14767056703567505,0.020067935809493065
802,,0.7908799278484524,-0.0004318045181552128,0.08953365683555603,0.08953364938497543,0.08953364938497543,0.08953545242547989,0.08953364938497543,0.08953364938497543,0.3732626438140869,0.08953364938497543
803,,0.7826286694367517,-0.010487815647653253,0.06023352965712547,0.06023352965712547,0.06023352965712547,0.06023352965712547,0.06023792922496796,0.5783608555793762,0.06023352965712547,0.06023352965712547
804,,0.7820972533880926,-0.0006792449224992894,0.1249920129776001,0.1250002682209015,0.12499202787876129,0.1249920129776001,0.12499399483203888,0.12504565715789795,0.1249920129776001,0.1249920129776001
805,,0.7819289112161648,-0.0002152677191565362,0.12499988079071045,0.12500064074993134,0.1249999850988388,0.12499988079071045,0.12499988079071045,0.12499988079071045,0.12499988079071045,0.12499988079071045
806,,0.7749703218059807,-0.008939095863685312,0.1567722111940384,0.027731865644454956,0.24433206021785736,0.027731865644454956,0.028918061405420303,0.43956875801086426,0.04721330851316452,0.027731865644454956
807,,0.768643230228894,-0.008197812208365221,0.2767169177532196,0.009409294463694096,0.009409294463694096,0.3840197026729584,0.009409294463694096,0.10590360313653946,0.19572265446186066,0.009409294463694096
808,,0.7732907913790473,0.006028241363458619,0.12495316565036774,0.12495316565036774,0.12496259808540344,0.12495316565036774,0.1253182590007782,0.12495316565036774,0.12495329976081848,0.12495316565036774
809,,0.7760795476314172,0.003599861432451654,0.04802199825644493,0.048036713153123856,0.04803350567817688,0.04802082106471062,0.6637826561927795,0.048061296343803406,0.04802082106471062,0.04802211374044418
810,,0.7795587484048809,0.004473027673987338,0.04203558713197708,0.04203558713197708,0.04203592985868454,0.7057505249977112,0.04203558713197708,0.04203558713197708,0.04203558713197708,0.04203563928604126
811,,0.7798706952053481,0.00040007812588930544,0.1126963272690773,0.12041179835796356,0.17455291748046875,0.11306051164865494,0.13777343928813934,0.1126963272690773,0.1126963272690773,0.11611239612102509
812,,0.7827466702401537,0.0036809757087780423,0.12500086426734924,0.12499991059303284,0.12499986588954926,0.12499986588954926,0.12499986588954926,0.12499986588954926,0.12499986588954926,0.12499986588954926
813,,0.7834091224039598,0.000845959522576563,0.12505564093589783,0.12492470443248749,0.124947190284729,0.12537360191345215,0.12492470443248749,0.12492470443248749,0.12492470443248749,0.12492470443248749
814,,0.7842858532098775,0.0011184967879049805,0.125,0.125,0.125,0.125,0.125,0.125,0.125,0.125
815,,0.7817512404158211,-0.003236979529437585,0.125,0.125,0.125,0.125,0.125,0.125,0.1250000149011612,0.125
816,,0.7824683405220272,0.0009168791455903304,0.09164021909236908,0.09164021909236908,0.09164046496152878,0.35851579904556274,0.09164023399353027,0.09164021909236908,0.09164269268512726,0.09164021909236908
817,,0.7851232406224868,0.00338723768458931,0.125,0.125,0.125,0.125,0.125,0.125,0.125,0.125
818,,0.7877284349505836,0.003312704879944038,0.125,0.125,0.12500007450580597,0.125,0.125,0.125,0.125,0.125
819,,0.7902768321083056,0.003229899704874233,0.1162218451499939,0.11621957272291183,0.1864607036113739,0.11621957272291183,0.11621957272291183,0.11621957272291183,0.11621957272291183,0.11621957272291183
820,,0.7931915947970253,0.0036814955464524366,0.125,0.125,0.125,0.125,0.125,0.125,0.1250000149011612,0.125
821,,0.7940744377260344,0.0011124071226360915,0.1249997615814209,0.1249997615814209,0.1249997615814209,0.1249997615814209,0.1249997615814209,0.1250016689300537,0.1249997615814209,0.1249997615814209
822,,0.7936235111571319,-0.0005680256516601051,0.125,0.125,0.125,0.125,0.125,0.125,0.125,0.125
823,,0.7935708358201733,-6.637540900811436e-05,0.125,0.125,0.125,0.125,0.125,0.125,0.125,0.125
824,,0.7939192032824206,0.00043889090231554655,0.07778377830982208,0.07778377830982208,0.07778411358594894,0.07957688719034195,0.07778377830982208,0.07778717577457428,0.07791143655776978,0.4535890221595764
825,,0.7900058769610773,-0.004941312354544233,0.1040695458650589,0.10405270010232925,0.10405270010232925,0.2401394546031952,0.1071537509560585,0.10410318523645401,0.13237141072750092,0.10405731201171875
826,,0.78517595539917,-0.006132544954099841,0.125,0.125,0.125,0.125,0.125,0.125,0.125,0.125
827,,0.7881708630590297,0.003807057976023055,0.125,0.125,0.125,0.125,0.125,0.125,0.125,0.125
828,,0.7891969815270213,0.001301051769578266,0.125,0.125,0.125,0.125,0.125,0.125,0.125,0.125
829,,0.7928766599500708,0.00465172411930195,0.12499290704727173,0.12499290704727173,0.12499290704727173,0.12499290704727173,0.12499290704727173,0.12499290704727173,0.1250496506690979,0.12499290704727173
830,,0.7901087973271849,-0.0034970194209644817,0.1249893307685852,0.12498940527439117,0.1249893307685852,0.12499211728572845,0.1249893307685852,0.1249893307685852,0.12506577372550964,0.12499538064002991
831,,0.796089865151935,0.007541421277162288,0.06459132581949234,0.5478606820106506,0.06459132581949234,0.06459132581949234,0.06459132581949234,0.06459132581949234,0.06459132581949234,0.06459132581949234
832,,0.7998477791923482,0.004709358161951253,0.1251213103532791,0.1249789297580719,0.12497919797897339,0.1249852329492569,0.12497884035110474,0.12497885525226593,0.12497885525226593,0.12499883770942688
833,,0.8018906757770143,0.002550850528762827,0.12500515580177307,0.12499144673347473,0.12499144673347473,0.12499144673347473,0.12504342198371887,0.12499144673347473,0.12499423325061798,0.12499144673347473
834,,0.8003158146926795,-0.0019658659491023555,0.06734076887369156,0.06734076887369156,0.06738711893558502,0.5285678505897522,0.06734076887369156,0.06734076887369156,0.06734076887369156,0.06734120100736618
835,,0.8020853753577154,0.002208637132025541,0.1250000149011612,0.1249999850988388,0.1249999850988388,0.1249999850988388,0.12500011920928955,0.1249999850988388,0.1249999850988388,0.1249999850988388
836,,0.800457703370626,-0.0020313619875820853,0.07813692837953568,0.07813692837953568,0.07813692837953568,0.07813692837953568,0.07813725620508194,0.07813692837953568,0.45304086804389954,0.07813720405101776
837,,0.7996807744194484,-0.0009710772198962877,0.10178449749946594,0.1017838716506958,0.1017838716506958,0.11192135512828827,0.1017838716506958,0.10179080069065094,0.1017838716506958,0.27736786007881165
838,,0.8035688581704328,0.004850263233158598,0.12499992549419403,0.12500014901161194,0.12499992549419403,0.12499992549419403,0.12499992549419403,0.12500029802322388,0.12499992549419403,0.12499992549419403
839,,0.8013364179575194,-0.002782022946747876,0.12074847519397736,0.12074603885412216,0.12074603885412216,0.15444965660572052,0.12107165157794952,0.12074603885412216,0.12074603885412216,0.12074603885412216
840,,0.7979305854160234,-0.004259248372077125,0.12510041892528534,0.12498438358306885,0.12498438358306885,0.12499310076236725,0.12498439848423004,0.12498438358306885,0.1249844878911972,0.12498438358306885
841,,0.7930066816061963,-0.0061899606398675465,0.12487705051898956,0.124876469373703,0.124876469373703,0.12495391070842743,0.124876469373703,0.124876469373703,0.124876469373703,0.12578672170639038
842,,0.7836856093721261,-0.0118237158611645,0.12499986588954926,0.12499986588954926,0.12499986588954926,0.12499986588954926,0.12499986588954926,0.12499986588954926,0.12499986588954926,0.12500092387199402
843,,0.787147845223428,0.004408158544936967,0.124875508248806,0.12487532943487167,0.12487532943487167,0.12487775087356567,0.12572412192821503,0.12487532943487167,0.12487532943487167,0.12502127885818481
844,,0.7926649556145843,0.006984539961964594,0.12498670816421509,0.12498664855957031,0.12501247227191925,0.12498904764652252,0.12498664855957031,0.12498664855957031,0.12506522238254547,0.12498664855957031
845,,0.7952489674165115,0.0032546022115722225,0.12499994039535522,0.12499994039535522,0.12499994039535522,0.12500040233135223,0.12499994039535522,0.12499994039535522,0.12499994039535522,0.12499994039535522
846,,0.789348876517942,-0.0074468335131035405,0.12495839595794678,0.12495839595794678,0.12495839595794678,0.12529122829437256,0.12495839595794678,0.12495839595794678,0.12495839595794678,0.12495841085910797
847,,0.7894851520176086,0.00017262802491209225,0.12493110448122025,0.12493055313825607,0.12493055313825607,0.12548214197158813,0.12493064254522324,0.12493055313825607,0.12493392080068588,0.12493055313825607
848,,0.7873077277535505,-0.002761841045917879,0.125,0.125,0.125,0.125,0.125,0.1250000149011612,0.125,0.125
849,,0.7855712734104985,-0.0022079957164370667,0.12318319082260132,0.12318319082260132,0.12318319082260132,0.13755090534687042,0.12318319082260132,0.12318329513072968,0.12318319082260132,0.12334970384836197
850,,0.7859412981001841,0.00047091535025785107,0.05674377828836441,0.05674377828836441,0.05674378573894501,0.3688347637653351,0.05674377828836441,0.05674377828836441,0.05674377828836441,0.29070261120796204
851,,0.7890537344113436,0.003952317687962937,0.12499979138374329,0.12499979138374329,0.12499979138374329,0.12499979138374329,0.12499979138374329,0.12500151991844177,0.12499979138374329,0.12499979138374329
852,,0.7874240480188911,-0.002067503888900928,0.12373315542936325,0.1237298846244812,0.1237298846244812,0.1338871419429779,0.12373020499944687,0.1237298846244812,0.1237298846244812,0.1237298846244812
853,,0.7886961876659925,0.0016142676104911058,0.1250000149011612,0.125,0.125,0.125,0.125,0.125,0.125,0.125
854,,0.784804728462194,-0.004946253412067025,0.125,0.125,0.125,0.125,0.125,0.125,0.125,0.125
855,,0.7874700647519121,0.0033904236770635416,0.125,0.125,0.125,0.125,0.125,0.125,0.125,0.125
856,,0.7892808319431392,0.0022968345742798717,0.125,0.125,0.125,0.125,0.125,0.125,0.125,0.125
857,,0.7915384931434284,0.0028563197569773644,0.12499997019767761,0.12499997019767761,0.1250002533197403,0.12499997019767761,0.12499997019767761,0.12499997019767761,0.12499997019767761,0.12499997019767761
858,,0.7939873009713059,0.003088956085237727,0.125,0.125,0.125,0.125,0.125,0.125,0.125,0.125
859,,0.7971956474995847,0.004032661208820021,0.1249999850988388,0.12499997019767761,0.12499997019767761,0.12499997019767761,0.12499997019767761,0.12499997019767761,0.12499997019767761,0.1250002384185791
860,,0.794451932444465,-0.0034476448271591196,0.09016347676515579,0.09016347676515579,0.09087073057889938,0.09016347676515579,0.09016347676515579,0.16444891691207886,0.29337278008461,0.09065364301204681
861,,0.7904578669893663,-0.0050401277240991445,0.06907333433628082,0.25035175681114197,0.3350726068019867,0.06908216327428818,0.06907333433628082,0.06920017302036285,0.06907333433628082,0.06907333433628082
862,,0.7877752659577423,-0.003399502341072683,0.018157657235860825,0.018548520281910896,0.16328155994415283,0.12687371671199799,0.018157683312892914,0.018157657235860825,0.358974814414978,0.277848482131958
863,,0.7853938884304392,-0.003027493057029499,0.22950385510921478,0.011029766872525215,0.016936754807829857,0.07302001118659973,0.05539757013320923,0.1859678328037262,0.3731912672519684,0.05495298281311989
864,,0.7857046247762295,0.0003955657105267136,0.07207166403532028,0.006609839387238026,0.006846384610980749,0.045882537961006165,0.18141689896583557,0.2239953726530075,0.09172298014163971,0.3714543581008911
865,,0.7890694578589542,0.004273423395245353,0.017800141125917435,0.017810504883527756,0.12764233350753784,0.018026448786258698,0.39763548970222473,0.017880640923976898,0.30998876690864563,0.09321568161249161
866,,0.7908049538962324,0.0021970059423007623,0.12503978610038757,0.12499098479747772,0.12499244511127472,0.12499096989631653,0.12499096989631653,0.12499113380908966,0.12501268088817596,0.12499096989631653
867,,0.7865157797602372,-0.005438570122846795,0.1249614953994751,0.12495976686477661,0.12527994811534882,0.12495976686477661,0.12495976686477661,0.12495976686477661,0.12495976686477661,0.12495976686477661
868,,0.7835871321738614,-0.0037305210512787704,0.06322624534368515,0.555814266204834,0.06507009267807007,0.06317787617444992,0.06317786872386932,0.0631779134273529,0.06317786872386932,0.06317786872386932
869,,0.7859289679272142,0.002984152237840893,0.11879915744066238,0.12092016637325287,0.11879915744066238,0.11879915744066238,0.11879915744066238,0.16628430783748627,0.11879969388246536,0.11879915744066238
870,,0.7827607871341453,-0.004039275567968386,0.125,0.125,0.125,0.12500005960464478,0.125,0.125,0.125,0.125
871,,0.7804081404619365,-0.003010101348692967,0.12499997019767761,0.1249999850988388,0.12499997019767761,0.12499997019767761,0.12500016391277313,0.12499997019767761,0.12499997019767761,0.12499997019767761
872,,0.7810369540894875,0.0008054252611742484,0.125,0.125,0.125,0.125,0.125,0.125,0.125,0.125
873,,0.7817134494965092,0.0008657754273823968,0.12499821186065674,0.12499821186065674,0.12501250207424164,0.12499821186065674,0.12499821186065674,0.12499821186065674,0.12499821186065674,0.12499821186065674
874,,0.7849865964044858,0.004178402469199638,0.1249009370803833,0.12486694008111954,0.12486692517995834,0.12569117546081543,0.12489053606987,0.12486692517995834,0.12486692517995834,0.12504971027374268
875,,0.7837034637924382,-0.0016359291497687546,0.125,0.125,0.125,0.125,0.125,0.125,0.125,0.125
876,,0.7813326783157555,-0.003029690147534364,0.125,0.125,0.1250000149011612,0.1250000298023224,0.125,0.125,0.125,0.125
877,,0.7772657901228776,-0.005218659590868034,0.12503379583358765,0.12494491785764694,0.125299870967865,0.12494426220655441,0.12494426220655441,0.12494426220655441,0.12494426220655441,0.12494426220655441
878,,0.7769810587121937,-0.0003663914957685768,0.125,0.125,0.125,0.125,0.125,0.125,0.125,0.125
879,,0.7839087037231798,0.008876591628250823,0.04275260493159294,0.04300171136856079,0.04275260493159294,0.2902701199054718,0.4529591202735901,0.04275862127542496,0.04275260493159294,0.04275260493159294
880,,0.7836182276798355,-0.0003706169774182912,0.08026931434869766,0.08026931434869766,0.4381147623062134,0.08026931434869766,0.08026931434869766,0.08026931434869766,0.08026931434869766,0.08026931434869766
881,,0.7874268690070865,0.004848554375123232,0.560780942440033,0.02174573764204979,0.022278783842921257,0.24266557395458221,0.02174573764204979,0.08724468946456909,0.02174932323396206,0.021789267659187317
882,,0.7887353628639733,0.0016603546653136333,0.023728959262371063,0.023508643731474876,0.023508643731474876,0.37877386808395386,0.39440682530403137,0.023508649319410324,0.10905478149652481,0.023509647697210312
883,,0.7917915559822403,0.003867313983569986,0.12498781085014343,0.12498781085014343,0.12498781085014343,0.12498781085014343,0.12508532404899597,0.12498781085014343,0.12498781085014343,0.12498781085014343
884,,0.7932656479665628,0.0018599863848757143,0.12499424815177917,0.12499424815177917,0.12499424815177917,0.12499481439590454,0.1250397115945816,0.12499424815177917,0.12499424815177917,0.12499424815177917
885,,0.7977494382235426,0.005636404288524324,0.12480606138706207,0.12480606138706207,0.12480606138706207,0.12480606138706207,0.1263575255870819,0.12480606138706207,0.12480606138706207,0.12480606138706207
886,,0.7980583901069456,0.00038720437608846055,0.1249990463256836,0.1249990463256836,0.1249990463256836,0.12500089406967163,0.12500490248203278,0.1249990463256836,0.12499906122684479,0.1249990463256836
887,,0.7955257876443046,-0.003178501180185074,0.1250009685754776,0.12499986588954926,0.12499986588954926,0.12499986588954926,0.12499986588954926,0.12499986588954926,0.12499986588954926,0.12499986588954926
888,,0.7957417533113297,0.00027143853914268214,0.1252942681312561,0.12495796382427216,0.12495796382427216,0.12495796382427216,0.12495796382427216,0.12495796382427216,0.12495796382427216,0.12495796382427216
889,,0.7999598044629306,0.005286779292283749,0.125,0.125,0.125,0.125,0.125,0.125,0.125,0.125
890,,0.7963859875490561,-0.004477504689055277,0.1249949187040329,0.1249949187040329,0.1249949187040329,0.1249949187040329,0.1249949187040329,0.1249949187040329,0.12503556907176971,0.1249949187040329
891,,0.7988711864235922,0.0031157369803076988,0.1249912679195404,0.1249912679195404,0.1249912679195404,0.1249912679195404,0.1249912679195404,0.1249912679195404,0.12506112456321716,0.1249912679195404
892,,0.7963132481948997,-0.0032070779599157025,0.125,0.125,0.125,0.125,0.125,0.125,0.1250000298023224,0.125
893,,0.8011370023391785,0.0060393352522686355,0.12499979138374329,0.12500141561031342,0.12499983608722687,0.12499979138374329,0.12499979138374329,0.12499979138374329,0.12499979138374329,0.12499979138374329
894,,0.8009211433632836,-0.000269477082065073,0.1120171770453453,0.18266603350639343,0.1120171770453453,0.1120171770453453,0.1120171770453453,0.1120171770453453,0.14523087441921234,0.1120171770453453
895,,0.8012567052969553,0.0004188822593682086,0.12499995529651642,0.12499995529651642,0.12499995529651642,0.12499995529651642,0.12499995529651642,0.12499995529651642,0.12500034272670746,0.12499995529651642
896,,0.8038155833273976,0.003188492152629621,0.12499922513961792,0.12499922513961792,0.12499922513961792,0.12499922513961792,0.12499922513961792,0.12499924004077911,0.12500546872615814,0.12499922513961792
897,,0.8015624101317109,-0.002807033215036591,0.125,0.125,0.125,0.125,0.125,0.125,0.125,0.125
898,,0.8026839066216946,0.0013981601964341167,0.12499973177909851,0.12499973177909851,0.12499973177909851,0.12499973177909851,0.12499973177909851,0.12500181794166565,0.12499973177909851,0.12499973177909851
899,,0.7977398295486605,-0.006178479722661478,0.125,0.125,0.125,0.125,0.125,0.125,0.125,0.125
900,,0.7978632570040584,0.00015470947215414561,0.07314149290323257,0.07314149290323257,0.07314149290323257,0.48800957202911377,0.07314149290323257,0.07314149290323257,0.07314152270555496,0.07314149290323257
901,,0.7959896423670006,-0.0023510519707585767,0.05237245559692383,0.05216987058520317,0.052169620990753174,0.052169620990753174,0.3266710340976715,0.05216982588171959,0.05217805504798889,0.3600994646549225
902,,0.7961944087926851,0.00025721451821387006,0.12276983261108398,0.12260476499795914,0.12260476499795914,0.12260476499795914,0.12260476499795914,0.12261510640382767,0.14159120619297028,0.12260476499795914
903,,0.7951650264302413,-0.0012937146482842673,0.11200126260519028,0.11200126260519028,0.11498600989580154,0.11244507133960724,0.1120014414191246,0.11200375854969025,0.11200126260519028,0.21255986392498016
904,,0.7944711478311977,-0.0008730030863006215,0.3115508258342743,0.09833922982215881,0.0984143614768982,0.09833911061286926,0.09833911061286926,0.09833911061286926,0.09833911061286926,0.09833911061286926
905,,0.7765567948852651,-0.022806888370154505,0.033548325300216675,0.08535563200712204,0.03351780027151108,0.03352443128824234,0.4192293584346771,0.033517803996801376,0.033561039716005325,0.32774558663368225
906,,0.7723414330829815,-0.005443058986705192,0.12499916553497314,0.1250050812959671,0.12499916553497314,0.12499985098838806,0.12499924004077911,0.12499916553497314,0.12499916553497314,0.12499916553497314
907,,0.7235739491152742,-0.0652239719871396,0.042322706431150436,0.7037014365196228,0.042322706431150436,0.0423227995634079,0.04236186295747757,0.042322706431150436,0.042322706431150436,0.04232306405901909
908,,0.7431456610891074,0.026689318940408987,0.4440767765045166,0.06539098173379898,0.06537710130214691,0.0653771162033081,0.15838244557380676,0.0653771460056305,0.06548025459051132,0.07053825259208679
909,,0.7414300891746995,-0.0023111958790448537,0.03713623806834221,0.028017302975058556,0.027942560613155365,0.20963767170906067,0.46154311299324036,0.032587163150310516,0.175178661942482,0.027957288548350334
910,,0.7466432803385114,0.007006660556295243,0.12113174051046371,0.12103434652090073,0.12103434652090073,0.12103434652090073,0.12103434652090073,0.12103434652090073,0.15266209840774536,0.12103434652090073
911,,0.7480548240548338,0.0018887347642876056,0.12498319149017334,0.12498319149017334,0.12511758506298065,0.12498319149017334,0.12498319149017334,0.12498319149017334,0.12498319149017334,0.12498319149017334
912,,0.7539273631433467,0.007819758534212741,0.125,0.125,0.125,0.125,0.125,0.125,0.125,0.125
913,,0.7544898231745196,0.0007457619315702082,0.125,0.125,0.125,0.125,0.125,0.125,0.125,0.125
914,,0.7587995383992794,0.005695839785457504,0.125,0.125,0.125,0.125,0.125,0.125,0.125,0.125
915,,0.7510247898012266,-0.010298969455209118,0.125,0.125,0.125,0.125,0.125,0.125,0.125,0.125
916,,0.7508931657156072,-0.0001752746685968318,0.125,0.125,0.125,0.125,0.125,0.125,0.125,0.125
917,,0.7534961833384027,0.0034605672024207307,0.12499994039535522,0.12499994039535522,0.12499994039535522,0.12500034272670746,0.12499994039535522,0.12499994039535522,0.12499994039535522,0.12499994039535522
918,,0.7565696029138105,0.004070582682126933,0.13655896484851837,0.12334872037172318,0.12334870547056198,0.12334870547056198,0.12334870547056198,0.12334870547056198,0.12334870547056198,0.12334870547056198
919,,0.7498576075429906,-0.008911203595563372,0.125,0.125,0.125,0.125,0.125,0.125,0.125,0.125
920,,0.7479946017240633,-0.002487570893967125,0.125,0.125,0.125,0.125,0.125,0.125,0.125,0.125
921,,0.7561222022010342,0.010807245237756606,0.1249997615814209,0.12499977648258209,0.1249997615814209,0.1250017285346985,0.1249997615814209,0.1249997615814209,0.12499977648258209,0.1249997615814209
922,,0.7597995500626554,0.004851642334939399,0.125,0.125,0.125,0.125,0.125,0.125,0.1250000298023224,0.125
923,,0.766398009975028,0.008646981490681008,0.12499997019767761,0.12500014901161194,0.12499997019767761,0.12499997019767761,0.12499997019767761,0.12499997019767761,0.12499997019767761,0.12499997019767761
924,,0.7682380193823047,0.0023979761373942015,0.12497331947088242,0.12497331947088242,0.12497331947088242,0.12497381120920181,0.12518629431724548,0.12497331947088242,0.12497331947088242,0.12497331947088242
925,,0.7685383572960569,0.00039086743150625335,0.125,0.125,0.125,0.125,0.125,0.125,0.125,0.125
926,,0.7688375648234848,0.0003892444611636378,0.12266428023576736,0.14135009050369263,0.12266428023576736,0.12266428023576736,0.12266428023576736,0.12266428023576736,0.12266428023576736,0.12266428023576736
927,,0.7679832514382795,-0.0011117932086363853,0.125,0.125,0.125,0.125,0.125,0.125,0.125,0.125
928,,0.7719293062422597,0.005125048719931677,0.10936614125967026,0.23400162160396576,0.10936629772186279,0.10936614125967026,0.10980138182640076,0.10936614125967026,0.10936614125967026,0.10936614125967026
929,,0.772741525941768,0.0010516412395980424,0.125,0.125,0.125,0.125,0.125,0.125,0.1250000298023224,0.125
930,,0.7661839669777761,-0.008522308173587987,0.12499997019767761,0.12499997019767761,0.12499997019767761,0.1249999850988388,0.12499997019767761,0.1250002086162567,0.12499997019767761,0.12499997019767761
931,,0.7634990745570591,-0.0035103941208022966,0.125,0.125,0.125,0.125,0.125,0.125,0.125,0.125
932,,0.7643108141110161,0.0010626186364672498,0.125,0.125,0.125,0.125,0.125,0.125,0.125,0.125
933,,0.7653810912385073,0.001399337080094054,0.12499991059303284,0.12500056624412537,0.12499991059303284,0.12499991059303284,0.12499991059303284,0.12499991059303284,0.12499991059303284,0.12499991059303284
934,,0.7659229142124987,0.0007076622207923754,0.12499995529651642,0.12499995529651642,0.12499995529651642,0.12499995529651642,0.12500034272670746,0.12499995529651642,0.12499995529651642,0.12499995529651642
935,,0.766113518800598,0.00024882513884846993,0.06165255233645439,0.06165255233645439,0.06165255233645439,0.5684321522712708,0.06165255233645439,0.06165255233645439,0.06165255233645439,0.06165255233645439
936,,0.7610900883187077,-0.006578623276661452,0.1191791519522667,0.11912452429533005,0.12341759353876114,0.1617787629365921,0.11912564933300018,0.11912452429533005,0.11912452429533005,0.11912521719932556
937,,0.7619185183448891,0.0010878863116865066,0.1250407099723816,0.1249941885471344,0.1249942034482956,0.1249941885471344,0.1249941885471344,0.1249941885471344,0.1249941885471344,0.1249942034482956
938,,0.7737658337549215,0.015429668783671927,0.04978744685649872,0.049787454307079315,0.6457375884056091,0.04978744685649872,0.04978744685649872,0.04978744685649872,0.04978744685649872,0.055537693202495575
939,,0.7647230821966157,-0.011755503209057903,0.10425575077533722,0.07429523020982742,0.07429523020982742,0.07429523020982742,0.07429523020982742,0.07429523020982742,0.07429558783769608,0.4499724805355072
940,,0.759479958934629,-0.006879849732946375,0.049079183489084244,0.049079183489084244,0.06677855551242828,0.049079183489084244,0.049079183489084244,0.08699429035186768,0.39828646183013916,0.25162386894226074
941,,0.7625581316009862,0.0040448092359787365,0.2492809295654297,0.03595126047730446,0.06836657971143723,0.03595125302672386,0.03595125302672386,0.03595125675201416,0.5018070340156555,0.036740437150001526
942,,0.7716443708716785,0.011845040655137994,0.3097992539405823,0.2991524934768677,0.026969438418745995,0.026969438418745995,0.026969438418745995,0.037103913724422455,0.18555960059165955,0.08747641742229462
943,,0.7600811832041159,-0.015098536815009441,0.12499997019767761,0.12499997019767761,0.1250002086162567,0.12499997019767761,0.12499997019767761,0.12499997019767761,0.1250000298023224,0.12499997019767761
944,,0.7665623567483252,0.0084907999964479,0.061410948634147644,0.543114423751831,0.061410948634147644,0.061410948634147644,0.061410948634147644,0.061410948634147644,0.0884198397397995,0.061410948634147644
945,,0.7571881492713872,-0.012304279089223965,0.12499977648258209,0.12500154972076416,0.12499977648258209,0.12499977648258209,0.12499977648258209,0.12499977648258209,0.12499977648258209,0.12499977648258209
946,,0.7618809856157909,0.00617858814412603,0.1301283985376358,0.07010307163000107,0.3219994008541107,0.07010307163000107,0.07010307163000107,0.19735613465309143,0.07010377943515778,0.07010307163000107
947,,0.75919378773698,-0.00353329201365013,0.11880982667207718,0.08629990369081497,0.3633905351161957,0.08629990369081497,0.08629990369081497,0.08629990369081497,0.08629990369081497,0.08630015701055527
948,,0.7654034457339376,0.00814601023627557,0.1250000149011612,0.125,0.125,0.125,0.125,0.125,0.125,0.125
949,,0.7720935657164796,0.008702666940450743,0.12432960420846939,0.12969274818897247,0.12432960420846939,0.12432960420846939,0.12432960420846939,0.12432960420846939,0.12432960420846939,0.12432960420846939
950,,0.7686579319612921,-0.004459693149221385,0.12499991059303284,0.1250002086162567,0.12499991059303284,0.12499991059303284,0.1250002682209015,0.12499991059303284,0.12499991059303284,0.12499991059303284
951,,0.7799054438266,0.014526637825708802,0.1249995082616806,0.1249995082616806,0.1249995082616806,0.12500345706939697,0.1249995082616806,0.1249995082616806,0.1249995082616806,0.1249995082616806
952,,0.7786346498406235,-0.001630749536394124,0.125,0.125,0.125,0.125,0.125,0.125,0.125,0.125
953,,0.7833252383372296,0.0060060474436580405,0.125,0.125,0.125,0.125,0.125,0.125,0.125,0.125
954,,0.7824399905468717,-0.0011307543025620463,0.125,0.125,0.125,0.125,0.125,0.125,0.125,0.125
955,,0.7878250419186994,0.006858807107496644,0.12499918043613434,0.12499913573265076,0.12499913573265076,0.1250060647726059,0.12499913573265076,0.12499913573265076,0.12499913573265076,0.12499913573265076
956,,0.7825096091990066,-0.006769834718619624,0.125,0.125,0.125,0.125,0.125,0.125,0.125,0.125
957,,0.7868760185712969,0.005564496783550805,0.12499189376831055,0.12499189376831055,0.12499189376831055,0.125056192278862,0.12499189376831055,0.12499235570430756,0.12499189376831055,0.12499189376831055
958,,0.780486412599687,-0.008153368029671506,0.124993234872818,0.124993234872818,0.12504719197750092,0.124993234872818,0.12499332427978516,0.124993234872818,0.124993234872818,0.124993234872818
959,,0.7812374169851631,0.0009617634425993133,0.040535539388656616,0.0213040541857481,0.2056797742843628,0.48152124881744385,0.18703867495059967,0.02131255343556404,0.0213040541857481,0.0213040541857481
960,,0.78590564910931,0.0059576512608677835,0.12499900162220001,0.12499850988388062,0.12499850988388062,0.12499850988388062,0.1249985545873642,0.12499850988388062,0.1250099539756775,0.12499850988388062
961,,0.7960339900360649,0.012805140060271013,0.125940203666687,0.1247277557849884,0.12472842633724213,0.12566429376602173,0.1247294619679451,0.12472904473543167,0.12475308775901794,0.1247277557849884
962,,0.7959282156756297,-0.00013288551727092568,0.08411283791065216,0.08411218971014023,0.08411218971014023,0.08411218971014023,0.08411218971014023,0.08413482457399368,0.4111914336681366,0.08411218971014023
963,,0.8019090502040441,0.007486197234437851,0.04338211193680763,0.13035787642002106,0.04338211193680763,0.04338211193680763,0.04338257759809494,0.6093490719795227,0.04338211193680763,0.04338211193680763
964,,0.8176977854026444,0.019497615139041483,0.4803670346736908,0.07973586767911911,0.011762291193008423,0.03222547844052315,0.12877507507801056,0.011762291193008423,0.24360615015029907,0.011765802279114723
965,,0.813549074996483,-0.005086562251096388,0.06851936876773834,0.4708525538444519,0.06823979318141937,0.06870030611753464,0.11886970698833466,0.06833864748477936,0.06823982298374176,0.06823979318141937
966,,0.8089525038578174,-0.005666044946828205,0.125,0.125,0.125,0.125,0.125,0.125,0.125,0.125
967,,0.8051679420402148,-0.004689326329219546,0.125,0.125,0.125,0.125,0.12500005960464478,0.125,0.125,0.125
968,,0.8110238567935342,0.007246590885478302,0.12499994039535522,0.12499994039535522,0.12499994039535522,0.12499994039535522,0.12500040233135223,0.12499994039535522,0.12499994039535522,0.12499994039535522
969,,0.8136622428942809,0.003247874676279207,0.10888447612524033,0.10888447612524033,0.23779016733169556,0.1089029312133789,0.10888447612524033,0.10888447612524033,0.10888447612524033,0.10888447612524033
970,,0.8123100706426318,-0.0016632172049919215,0.12499982118606567,0.12499982118606567,0.1250012218952179,0.12499982118606567,0.12499982118606567,0.12499982118606567,0.12499982118606567,0.12499982118606567
971,,0.8179304160994746,0.006895139422494218,0.12499997019767761,0.12500016391277313,0.12499997019767761,0.12499997019767761,0.12499997019767761,0.12499997019767761,0.12499997019767761,0.12499997019767761
972,,0.8185443296951409,0.0007502879296404139,0.125,0.125,0.125,0.125,0.125,0.125,0.125,0.125
973,,0.8074376104377016,-0.013661765524964018,0.1249999850988388,0.12500007450580597,0.1249999850988388,0.1249999850988388,0.1249999850988388,0.1249999850988388,0.1249999850988388,0.1249999850988388
974,,0.8067345898163115,-0.0008710603066148857,0.125,0.125,0.125,0.125,0.125,0.125,0.125,0.125
975,,0.8133605169343691,0.008179722331472078,0.125,0.125,0.125,0.125,0.125,0.125,0.125,0.125
976,,0.8111787418813853,-0.0026860247948911403,0.125,0.125,0.125,0.125,0.125,0.125,0.125,0.125
977,,0.8133187051122927,0.002634617213704946,0.125,0.125,0.125,0.125,0.125,0.125,0.125,0.125
978,,0.8078658538313637,-0.0067270216878226674,0.125,0.125,0.125,0.125,0.125,0.125,0.125,0.125
979,,0.799224900745823,-0.010753638313560939,0.125,0.125,0.1250000149011612,0.125,0.125,0.125,0.125,0.125
980,,0.7992717332506263,5.859568774893997e-05,0.125,0.125,0.125,0.125,0.125,0.125,0.125,0.125
981,,0.7905276359977034,-0.011000363438756376,0.12431702017784119,0.129780113697052,0.12431702017784119,0.12431778758764267,0.12431702017784119,0.12431702017784119,0.12431702017784119,0.12431702017784119
982,,0.7925406110190081,0.002543132439187539,0.1249799132347107,0.12511584162712097,0.1249799132347107,0.12499581277370453,0.1249799132347107,0.12498873472213745,0.1249799132347107,0.1249799132347107
983,,0.7849353508724325,-0.009642389812037336,0.11029963195323944,0.11029963195323944,0.11030145734548569,0.11034481972455978,0.22784742712974548,0.11030774563550949,0.11029963195323944,0.11029963195323944
984,,0.7817559652481946,-0.004058731871561898,0.12499715387821198,0.12499715387821198,0.12501995265483856,0.12499715387821198,0.12499715387821198,0.12499715387821198,0.12499715387821198,0.12499715387821198
985,,0.7936892931786702,0.015149439304411035,0.12078297883272171,0.12078297883272171,0.15451914072036743,0.12078297883272171,0.12078297883272171,0.1207829937338829,0.12078302353620529,0.12078297883272171
986,,0.7944025364799601,0.0008982394291379071,0.12499991059303284,0.12500010430812836,0.12499992549419403,0.12500043213367462,0.12499991059303284,0.12499991059303284,0.12499994039535522,0.12499991059303284
987,,0.8070487112549896,0.015793721682600424,0.1242736428976059,0.1242736428976059,0.12427385151386261,0.12461637705564499,0.1297415941953659,0.1242736428976059,0.1242736428976059,0.1242736428976059
988,,0.8059593127286924,-0.0013507666121176248,0.12499907612800598,0.12499907612800598,0.12499907612800598,0.12499907612800598,0.1250065416097641,0.12499907612800598,0.12499907612800598,0.12499907612800598
989,,0.8088377782926098,0.003565114934510742,0.125,0.125,0.125,0.125,0.125,0.125,0.125,0.125
990,,0.8099343988733538,0.0013548796599891985,0.125,0.125,0.12500004470348358,0.125,0.1250000149011612,0.125,0.125,0.125
991,,0.8090528187801699,-0.0010890514399411108,0.125,0.125,0.125,0.125,0.125,0.125,0.125,0.125
992,,0.8096333915920848,0.0007173383365971544,0.125,0.125,0.125,0.125,0.125,0.125,0.125,0.125
993,,0.801610526756029,-0.009958679813059724,0.125,0.125,0.125,0.125,0.125,0.125,0.125,0.125
994,,0.8044435378277532,0.003527918608159637,0.1249997615814209,0.1249997615814209,0.1249997615814209,0.1249997615814209,0.1250016987323761,0.1249997615814209,0.1249997615814209,0.1249997615814209
995,,0.7968676743605441,-0.009462145687990439,0.12500032782554626,0.12499973177909851,0.12499992549419403,0.12499973177909851,0.12500105798244476,0.12499973177909851,0.1249997615814209,0.12499973177909851
996,,0.7947728642491507,-0.0026322668594145537,0.12487645447254181,0.12586404383182526,0.12487640976905823,0.12487640976905823,0.12487640976905823,0.12487728893756866,0.12487649917602539,0.12487640976905823
997,,0.7871753042940699,-0.009605394817513255,0.12498921155929565,0.12498921155929565,0.12498921155929565,0.12507551908493042,0.12498921155929565,0.12498921155929565,0.12498925626277924,0.12498921155929565
998,,0.7870323898399137,-0.00018157001148106776,0.12499992549419403,0.12499992549419403,0.12499992549419403,0.12500053644180298,0.12499992549419403,0.12499992549419403,0.12499992549419403,0.12499992549419403
999,,0.7915833529023555,0.005765780166739766,0.10769948363304138,0.10769927501678467,0.10769927501678467,0.24597954750061035,0.10770180821418762,0.10782203078269958,0.10769928991794586,0.10769927501678467
1000,,0.7885624005883796,-0.0038236422024848222,0.125,0.125,0.125,0.125,0.125,0.125,0.125,0.125
1001,,0.7972066983876421,0.01090244907520356,0.12499995529651642,0.12499995529651642,0.12499995529651642,0.12499995529651642,0.12500028312206268,0.12499995529651642,0.12499995529651642,0.12499995529651642
1002,,0.7974015725663723,0.00024441636638908575,0.125,0.125,0.125,0.125,0.125,0.125,0.125,0.125
1003,,0.7997914764264167,0.002992632162011619,0.125,0.125,0.125,0.125,0.125,0.125,0.125,0.125
1004,,0.8011499873404971,0.0016971404275568157,0.125,0.125,0.125,0.125,0.125,0.125,0.125,0.125
1005,,0.8004298584447644,-0.0008992732346851539,0.125,0.125,0.125,0.125,0.125,0.125,0.125,0.125
1006,,0.7960938508416867,-0.005431824455731831,0.125,0.1250000149011612,0.125,0.125,0.125,0.125,0.125,0.125
1007,,0.7987164449037917,0.0032889133373921325,0.125,0.125,0.125,0.125,0.125,0.125,0.125,0.125
1008,,0.799510229198598,0.0009933313877664785,0.12489716708660126,0.12489590048789978,0.12489590048789978,0.12565678358078003,0.12496668100357056,0.12489590048789978,0.12489590048789978,0.12489590048789978
1009,,0.807640048873851,0.010117148509605923,0.125,0.125,0.125,0.125,0.125,0.125,0.125,0.125
1010,,0.8076954281053706,6.856684859662513e-05,0.125,0.125,0.125,0.125,0.125,0.125,0.125,0.125
1011,,0.8056267237074954,-0.0025645287636319888,0.10754455626010895,0.10754455626010895,0.10754455626010895,0.10754458606243134,0.24718809127807617,0.10754455626010895,0.10754455626010895,0.10754455626010895
1012,,0.8047875854701327,-0.001042139663720571,0.12498435378074646,0.1250101774930954,0.12498435378074646,0.12508369982242584,0.12498435378074646,0.12498435378074646,0.12498435378074646,0.12498435378074646
1013,,0.8053651030731046,0.00071734517086022,0.12405181676149368,0.12405181676149368,0.12405181676149368,0.12406420707702637,0.13162483274936676,0.12405181676149368,0.12405181676149368,0.12405181676149368
1014,,0.8105167925875169,0.006376340972566588,0.10576904565095901,0.10576904565095901,0.10576904565095901,0.10577592998743057,0.2596091330051422,0.10576904565095901,0.10576976090669632,0.10576904565095901
1015,,0.8124975115458286,0.0024407917251326227,0.125,0.125,0.125,0.125,0.125,0.125,0.125,0.125
1016,,0.8112054332999606,-0.0015915208169068173,0.12491610646247864,0.12491610646247864,0.12491610646247864,0.12491610646247864,0.1255873292684555,0.12491610646247864,0.12491610646247864,0.12491610646247864
1017,,0.810555616751405,-0.0008013715501563975,0.12499815225601196,0.12499815225601196,0.12499815225601196,0.12499815225601196,0.12501287460327148,0.12499815225601196,0.12499815225601196,0.12499815225601196
1018,,0.8147071676549807,0.005108786065763356,0.125,0.125,0.125,0.125,0.125,0.125,0.125,0.125
1019,,0.817279092978548,0.003151898413401305,0.12499991059303284,0.12500007450580597,0.12500052154064178,0.12499991059303284,0.12499991059303284,0.12499991059303284,0.12499991059303284,0.12499991059303284
1020,,0.8171176981951432,-0.00019749767596335087,0.125,0.125,0.125,0.125,0.125,0.125,0.125,0.125
1021,,0.8151806222758289,-0.002373434811943217,0.1062980368733406,0.1062791720032692,0.1062791720032692,0.1062791720032692,0.25600990653038025,0.1062791720032692,0.10629624873399734,0.1062791720032692
1022,,0.8166923181868591,0.0018527132915329805,0.12499956786632538,0.12499956786632538,0.12499956786632538,0.12499956786632538,0.12499956786632538,0.12499956786632538,0.12500305473804474,0.12499956786632538
1023,,0.8167704066953864,9.561100770443896e-05,0.12500035762786865,0.12499994039535522,0.12499994039535522,0.12499994039535522,0.12499994039535522,0.12499994039535522,0.12499994039535522,0.12499994039535522
1024,,0.8168009168923809,3.735398210954168e-05,0.052836138755083084,0.0528356097638607,0.19660112261772156,0.05283556878566742,0.05283556878566742,0.05366423726081848,0.46770501136779785,0.07068674266338348
1025,,0.8161826362115625,-0.0007572405848024003,0.20941990613937378,0.1758035272359848,0.06299914419651031,0.008542043156921864,0.23267236351966858,0.1314612478017807,0.11272218078374863,0.0663796067237854
1026,,0.814478752555826,-0.0020898075929032343,0.046349309384822845,0.046349212527275085,0.04634922370314598,0.565155565738678,0.15674906969070435,0.046349212527275085,0.046349212527275085,0.046349212527275085
1027,,0.811490465627978,-0.0036757034007031853,0.12499874830245972,0.12499874830245972,0.125008687376976,0.12499874830245972,0.12499874830245972,0.12499874830245972,0.12499874830245972,0.12499874830245972
1028,,0.8145039272483491,0.0037066118846756273,0.12499924004077911,0.12499924004077911,0.12499924004077911,0.12499924004077911,0.125005304813385,0.12499924004077911,0.12499924004077911,0.12499924004077911
1029,,0.8166505681304602,0.002632052484870494,0.125,0.125,0.125,0.125,0.125,0.125,0.125,0.125
1030,,0.818333237665117,0.0020583324712785526,0.12499997019767761,0.12499997019767761,0.12499997019767761,0.1250002086162567,0.12499997019767761,0.12499997019767761,0.12499997019767761,0.12499997019767761
1031,,0.8187364573178587,0.0004926114778514341,0.125,0.125,0.125,0.125,0.125,0.1250000149011612,0.125,0.125
1032,,0.8190931828211799,0.00043560758728453184,0.12499997019767761,0.12499997019767761,0.12499997019767761,0.1250002086162567,0.12499997019767761,0.12499997019767761,0.12499997019767761,0.12499997019767761
1033,,0.8192478255907617,0.00018877970977607911,0.12499949336051941,0.12499949336051941,0.12499949336051941,0.12499949336051941,0.12499949336051941,0.12500356137752533,0.12499949336051941,0.12499949336051941
1034,,0.8202867275767856,0.0012673134860910098,0.125,0.125,0.125,0.125,0.125,0.125,0.125,0.125
1035,,0.8198917394150319,-0.0004816404767388389,0.12499590218067169,0.12499590218067169,0.12499590218067169,0.12500078976154327,0.12499590218067169,0.12499590218067169,0.1250237673521042,0.12499590218067169
1036,,0.8164900036827664,-0.004157636990020755,0.125,0.125,0.125,0.125,0.125,0.125,0.125,0.125
1037,,0.8196168982269345,0.0038223643548398706,0.12499997019767761,0.12499997019767761,0.12499997019767761,0.125,0.12499997019767761,0.12499997019767761,0.12500013411045074,0.12499997019767761
1038,,0.8194462293660666,-0.00020825172455115346,0.125,0.125,0.125,0.125,0.125,0.125,0.125,0.125
1039,,0.8200443107572271,0.0007295942282726216,0.125,0.125,0.125,0.125,0.125,0.125,0.125,0.125
1040,,0.8218949981766639,0.00225427114521569,0.125,0.125,0.125,0.125,0.125,0.125,0.125,0.125
1041,,0.8216933901997806,-0.0002453266028407652,0.125,0.125,0.125,0.125,0.125,0.125,0.125,0.125
1042,,0.8239873578589557,0.00278786653808213,0.12498767673969269,0.12498767673969269,0.12498767673969269,0.12498767673969269,0.12498767673969269,0.12498787045478821,0.12508603930473328,0.12498767673969269
1043,,0.8277673675544489,0.004576970461990566,0.1249971091747284,0.1249971091747284,0.12502016127109528,0.1249971091747284,0.1249971091747284,0.1249971091747284,0.1249971091747284,0.1249971091747284
1044,,0.8288818350971756,0.0013454480394076663,0.19455364346504211,0.05848092585802078,0.05848092585802078,0.454545795917511,0.05848092585802078,0.0584811232984066,0.05849575623869896,0.05848092585802078
1045,,0.830190137794032,0.0015771503460047446,0.12499979138374329,0.12499979138374329,0.12499979138374329,0.1250011920928955,0.12499997019767761,0.12499979138374329,0.12499979138374329,0.12499979138374329
1046,,0.8294714336694528,-0.000866085209011276,0.125,0.125,0.1250000149011612,0.125,0.125,0.125,0.125,0.125
1047,,0.8290023183538913,-0.0005657193277861258,0.07263224571943283,0.07263880968093872,0.4915728271007538,0.0726311057806015,0.0726311057806015,0.0726311132311821,0.07263161987066269,0.0726311057806015
1048,,0.8224109877405881,-0.007982696507043877,0.1262037456035614,0.12454337626695633,0.1245434358716011,0.12454614788293839,0.12454337626695633,0.12454337626695633,0.12454337626695633,0.12653321027755737
1049,,0.8273680186548311,0.006009345266816347,0.10152094066143036,0.10152094066143036,0.10152094066143036,0.1024884432554245,0.10152094066143036,0.28838586807250977,0.10152094066143036,0.10152094066143036
1050,,0.8265923061858176,-0.000938006207572705,0.12499913573265076,0.12499913573265076,0.12499913573265076,0.12499913573265076,0.1250060796737671,0.12499913573265076,0.12499913573265076,0.12499913573265076
1051,,0.8219789410187976,-0.00559681872094173,0.125,0.125,0.125,0.125,0.125,0.125,0.125,0.125
1052,,0.8139869265208356,-0.00977047044110934,0.12461308389902115,0.12770847976207733,0.12461308389902115,0.12461308389902115,0.12461308389902115,0.12461308389902115,0.12461308389902115,0.12461308389902115
1053,,0.8164584279648727,0.003031691102351032,0.12495607137680054,0.12525896728038788,0.12495607137680054,0.12495607137680054,0.12500455975532532,0.12495607137680054,0.12495607137680054,0.12495607137680054
1054,,0.8205354846330415,0.0049811609765575875,0.12498697638511658,0.12498697638511658,0.12498697638511658,0.12498697638511658,0.12509118020534515,0.12498697638511658,0.12498697638511658,0.12498697638511658
1055,,0.8231423851952012,0.0031720360733178583,0.125,0.1250000298023224,0.1250000149011612,0.125,0.125,0.125,0.125,0.125
1056,,0.8209272847108323,-0.0026946568813572625,0.12499678134918213,0.12499678134918213,0.12502260506153107,0.12499678134918213,0.12499678134918213,0.12499678134918213,0.12499678134918213,0.12499678134918213
1057,,0.8181828972266286,-0.003348634007557291,0.05241411179304123,0.13035427033901215,0.443194180727005,0.1643800288438797,0.05241493880748749,0.05241411179304123,0.0524141900241375,0.05241411179304123
1058,,0.8142486841737921,-0.004820074194424117,0.08607463538646698,0.08607464283704758,0.08607926219701767,0.08607463538646698,0.08607902377843857,0.08607463538646698,0.3974684774875641,0.08607463538646698
1059,,0.8156572582358442,0.0017284118991984427,0.11972053349018097,0.12213383615016937,0.15211926400661469,0.11972053349018097,0.11973096430301666,0.11972053349018097,0.1271338313817978,0.11972053349018097
1060,,0.8162067388203194,0.0006734392158085708,0.12290355563163757,0.13948523998260498,0.12290360033512115,0.12290355563163757,0.12309329956769943,0.12290355563163757,0.12290361523628235,0.12290355563163757
1061,,0.8144149441358651,-0.00219768377221054,0.11663701385259628,0.14203375577926636,0.14751847088336945,0.11663701385259628,0.1271563321352005,0.11663701385259628,0.11674343794584274,0.11663701385259628
1062,,0.8105858116668784,-0.004712784954106293,0.12434406578540802,0.12434406578540802,0.12434406578540802,0.12434406578540802,0.12959155440330505,0.12434406578540802,0.12434406578540802,0.12434406578540802
1063,,0.8114523128737936,0.00106841050926185,0.12298917025327682,0.12299070507287979,0.13884621858596802,0.1232171505689621,0.12298925220966339,0.12298917025327682,0.12298917025327682,0.12298917025327682
1064,,0.8086671099222845,-0.003438272088022562,0.1249999850988388,0.1249999850988388,0.1249999850988388,0.1249999850988388,0.12500007450580597,0.1249999850988388,0.1249999850988388,0.1249999850988388
1065,,0.812183137200966,0.00433850418937856,0.125,0.125,0.125,0.125,0.125,0.125,0.125,0.125
1066,,0.8171151009767822,0.006054114248975547,0.125,0.125,0.125,0.125,0.125,0.125,0.125,0.125
1067,,0.8164441431104242,-0.0008214674876558304,0.125,0.125,0.125,0.125,0.125,0.125,0.125,0.125
1068,,0.8116103756527141,-0.005938107852858919,0.125,0.125,0.125,0.125,0.125,0.125,0.125,0.125
1069,,0.8105086227130927,-0.001358412188195817,0.125,0.125,0.125,0.125,0.125,0.125,0.125,0.125
1070,,0.8112658806938491,0.000933863535527793,0.125,0.125,0.125,0.125,0.125,0.125,0.125,0.125
1071,,0.8157450151772189,0.0055059813188152356,0.12499994039535522,0.12499994039535522,0.12499994039535522,0.1250004917383194,0.12499994039535522,0.12499994039535522,0.12499994039535522,0.12499994039535522
1072,,0.8111960452405189,-0.005592067102718157,0.125,0.125,0.125,0.125,0.125,0.125,0.125,0.125
1073,,0.8066467955675799,-0.005623861043134692,0.125,0.125,0.125,0.125,0.12500004470348358,0.125,0.125,0.125
1074,,0.8090725781634452,0.003002729877420347,0.12487910687923431,0.1258462518453598,0.12487910687923431,0.12487910687923431,0.12487910687923431,0.12487910687923431,0.12487910687923431,0.12487910687923431
1075,,0.8082596086197666,-0.0010053217499690567,0.12487709522247314,0.12487709522247314,0.12487709522247314,0.12487709522247314,0.12586037814617157,0.12487709522247314,0.12487709522247314,0.12487709522247314
1076,,0.8044613776647085,-0.0047103473075482405,0.10389294475317001,0.08487002551555634,0.08487071841955185,0.08487002551555634,0.20509245991706848,0.08489794284105301,0.266635924577713,0.08487002551555634
1077,,0.8054978767135883,0.0012876092227368824,0.12492994219064713,0.12492907792329788,0.12549473345279694,0.12492965906858444,0.1249292716383934,0.12492907792329788,0.12492907792329788,0.12492907792329788
1078,,0.8114860404143537,0.007406617978318261,0.1243084967136383,0.12434568256139755,0.12980327010154724,0.1243084967136383,0.1243084967136383,0.1243084967136383,0.1243084967136383,0.1243084967136383
1079,,0.8087085628745696,-0.00342857611665557,0.12499997019767761,0.12499997019767761,0.12499997019767761,0.12499997019767761,0.12499997019767761,0.1250002086162567,0.12499997019767761,0.12499997019767761
1080,,0.8064948216945305,-0.0027411316584928388,0.125,0.125,0.125,0.125,0.125,0.125,0.125,0.125
1081,,0.8098074660943335,0.004099046401323656,0.125,0.125,0.125,0.125,0.125,0.125,0.125,0.125
1082,,0.8077104575585506,-0.002592873537864513,0.125,0.125,0.125,0.125,0.125,0.125,0.125,0.125
1083,,0.8065913246371507,-0.0013865227840697343,0.125,0.125,0.125,0.125,0.125,0.125,0.125,0.125
1084,,0.8075470100080764,0.0011841432200507499,0.1249995082616806,0.1249995082616806,0.1250012218952179,0.1249995082616806,0.1250016987323761,0.1249995082616806,0.1249995082616806,0.1249995082616806
1085,,0.8051558824797754,-0.0029653686263222214,0.125,0.125,0.125,0.125,0.125,0.125,0.125,0.125
1086,,0.8051179771717569,-4.7079331007373943e-05,0.1249999850988388,0.1249999850988388,0.12500010430812836,0.1249999850988388,0.1249999850988388,0.1249999850988388,0.1249999850988388,0.1249999850988388
1087,,0.8082114522221395,0.003834900405574892,0.12455272674560547,0.12455248832702637,0.12455248832702637,0.12813237309455872,0.12455248832702637,0.12455248832702637,0.12455248832702637,0.12455248832702637
1088,,0.8111908788251772,0.0036796661431037587,0.125,0.125,0.125,0.125,0.125,0.125,0.125,0.125
1089,,0.8118776048696866,0.0008462071593240996,0.125,0.125,0.125,0.125,0.125,0.125,0.125,0.125
1090,,0.8121988026833571,0.00039554520509549405,0.12493471056222916,0.12493471056222916,0.12493471056222916,0.12545712292194366,0.12493471056222916,0.12493471056222916,0.12493471056222916,0.12493471056222916
1091,,0.8127930049420793,0.0007313295764539336,0.12499958276748657,0.12499955296516418,0.12499955296516418,0.12500274181365967,0.12499986588954926,0.12499955296516418,0.12499955296516418,0.12499955296516418
1092,,0.8119608798926619,-0.001024309133759203,0.125,0.125,0.125,0.125,0.12500005960464478,0.125,0.125,0.125
1093,,0.8082631126492805,-0.004564521548384236,0.125,0.125,0.125,0.125,0.125,0.125,0.125,0.125
1094,,0.8071519845403151,-0.0013756566793590233,0.05642690509557724,0.05642690509557724,0.05642690509557724,0.05642697960138321,0.05642690509557724,0.6050115823745728,0.05642690509557724,0.05642691254615784
1095,,0.8063986903915803,-0.0009337100038637831,0.09261861443519592,0.026945888996124268,0.44416573643684387,0.10421062260866165,0.025943834334611893,0.15472373366355896,0.12542147934436798,0.02597004361450672
1096,,0.7962681626782543,-0.012642256400222004,0.0502413734793663,0.6449496150016785,0.05024581775069237,0.05043889582157135,0.05022817850112915,0.05022822692990303,0.053437136113643646,0.050230782479047775
1097,,0.7919206944967517,-0.005474763307596738,0.12499311566352844,0.12499311566352844,0.12499311566352844,0.12499535083770752,0.12499311566352844,0.1250459998846054,0.12499311566352844,0.12499311566352844
1098,,0.7924470233307617,0.000664402395288743,0.12492413818836212,0.12492413818836212,0.12492413818836212,0.12540756165981293,0.12492716312408447,0.12492413818836212,0.1249610111117363,0.12500762939453125
1099,,0.7906249157489795,-0.0023019906315541044,0.12499947845935822,0.12499947845935822,0.12499947845935822,0.12500347197055817,0.12499947845935822,0.12499964237213135,0.12499947845935822,0.12499947845935822
1100,,0.7822837811846323,-0.010606099096771925,0.4509785771369934,0.048735909163951874,0.048772506415843964,0.048735905438661575,0.2563793659210205,0.048873916268348694,0.048787958920001984,0.048735905438661575
1101,,0.7798083698908279,-0.003169356384241588,0.05311458930373192,0.36501267552375793,0.17859333753585815,0.05440017580986023,0.05311458930373192,0.05311458930373192,0.18953056633472443,0.05311954766511917
1102,,0.7767251179359886,-0.003961695667451291,0.124968521296978,0.12493973225355148,0.1249256581068039,0.12546341121196747,0.1249256581068039,0.1249256581068039,0.1249256581068039,0.1249256581068039
1103,,0.7761526767130946,-0.0007372650324400262,0.125,0.125,0.125,0.125,0.125,0.125,0.125,0.125
1104,,0.7736788280941144,-0.003192412481389262,0.07323139905929565,0.07323141396045685,0.07323365658521652,0.073267862200737,0.07323139905929565,0.07323139905929565,0.48733365535736084,0.07323914021253586
1105,,0.7789518202853024,0.0067923591095358235,0.1250000298023224,0.12499980628490448,0.12499980628490448,0.12499980628490448,0.12499980628490448,0.12499980628490448,0.12499980628490448,0.12500114738941193
1106,,0.7714364425371489,-0.009694909066669578,0.040306560695171356,0.04030623286962509,0.6727734208106995,0.04030591621994972,0.04030591621994972,0.04334745556116104,0.059656523168087006,0.0629979595541954
1107,,0.7695791911192531,-0.002410426314407018,0.1249571144580841,0.1249571144580841,0.1249571144580841,0.1249571144580841,0.1249571144580841,0.1249571144580841,0.1249571144580841,0.12530018389225006
1108,,0.7691857585152058,-0.0005113615470822858,0.12517091631889343,0.12534144520759583,0.12491592764854431,0.12491433322429657,0.12491436302661896,0.12491433322429657,0.12491433322429657,0.12491433322429657
1109,,0.7697763685648841,0.0007675433570208409,0.12499880790710449,0.1250077337026596,0.12499880790710449,0.12499888241291046,0.12499883770942688,0.12499880790710449,0.1249992698431015,0.12499880790710449
1110,,0.772865051757471,0.004004413831022794,0.12499623000621796,0.12502636015415192,0.12499623000621796,0.12499623000621796,0.12499623000621796,0.12499623000621796,0.12499623000621796,0.12499623000621796
1111,,0.7714096399303312,-0.0018849136955810817,0.12267716974020004,0.12267718464136124,0.12267716974020004,0.12267716974020004,0.12267721444368362,0.12267718464136124,0.12267716974020004,0.14125968515872955
1112,,0.7702992648671996,-0.0014404473525038636,0.18433788418769836,0.11170656234025955,0.11166170239448547,0.145645409822464,0.11166171729564667,0.11166181415319443,0.11166173219680786,0.11166311800479889
1113,,0.7646845919831862,-0.007315644265238962,0.05694947764277458,0.057002242654561996,0.05694516748189926,0.49182480573654175,0.12638944387435913,0.05694843828678131,0.09658115357160568,0.05735931172966957
1114,,0.7638601988294377,-0.0010786641498979357,0.12253722548484802,0.12253716588020325,0.12253718078136444,0.14222829043865204,0.12253716588020325,0.12253716588020325,0.12253765761852264,0.12254814803600311
1115,,0.7640470334642339,0.00024456280038292436,0.12448612600564957,0.12448612600564957,0.12448612600564957,0.12448612600564957,0.12451507896184921,0.12448612600564957,0.12448612600564957,0.12856820225715637
1116,,0.7690799827554519,0.00656562348421696,0.125,0.125,0.125,0.125,0.125,0.125,0.125,0.125
1117,,0.7680369267627899,-0.0013571591676623427,0.12500514090061188,0.12499912083148956,0.12499912083148956,0.12500010430812836,0.12499912083148956,0.12499912083148956,0.12499912083148956,0.12499912083148956
1118,,0.7690637050432301,0.0013359937689397961,0.12500108778476715,0.12499985098838806,0.12499985098838806,0.12499985098838806,0.12499985098838806,0.12499985098838806,0.12499985098838806,0.12499985098838806
1119,,0.7650168454072839,-0.005275953758769219,0.125,0.125,0.125,0.125,0.125,0.125,0.125,0.125
1120,,0.7686718162934973,0.0047662578419106665,0.12510615587234497,0.12498483061790466,0.12498483061790466,0.12498483061790466,0.12498483061790466,0.12498483061790466,0.12498483061790466,0.12498483061790466
1121,,0.7673419782984163,-0.0017315447713144505,0.10993842035531998,0.23113791644573212,0.1098170280456543,0.1098170354962349,0.1098170280456543,0.1098170280456543,0.10983835160732269,0.10981713980436325
1122,,0.7706416457912894,0.004290907268382355,0.1298941820859909,0.12430083751678467,0.12430086731910706,0.12430083751678467,0.12430083751678467,0.12430083751678467,0.12430083751678467,0.12430083751678467
1123,,0.773597842877694,0.0038286816511140173,0.125,0.125,0.125,0.125,0.125,0.125,0.125,0.125
1124,,0.7750736159393619,0.0019058574366682865,0.12655150890350342,0.12475934624671936,0.12475934624671936,0.12483049929141998,0.12475934624671936,0.12475934624671936,0.12475934624671936,0.12482121586799622
1125,,0.7765939797704335,0.0019596520824713324,0.12505115568637848,0.12499269843101501,0.12499269843101501,0.12499269843101501,0.12499269843101501,0.12499269843101501,0.12499269843101501,0.12499269843101501
1126,,0.774980915559169,-0.002079261268367153,0.11677722632884979,0.11677722632884979,0.11677722632884979,0.18255940079689026,0.11677722632884979,0.11677722632884979,0.11677722632884979,0.11677722632884979
1127,,0.7654089343906585,-0.012428158203134294,0.12494164705276489,0.12494164705276489,0.12494164705276489,0.12494164705276489,0.12494164705276489,0.12494164705276489,0.12494432181119919,0.12540575861930847
1128,,0.7664710463562295,0.0013866780023401668,0.11145522445440292,0.11148763447999954,0.11145522445440292,0.11145522445440292,0.11145522445440292,0.11145522445440292,0.21978099644184113,0.11145522445440292
1129,,0.7662499386419604,-0.0002885165897342876,0.12473449110984802,0.12473450601100922,0.12473449110984802,0.1247345507144928,0.12473449110984802,0.12473449110984802,0.12685857713222504,0.12473449110984802
1130,,0.7667986316333062,0.000715819479452409,0.12498009204864502,0.12504540383815765,0.12498009204864502,0.12498009204864502,0.12498009204864502,0.12498009204864502,0.12498071789741516,0.12507343292236328
1131,,0.7699737458246598,0.004132191280700436,0.125,0.125,0.125,0.125,0.125,0.125,0.125,0.125
1132,,0.767440235579983,-0.0032958104565800036,0.12497227638959885,0.12497229129076004,0.12497227638959885,0.12497227638959885,0.12497227638959885,0.12497227638959885,0.12519407272338867,0.12497227638959885
1133,,0.7752317451628806,0.010101403192352683,0.03933415189385414,0.03933415189385414,0.03933415189385414,0.7246609330177307,0.03933415189385414,0.03933415934443474,0.03933415189385414,0.03933415189385414
1134,,0.7784544240092826,0.004148435549048802,0.07118877023458481,0.07118376344442368,0.5016879439353943,0.07120446860790253,0.07118377834558487,0.07118376344442368,0.07118376344442368,0.07118376344442368
1135,,0.7792990444094572,0.0010844084125849686,0.046063367277383804,0.04590100795030594,0.07083094120025635,0.04590100795030594,0.04590101167559624,0.046600885689258575,0.652900755405426,0.04590100795030594
1136,,0.7781206832002653,-0.0015132226889865298,0.12499463558197021,0.12499463558197021,0.12499465048313141,0.12499463558197021,0.12499463558197021,0.12503749132156372,0.12499463558197021,0.12499463558197021
1137,,0.77339223990176,-0.006095286565202532,0.12488719820976257,0.12488719820976257,0.12488767504692078,0.12488938122987747,0.1257869303226471,0.12488719820976257,0.12488719820976257,0.12488719820976257
1138,,0.7754578248638784,0.0026672513159210604,0.12473414838314056,0.12473399937152863,0.12475548684597015,0.12473401427268982,0.12684032320976257,0.12473399937152863,0.12473399937152863,0.12473401427268982
1139,,0.7712017702013139,-0.005503558014741771,0.12500983476638794,0.12499773502349854,0.1249975860118866,0.1249975860118866,0.12499777972698212,0.1249975860118866,0.1249975860118866,0.12500424683094025
1140,,0.7738508047413566,0.003429057598055155,0.12499547004699707,0.12499544024467468,0.12499544024467468,0.12499544024467468,0.1250319927930832,0.12499544024467468,0.12499544024467468,0.12499544024467468
1141,,0.7724427226533965,-0.0018212356867819068,0.1250711977481842,0.1249796599149704,0.12498028576374054,0.12497913837432861,0.12505148351192474,0.12497992813587189,0.12497913837432861,0.1249791830778122
1142,,0.7777669012725489,0.006869005934805742,0.1305190622806549,0.1241246685385704,0.12412465363740921,0.12412465363740921,0.1241246685385704,0.12412465363740921,0.12412465363740921,0.12473306804895401
1143,,0.778363241929639,0.0007664406333720207,0.1250000149011612,0.1250000149011612,0.125,0.1250000149011612,0.1250000149011612,0.125,0.125,0.1250000149011612
1144,,0.7795643872153388,0.0015419785890256443,0.12500253319740295,0.12499964237213135,0.12499964237213135,0.12499964237213135,0.12499967217445374,0.12499964237213135,0.12499964237213135,0.12499964237213135
1145,,0.7810301483060262,0.0018784655313545111,0.12500135600566864,0.12499980628490448,0.12499980628490448,0.12499983608722687,0.12499980628490448,0.12499980628490448,0.12499980628490448,0.12499982118606567
1146,,0.7835501709226723,0.003221342828967766,0.12474620342254639,0.12474499642848969,0.12474499642848969,0.12475283443927765,0.12474507093429565,0.12474499642848969,0.12474499642848969,0.12677599489688873
1147,,0.7828657822521775,-0.0008738275585819013,0.1250000149011612,0.1249999850988388,0.12500008940696716,0.1249999850988388,0.1250000149011612,0.1249999850988388,0.1249999850988388,0.1249999850988388
1148,,0.7773813192484048,-0.007030278200837869,0.12499967217445374,0.12499964237213135,0.12499964237213135,0.12499964237213135,0.12499964237213135,0.12499964237213135,0.12499964237213135,0.12500254809856415
1149,,0.7763950972084733,-0.001269451848963412,0.125,0.125,0.125,0.125,0.125,0.125,0.125,0.125
1150,,0.778518871036335,0.00273169473282149,0.125,0.125,0.125,0.125,0.125,0.125,0.125,0.125
1151,,0.7823271905007357,0.004879823981923173,0.12505175173282623,0.1249879002571106,0.12502378225326538,0.12498730421066284,0.12498730421066284,0.12498730421066284,0.12498730421066284,0.12498730421066284
1152,,0.7869864918707236,0.005938028977855427,0.125,0.125,0.125,0.125,0.125,0.125,0.125,0.125
1153,,0.7878400331497937,0.00108398144060463,0.1245214119553566,0.1245214119553566,0.1245214119553566,0.1245214119553566,0.1283494532108307,0.12452144175767899,0.12452208250761032,0.1245214119553566
1154,,0.7846544893672986,-0.00405158567426378,0.1249990165233612,0.1249990165233612,0.1249990165233612,0.12500682473182678,0.1249990165233612,0.1249990165233612,0.1249990165233612,0.1249990165233612
1155,,0.7847598715392166,0.00013429489967895858,0.12497449666261673,0.12497449666261673,0.12497449666261673,0.1251785308122635,0.12497449666261673,0.12497449666261673,0.12497449666261673,0.12497449666261673
1156,,0.7818088684634872,-0.0037674779164062647,0.125,0.125,0.125,0.125,0.125,0.125,0.125,0.125
1157,,0.7863822403011008,0.005832688092223249,0.1036422848701477,0.10364208370447159,0.10364208370447159,0.27444854378700256,0.10364208370447159,0.10364209860563278,0.10369865596294403,0.10364208370447159
1158,,0.7878541727201319,0.0018700276982568946,0.1250007003545761,0.12499985098838806,0.12499985098838806,0.12499985098838806,0.12499985098838806,0.12499985098838806,0.12500016391277313,0.12499985098838806
1159,,0.7878449886926596,-1.1657082389039047e-05,0.125,0.125,0.125,0.125,0.125,0.125,0.125,0.125
1160,,0.7881335319677424,0.0003661766636083019,0.24593086540699005,0.1077241376042366,0.1077241376042366,0.10772425681352615,0.10772426426410675,0.1077241376042366,0.1077241376042366,0.1077241376042366
1161,,0.7898296583802515,0.002149767594205911,0.12305637449026108,0.1230543926358223,0.1230543926358223,0.13861720263957977,0.1230543926358223,0.1230543926358223,0.12305440753698349,0.1230543926358223
1162,,0.7902871767264763,0.0005790943414379785,0.125,0.125,0.125,0.125,0.125,0.125,0.125,0.125
1163,,0.7876123283004668,-0.003390394609693688,0.125,0.125,0.125,0.125,0.125,0.125,0.125,0.125
1164,,0.7860023707693883,-0.0020461909688024235,0.125,0.1250000149011612,0.125,0.125,0.125,0.125,0.1250000149011612,0.125
1165,,0.7855035417037379,-0.0006348421325614847,0.12499994039535522,0.12500038743019104,0.12499994039535522,0.12499994039535522,0.12499994039535522,0.12499994039535522,0.12499995529651642,0.12499994039535522
1166,,0.787272612944139,0.0022496169988919313,0.12499977648258209,0.12499977648258209,0.12499977648258209,0.12499977648258209,0.12499977648258209,0.12499977648258209,0.12500153481960297,0.12499977648258209
1167,,0.7878257313576178,0.0007023287634275133,0.125,0.125,0.125,0.125,0.125,0.125,0.125,0.125
1168,,0.7887669628221028,0.0011940072788390265,0.125,0.125,0.125,0.125,0.125,0.125,0.125,0.125
1169,,0.7902032686736029,0.0018192949037433282,0.124903604388237,0.124903604388237,0.124903604388237,0.12491042166948318,0.124903604388237,0.124903604388237,0.1256679743528366,0.124903604388237
1170,,0.7927608373617003,0.0032313694338402736,0.0541568286716938,0.054156143218278885,0.054156143218278885,0.22076503932476044,0.054156143218278885,0.28488045930862427,0.054169390350580215,0.2235599309206009
1171,,0.7910600102152142,-0.002147752762431537,0.125,0.125,0.125,0.125,0.125,0.125,0.125,0.125
1172,,0.7917354898382166,0.0008535274000810128,0.13642902672290802,0.09800603240728378,0.095826156437397,0.09582630544900894,0.09605275094509125,0.18498745560646057,0.09583735466003418,0.19703486561775208
1173,,0.7902727496892482,-0.0018492199082846817,0.12499994039535522,0.12500007450580597,0.12499994039535522,0.12499994039535522,0.12499994039535522,0.12499994039535522,0.12500029802322388,0.12499994039535522
1174,,0.789982185917093,-0.00036774291145398076,0.12498712539672852,0.12499845027923584,0.12498712539672852,0.1250787377357483,0.12498712539672852,0.12498712539672852,0.12498712539672852,0.12498712539672852
1175,,0.7890005189751909,-0.0012434171258988804,0.12496482580900192,0.12524421513080597,0.12496482580900192,0.12496628612279892,0.12496482580900192,0.12496482580900192,0.12496533244848251,0.12496482580900192
1176,,0.7878987021418528,-0.0013974475957510995,0.12494254112243652,0.12494254112243652,0.12494254112243652,0.12494254112243652,0.12494257092475891,0.12540088593959808,0.12494391947984695,0.12494254112243652
1177,,0.7938512669272286,0.007526591436837303,0.08487638831138611,0.24368733167648315,0.08231593668460846,0.14729291200637817,0.17677320539951324,0.09883718192577362,0.08296744525432587,0.08324962854385376
1178,,0.7919709225756374,-0.0023714452291735267,0.08749217540025711,0.3861345648765564,0.08749217540025711,0.08749217540025711,0.08749451488256454,0.08880718797445297,0.08759503066539764,0.08749217540025711
1179,,0.7893359807370843,-0.0033326159162948834,0.09792038798332214,0.09958555549383163,0.09792038798332214,0.09792038798332214,0.3128901720046997,0.09792124480009079,0.09792085736989975,0.09792093932628632
1180,,0.7912295395359655,0.0023960534131800926,0.07312338799238205,0.07312338054180145,0.07312338054180145,0.21621696650981903,0.07313210517168045,0.08997500687837601,0.07312338054180145,0.3281823396682739
1181,,0.7938018364533341,0.0032457391248636703,0.1102532148361206,0.1102532148361206,0.1102532148361206,0.1102532148361206,0.11336205899715424,0.1102532148361206,0.22511859238147736,0.1102532148361206
1182,,0.7916256590933509,-0.002745226423515058,0.12449168413877487,0.12449168413877487,0.1245044469833374,0.12449168413877487,0.12449168413877487,0.12854541838169098,0.12449168413877487,0.12449168413877487
1183,,0.7905509645079294,-0.0013585016169140457,0.1234540119767189,0.03415655344724655,0.15995271503925323,0.0341559574007988,0.034156814217567444,0.18139658868312836,0.20543520152568817,0.22729218006134033
1184,,0.7872869679200515,-0.004137308625558009,0.2393227368593216,0.22409966588020325,0.41052594780921936,0.015067792497575283,0.06623953580856323,0.014912469312548637,0.014919457957148552,0.014912428334355354
1185,,0.7919471164722971,0.005901800277564528,0.114455945789814,0.1144561618566513,0.11445596069097519,0.11445596814155579,0.114455945789814,0.114455945789814,0.19880808889865875,0.114455945789814
1186,,0.7915625443563217,-0.000485721221725956,0.12498800456523895,0.12498800456523895,0.12508396804332733,0.12498800456523895,0.12498800456523895,0.12498800456523895,0.12498800456523895,0.12498800456523895
1187,,0.7878580868593574,-0.004690915411257985,0.12498236447572708,0.12497139722108841,0.12497139722108841,0.12497139722108841,0.12497139722108841,0.12497139722108841,0.12518931925296783,0.12497139722108841
1188,,0.7887372869579388,0.001115314942972319,0.12499615550041199,0.1249963641166687,0.12499576807022095,0.12499576807022095,0.12499576807022095,0.12499576807022095,0.12502874433994293,0.12499576807022095
1189,,0.7875428859275179,-0.0015154682264731537,0.1208491176366806,0.1209191232919693,0.12083737552165985,0.12083740532398224,0.12252269685268402,0.15235236287117004,0.1208445355296135,0.12083737552165985
1190,,0.7875507700332661,1.0010967561883266e-05,0.12451618909835815,0.12451618909835815,0.12451618909835815,0.12451618909835815,0.12838658690452576,0.12451618909835815,0.12451618909835815,0.12451618909835815
1191,,0.7885781495416827,0.0013036746438255026,0.12497348338365555,0.12497348338365555,0.12497348338365555,0.12497348338365555,0.12518560886383057,0.12497348338365555,0.12497348338365555,0.12497348338365555
1192,,0.7876619834142414,-0.0011624703767615851,0.125,0.125,0.125,0.125,0.125,0.125,0.125,0.125
1193,,0.783092661806807,-0.005818011756759573,0.07875243574380875,0.078733891248703,0.07875897735357285,0.44882088899612427,0.07873345911502838,0.07873345911502838,0.07873345911502838,0.07873345911502838
1194,,0.7811084415515918,-0.002537041196626236,0.12497293204069138,0.12517890334129333,0.12498369812965393,0.12497290223836899,0.12497290223836899,0.12497290223836899,0.12497290223836899,0.12497290223836899
1195,,0.7863601009189448,0.006700841357336267,0.125,0.125,0.125,0.1250000149011612,0.125,0.125,0.125,0.125
1196,,0.7857293600597868,-0.0008024236643747156,0.12498341500759125,0.12498341500759125,0.12510539591312408,0.12498341500759125,0.12499408423900604,0.12498341500759125,0.12498341500759125,0.12498341500759125
1197,,0.7873053229800443,0.0020037237125515722,0.125,0.125,0.125,0.125,0.125,0.125,0.125,0.125
1198,,0.7856765918751152,-0.0020708841870634635,0.04965225234627724,0.049890391528606415,0.6521961092948914,0.04965225234627724,0.04965224489569664,0.04965224489569664,0.04965224489569664,0.04965224489569664
1199,,0.7853959576001996,-0.0003572518379166361,0.05547405779361725,0.05547405779361725,0.05547461658716202,0.05547405779361725,0.05547453463077545,0.05547405779361725,0.610393762588501,0.05676083639264107
1200,,0.7877442781879164,0.0029855219243336427,0.12188819795846939,0.12188819795846939,0.12188819795846939,0.12188819795846939,0.12188819795846939,0.14678259193897247,0.12188819795846939,0.12188819795846939
1201,,0.7853032999862979,-0.003103504553486437,0.1223749965429306,0.1223749965429306,0.1223749965429306,0.14337506890296936,0.1223749965429306,0.1223749965429306,0.1223749965429306,0.1223749965429306
1202,,0.7843991458128745,-0.0011520072174653726,0.125,0.125,0.125,0.125,0.125,0.125,0.125,0.125
1203,,0.7829946666457802,-0.001792120820979781,0.12499997019767761,0.125,0.12499997019767761,0.12499997019767761,0.12500028312206268,0.12499997019767761,0.12499997019767761,0.12499997019767761
1204,,0.7817427341247477,-0.001600182608987168,0.12499997019767761,0.12499997019767761,0.12500013411045074,0.12499997019767761,0.12499997019767761,0.12499997019767761,0.12499997019767761,0.12499997019767761
1205,,0.7851219882861428,0.004313402877015532,0.125,0.125,0.125,0.125,0.125,0.125,0.125,0.125
1206,,0.7827129953223416,-0.0030730209298238833,0.12349237501621246,0.13555337488651276,0.12349237501621246,0.12349237501621246,0.12349237501621246,0.12349244952201843,0.12349237501621246,0.12349237501621246
1207,,0.7823923648526054,-0.0004097238210030894,0.11799582093954086,0.12090039253234863,0.11799582093954086,0.11799582093954086,0.11799582093954086,0.17080850899219513,0.11799582093954086,0.11831201612949371
1208,,0.7836180001131082,0.001565296805400377,0.125,0.125,0.125,0.125,0.125,0.125,0.125,0.125
1209,,0.7834132440614845,-0.0002613298918579227,0.10553061217069626,0.10548266768455505,0.1259191781282425,0.10548268258571625,0.12049420177936554,0.21461816132068634,0.11696639657020569,0.10550619661808014
1210,,0.7820247614530091,-0.0017739226563948639,0.1276177316904068,0.1241956278681755,0.12720604240894318,0.1241956278681755,0.1241956278681755,0.1241956278681755,0.12419804185628891,0.1241956278681755
1211,,0.7775429297131329,-0.005747546711952673,0.12499980628490448,0.12499980628490448,0.12500134110450745,0.12499980628490448,0.12499980628490448,0.12499980628490448,0.12499982118606567,0.12499980628490448
1212,,0.7772520217167012,-0.00037420754364921765,0.08752837777137756,0.09258972108364105,0.08752837777137756,0.08752837777137756,0.08752837777137756,0.08752837777137756,0.08753024786710739,0.38223814964294434
1213,,0.767386500982564,-0.012774062980698117,0.07019855082035065,0.5006173253059387,0.070198655128479,0.07043536752462387,0.07019855082035065,0.07019855082035065,0.07795378565788269,0.0701991617679596
1214,,0.7649826913368005,-0.0031373792028269332,0.12499986588954926,0.1250004917383194,0.1250002682209015,0.12499986588954926,0.12499986588954926,0.12499986588954926,0.12499986588954926,0.12499986588954926
1215,,0.7669452022793548,0.0025621467228624448,0.1249999850988388,0.1249999850988388,0.12500007450580597,0.1249999850988388,0.1249999850988388,0.1250000149011612,0.125,0.1249999850988388
1216,,0.7675165598404255,0.0007447009779985626,0.12499985098838806,0.12500111758708954,0.12499986588954926,0.12499985098838806,0.12499985098838806,0.12499985098838806,0.12499985098838806,0.12499985098838806
1217,,0.7683868415764713,0.001133250734885708,0.1249999850988388,0.12500013411045074,0.1249999850988388,0.1249999850988388,0.1249999850988388,0.1249999850988388,0.1249999850988388,0.1249999850988388
1218,,0.7699635341784903,0.002049849213752583,0.125,0.125,0.125,0.125,0.125,0.125,0.125,0.125
1219,,0.7676114952310148,-0.0030594159466467825,0.0923302099108696,0.09248191118240356,0.0923302099108696,0.0923302099108696,0.0923302099108696,0.0923302099108696,0.35353684425354004,0.0923302099108696
1220,,0.76971826420866,0.002740817685419149,0.12393864244222641,0.1264079511165619,0.12254729121923447,0.12255790829658508,0.12254729121923447,0.12254729121923447,0.13690632581710815,0.12254729121923447
1221,,0.7738160014689872,0.005309563873261941,0.125,0.125,0.125,0.125,0.125,0.125,0.125,0.125
1222,,0.7697794933685238,-0.005230019541878799,0.12499994039535522,0.12500031292438507,0.12499994039535522,0.12499994039535522,0.12499994039535522,0.12499994039535522,0.12499994039535522,0.125
1223,,0.7702381303806893,0.0005956256846050162,0.10995715111494064,0.10995715111494064,0.10995715856552124,0.10995715111494064,0.10995715111494064,0.23029975593090057,0.10995737463235855,0.10995715111494064
1224,,0.7711608775559889,0.0011972854280789685,0.09716221690177917,0.09716221690177917,0.09716221690177917,0.09716221690177917,0.09716221690177917,0.09716660529375076,0.3198600113391876,0.09716221690177917
1225,,0.7708589032785976,-0.0003916607101993242,0.125,0.125,0.125,0.125,0.125,0.125,0.125,0.125
1226,,0.7694788042803729,-0.0017919438844493894,0.12499995529651642,0.12499995529651642,0.12499995529651642,0.12500004470348358,0.12499995529651642,0.12499995529651642,0.12500016391277313,0.12499995529651642
1227,,0.7674400900303424,-0.002652990282498001,0.050564464181661606,0.050564464181661606,0.050564464181661606,0.050564464181661606,0.050564464181661606,0.13169626891613007,0.5649169683456421,0.050564464181661606
1228,,0.7667950366075115,-0.0008408795361805331,0.06319974362850189,0.06319974362850189,0.06319974362850189,0.06319974362850189,0.06319974362850189,0.06319974362850189,0.557601809501648,0.06319974362850189
1229,,0.7675531873634155,0.0009882382705062465,0.125,0.125,0.125,0.1250000149011612,0.125,0.125,0.125,0.125
1230,,0.7743777813129761,0.008852067507855924,0.12508650124073029,0.12498761713504791,0.12498767673969269,0.12498761713504791,0.12498761713504791,0.12498775124549866,0.12498761713504791,0.12498761713504791
1231,,0.7722712727270189,-0.002723966219715681,0.125,0.125,0.125,0.125,0.125,0.125,0.125,0.125
1232,,0.7727241748882627,0.0005862828591706069,0.125,0.125,0.125,0.125,0.125,0.125,0.125,0.125
1233,,0.776463221809311,0.004827116705606897,0.12500403821468353,0.12499943375587463,0.12499943375587463,0.12499943375587463,0.12499943375587463,0.12499943375587463,0.12499943375587463,0.12499943375587463
1234,,0.7765305586817269,8.671879218573191e-05,0.12499994039535522,0.12499994039535522,0.12499994039535522,0.12499994039535522,0.12499994039535522,0.12499994039535522,0.12500041723251343,0.12499994039535522
1235,,0.7754649751610412,-0.0013731788074000857,0.125,0.125,0.125,0.125,0.125,0.125,0.125,0.125
1236,,0.774949596943409,-0.0006648263579146006,0.125,0.125,0.125,0.125,0.125,0.125,0.125,0.125
1237,,0.7774404890365583,0.0032091086555162394,0.125,0.125,0.125,0.125,0.125,0.125,0.125,0.125
1238,,0.776632378900323,-0.001039990113390602,0.12498709559440613,0.12498709559440613,0.12498709559440613,0.12509021162986755,0.12498709559440613,0.12498709559440613,0.12498727440834045,0.12498709559440613
1239,,0.7760216776425133,-0.0007866546791017702,0.3054456114768982,0.07976354658603668,0.1599777787923813,0.2568869888782501,0.013093882240355015,0.15950293838977814,0.012664616107940674,0.0126646151766181
1240,,0.7712460437485088,-0.006173009354508676,0.015922073274850845,0.015922093763947487,0.01592209003865719,0.12037351727485657,0.23770356178283691,0.275986909866333,0.015922073274850845,0.30224770307540894
1241,,0.7725777606867263,0.0017252192441905435,0.26653537154197693,0.22149769961833954,0.08533471822738647,0.0853256955742836,0.08532567322254181,0.08532948046922684,0.08532567322254181,0.0853256955742836
1242,,0.7735404082183809,0.0012452446073110929,0.12499989569187164,0.12499995529651642,0.12499989569187164,0.12499994039535522,0.12499989569187164,0.12500058114528656,0.12499989569187164,0.12499989569187164
1243,,0.7740247134780012,0.000625893241765082,0.2509559094905853,0.0611044317483902,0.0611044317483902,0.0611044317483902,0.1797308474779129,0.26379111409187317,0.0611044317483902,0.0611044317483902
1244,,0.7746076422964832,0.0007528305137623793,0.11895900219678879,0.11895900219678879,0.11895900219678879,0.16696853935718536,0.1189751923084259,0.1192612573504448,0.11895900219678879,0.11895900219678879
1245,,0.7744382701587627,-0.00021867930063738066,0.125,0.125,0.125,0.125,0.125,0.125,0.125,0.125
1246,,0.7742822054111197,-0.00020154024000207713,0.1249999850988388,0.1249999850988388,0.1249999850988388,0.12500004470348358,0.1249999850988388,0.1249999850988388,0.12500004470348358,0.1249999850988388
1247,,0.7713903140180294,-0.0037419242835632508,0.125,0.125,0.125,0.125,0.125,0.125,0.125,0.1250000149011612
1248,,0.7711984843660317,-0.0002487113262944331,0.07273943722248077,0.20299473404884338,0.043045513331890106,0.4108109176158905,0.04317864030599594,0.12755891680717468,0.04914190620183945,0.050529878586530685
1249,,0.7710292822282213,-0.00021942561553398393,0.12499997019767761,0.12499997019767761,0.12500005960464478,0.12499997019767761,0.12500014901161194,0.12499997019767761,0.12499997019767761,0.12499997019767761
1250,,0.7703392439311577,-0.0008953580295056393,0.12492753565311432,0.1249605342745781,0.12492750585079193,0.1249523013830185,0.12492747604846954,0.12492747604846954,0.12492747604846954,0.1254497617483139
1251,,0.7698912721829404,-0.0005816944362057753,0.12500005960464478,0.12500353157520294,0.12499934434890747,0.12499934434890747,0.12499934434890747,0.12499935925006866,0.12499934434890747,0.12499973177909851
1252,,0.7674312537832177,-0.003200396088532833,0.08424513787031174,0.13202251493930817,0.08424252271652222,0.08424226194620132,0.08424226194620132,0.3204312026500702,0.08424226194620132,0.12633183598518372
1253,,0.7680747876305445,0.0008382043022278648,0.07663936167955399,0.07663936167955399,0.09345537424087524,0.07663936167955399,0.08951504528522491,0.4338327646255493,0.07663936167955399,0.07663936167955399
1254,,0.7664334631660842,-0.002139219635392065,0.1241968497633934,0.12419696897268295,0.12437712401151657,0.1241968497633934,0.13042423129081726,0.12421426177024841,0.1241968497633934,0.1241968497633934
1255,,0.7684124762707581,0.002578778951742572,0.11401738971471786,0.11401830613613129,0.11401738971471786,0.11401738971471786,0.20187732577323914,0.11401738971471786,0.11401738971471786,0.11401738971471786
1256,,0.7693326938671005,0.0011968403140622944,0.09199711680412292,0.09199711680412292,0.09199711680412292,0.35601794719696045,0.09199711680412292,0.09199927747249603,0.09199711680412292,0.09199711680412292
1257,,0.768023285830758,-0.0017034549840980403,0.12499532103538513,0.12499532103538513,0.12503260374069214,0.12499532103538513,0.12499532103538513,0.12499532103538513,0.12499549984931946,0.12499532103538513
1258,,0.7713766674145087,0.004356745472098577,0.12503455579280853,0.12498904764652252,0.12498904764652252,0.12499035894870758,0.1250298172235489,0.12498904764652252,0.12498904764652252,0.12498904764652252
1259,,0.7747053891207447,0.0043060157583880545,0.11222796887159348,0.11222244799137115,0.21443648636341095,0.1122233122587204,0.11222244799137115,0.11222244799137115,0.11222244799137115,0.11222244799137115
1260,,0.7708157051183054,-0.005033502589388449,0.12398070842027664,0.12398070842027664,0.12398162484169006,0.12398070842027664,0.1321340948343277,0.12398070842027664,0.12398070842027664,0.12398070842027664
1261,,0.7709975931946307,0.00023594047005310535,0.12498921155929565,0.12498921155929565,0.12507475912570953,0.12498921155929565,0.12498921155929565,0.12498921155929565,0.12498921155929565,0.1249900609254837
1262,,0.7693900488554896,-0.0020871952992191477,0.125,0.125,0.125,0.125,0.125,0.125,0.125,0.125
1263,,0.7698822831767306,0.0006395675771942257,0.125,0.125,0.125,0.125,0.1250000149011612,0.125,0.125,0.125
1264,,0.7706674319614583,0.0010193099839527998,0.12025269865989685,0.12025269865989685,0.12025991082191467,0.12025269865989685,0.15822388231754303,0.12025269865989685,0.12025269865989685,0.12025269865989685
1265,,0.7723934654317606,0.002237156282164844,0.125,0.125,0.125,0.125,0.125,0.125,0.125,0.125
1266,,0.7714036301197686,-0.0012823387872461004,0.12499949336051941,0.12499949336051941,0.12500247359275818,0.12500052154064178,0.12499949336051941,0.12499949336051941,0.12499949336051941,0.12499949336051941
1267,,0.7721352520665774,0.0009479800088518388,0.12499997019767761,0.12499997019767761,0.12500017881393433,0.1249999850988388,0.12499997019767761,0.12499997019767761,0.12499997019767761,0.12499997019767761
1268,,0.7727254012142843,0.000764016062109376,0.12499949336051941,0.12499949336051941,0.1249995082616806,0.12500356137752533,0.1249995082616806,0.12499949336051941,0.1249995082616806,0.12499949336051941
1269,,0.7729098473163409,0.00023866705046687753,0.12499837577342987,0.12499837577342987,0.12500472366809845,0.12499837577342987,0.1250050663948059,0.12499837577342987,0.12499837577342987,0.12499837577342987
1270,,0.7741084140011233,0.0015495187801800436,0.125,0.1250000149011612,0.125,0.125,0.125,0.125,0.125,0.125
1271,,0.7763229272681007,0.0028566434565355588,0.12394969910383224,0.1323520690202713,0.12394971400499344,0.12394969910383224,0.12394972145557404,0.12394969910383224,0.12394969910383224,0.12394969910383224
1272,,0.7772578608208014,0.001203585513842818,0.10849577933549881,0.15959620475769043,0.18942907452583313,0.10849577933549881,0.10849577933549881,0.10849590599536896,0.10849577933549881,0.10849577933549881
1273,,0.776311425846752,-0.0012184008775837064,0.12499929964542389,0.12499934434890747,0.12500444054603577,0.12499929964542389,0.12499929964542389,0.12499970197677612,0.12499931454658508,0.12499929964542389
1274,,0.7747307836906264,-0.0020381685212549077,0.125,0.125,0.125,0.1250000149011612,0.125,0.1250000149011612,0.125,0.125
1275,,0.7725978048784183,-0.0027569841067021346,0.11978127062320709,0.14265556633472443,0.11978127062320709,0.11978139728307724,0.11978127062320709,0.11978132277727127,0.13865675032138824,0.11978127062320709
1276,,0.7711120230247127,-0.0019249502537825437,0.12499934434890747,0.12499934434890747,0.12499934434890747,0.12499934434890747,0.12500455975532532,0.12499934434890747,0.12499934434890747,0.12499934434890747
1277,,0.7722637033092771,0.001492417534727324,0.11510626971721649,0.11510639637708664,0.11510626971721649,0.19425593316555023,0.11510626971721649,0.11510626971721649,0.11510626971721649,0.11510626971721649
1278,,0.7718105289478727,-0.000586985217354207,0.034170184284448624,0.20696906745433807,0.09660553932189941,0.10339393466711044,0.25247713923454285,0.03366771712899208,0.23904813826084137,0.03366825357079506
1279,,0.7716081225183374,-0.00026228325089017694,0.04287739843130112,0.38532590866088867,0.04419846460223198,0.04287739843130112,0.3465145528316498,0.04287739843130112,0.05245152860879898,0.04287739843130112
1280,,0.7716124399535849,5.595357335732727e-06,0.10428301990032196,0.10428301990032196,0.10428301990032196,0.10428301990032196,0.10428301990032196,0.10428301990032196,0.2700187861919403,0.10428301990032196
1281,,0.7702977820164258,-0.0017052332061786044,0.1240793839097023,0.13126379251480103,0.1240793839097023,0.1240793839097023,0.1240793839097023,0.1240793839097023,0.12425985187292099,0.1240793839097023
1282,,0.7710353613409475,0.0009570667885796773,0.12499687075614929,0.12502117455005646,0.12499687075614929,0.12499687075614929,0.12499751150608063,0.12499687075614929,0.12499687075614929,0.12499687075614929
1283,,0.7720954704423483,0.001373971987778054,0.12499979138374329,0.12499979138374329,0.12499979138374329,0.12499979138374329,0.12499979138374329,0.12499979138374329,0.12500140070915222,0.12499979138374329
1284,,0.7705432877322486,-0.002012374220070525,0.12499365210533142,0.12499365210533142,0.12499365210533142,0.12499365210533142,0.12499374151229858,0.12499365210533142,0.1250443309545517,0.12499365210533142
1285,,0.7715564160771309,0.0013139597759374711,0.08893769979476929,0.08893769979476929,0.08894789963960648,0.3773820698261261,0.08893834799528122,0.08898088335990906,0.08893769979476929,0.08893769979476929
1286,,0.7696185332834111,-0.002514813539934992,0.1249358057975769,0.12493591010570526,0.1249358206987381,0.12493662536144257,0.1254483312368393,0.1249358057975769,0.12493592500686646,0.1249358057975769
1287,,0.7701741262870953,0.0007216465468157799,0.12290732562541962,0.1294228434562683,0.12290734052658081,0.12296977639198303,0.13307073712348938,0.12290732562541962,0.12290732562541962,0.12290732562541962
1288,,0.7696671653127981,-0.000658458758548075,0.12159550189971924,0.1235731840133667,0.12159565836191177,0.12159551680088043,0.14685364067554474,0.12159550189971924,0.12159550189971924,0.12159550189971924
1289,,0.7715121689157571,0.002394276179760901,0.09380054473876953,0.09382028877735138,0.34329426288604736,0.0938820019364357,0.09380124509334564,0.09380054473876953,0.09380054473876953,0.09380054473876953
1290,,0.7685664563867447,-0.0038254100444657098,0.04815322160720825,0.04815332591533661,0.048153504729270935,0.25589537620544434,0.42300868034362793,0.04815322905778885,0.08032948523759842,0.04815322160720825
1291,,0.7678298749348689,-0.0009588430970482864,0.12492460012435913,0.12492460012435913,0.1255277693271637,0.12492460012435913,0.12492461502552032,0.12492460012435913,0.12492460012435913,0.12492460012435913
1292,,0.763188911335576,-0.0060626007412014835,0.12499995529651642,0.12499995529651642,0.12499995529651642,0.12500007450580597,0.12500017881393433,0.12499995529651642,0.12499995529651642,0.12499995529651642
1293,,0.7620433631660768,-0.0015021297464664729,0.12049713730812073,0.12030993402004242,0.12030993402004242,0.15632706880569458,0.12162620574235916,0.12030993402004242,0.12030993402004242,0.12030993402004242
1294,,0.7639072148857999,0.0024428741971466326,0.125,0.125,0.125,0.1250000298023224,0.125,0.125,0.125,0.125
1295,,0.7631973686173014,-0.000929663007094488,0.12472322583198547,0.12472318112850189,0.12472318112850189,0.12473157048225403,0.12692886590957642,0.12472350895404816,0.12472318112850189,0.12472318112850189
1296,,0.7648596306333821,0.0021756553225248574,0.10680712759494781,0.10680712759494781,0.10680712759494781,0.13510853052139282,0.2240460216999054,0.10680712759494781,0.10680714249610901,0.1068098321557045
1297,,0.7648563275189093,-4.318598436922872e-06,0.12391062825918198,0.1239112988114357,0.12391061335802078,0.13256201148033142,0.12394984811544418,0.123929463326931,0.12391089648008347,0.1239151805639267
1298,,0.7634649446933647,-0.0018207993767384416,0.12499256432056427,0.12499256432056427,0.12499256432056427,0.12499552965164185,0.1249927431344986,0.12499256432056427,0.12499256432056427,0.1250489205121994
1299,,0.7619214947479894,-0.002023684532925621,0.04582662507891655,0.04582664743065834,0.04582662507891655,0.3457876741886139,0.3053521513938904,0.11721010506153107,0.04582666978240013,0.04834349825978279
1300,,0.7599477849645753,-0.0025937981879040196,0.12864695489406586,0.12446599453687668,0.12446599453687668,0.12450699508190155,0.1245160773396492,0.12446600943803787,0.12446599453687668,0.12446599453687668
1301,,0.7613037996124402,0.0017827623264393777,0.0571245402097702,0.057124409824609756,0.057124409824609756,0.6001288890838623,0.057124484330415726,0.057124409824609756,0.057124409824609756,0.057124409824609756
1302,,0.7606199050641179,-0.0008987238877388639,0.12497026473283768,0.12497026473283768,0.12497026473283768,0.12497026473283768,0.12520812451839447,0.12497026473283768,0.12497026473283768,0.12497026473283768
1303,,0.7603178567594233,-0.00039718694117161016,0.125,0.125,0.125,0.1250000149011612,0.125,0.125,0.125,0.125
1304,,0.761721417963235,0.0018443171933513174,0.07733064144849777,0.07733064144849777,0.1655445396900177,0.07733064144849777,0.07983952015638351,0.07733064144849777,0.36796268820762634,0.07733064144849777
1305,,0.7612401638970793,-0.0006319976654780571,0.10102742165327072,0.10102742165327072,0.10102742165327072,0.10102742165327072,0.29270491003990173,0.10102742165327072,0.10102744400501251,0.10113056004047394
1306,,0.7605990979110023,-0.0008424884809892294,0.06767497211694717,0.06767497211694717,0.06767497211694717,0.5262749195098877,0.06767527759075165,0.06767497211694717,0.06767497211694717,0.06767497211694717
1307,,0.7586910128915302,-0.0025118126013102785,0.12491988390684128,0.12491988390684128,0.12491988390684128,0.12556080520153046,0.12491988390684128,0.12491988390684128,0.12491988390684128,0.12491988390684128
1308,,0.7600016072653343,0.0017259512316767306,0.125,0.125,0.125,0.125,0.12500004470348358,0.125,0.1250000149011612,0.125
1309,,0.7591748075468285,-0.001088484249856606,0.11614475399255753,0.11614475399255753,0.11614475399255753,0.11614475399255753,0.11614475399255753,0.11614475399255753,0.18698665499687195,0.11614475399255753
1310,,0.7591452314379024,-3.895899174149986e-05,0.12499713897705078,0.12499721348285675,0.12499713897705078,0.12499716877937317,0.12499713897705078,0.12499713897705078,0.12499800324440002,0.12501899898052216
1311,,0.758747673297798,-0.000523828984185499,0.12499725818634033,0.12499679625034332,0.12499679625034332,0.12502193450927734,0.12499679625034332,0.12499679625034332,0.12499679625034332,0.12499679625034332
1312,,0.7574900956538886,-0.0016588136214916568,0.06282101571559906,0.06282105296850204,0.06282101571559906,0.06282101571559906,0.06282101571559906,0.06282101571559906,0.560252845287323,0.06282101571559906
1313,,0.7538115058567886,-0.004868117731360338,0.15549439191818237,0.26908114552497864,0.041378479450941086,0.054393138736486435,0.041378479450941086,0.041378479450941086,0.0413818284869194,0.3555140495300293
1314,,0.753464263985241,-0.00046075427554581963,0.12497160583734512,0.12497160583734512,0.12497160583734512,0.12497160583734512,0.12497160583734512,0.12497160583734512,0.12519881129264832,0.12497160583734512
1315,,0.7533064468440678,-0.00020947731544828638,0.125,0.125,0.125,0.1250000298023224,0.125,0.125,0.125,0.125
1316,,0.7562103407465315,0.003847453050545548,0.125,0.125,0.125,0.125,0.125,0.125,0.1250000149011612,0.125
1317,,0.7578359859068503,0.002147418815937318,0.10838098078966141,0.10838098078966141,0.10838098078966141,0.24120841920375824,0.10850577056407928,0.108380988240242,0.10838098078966141,0.10838098078966141
1318,,0.7561538195305783,-0.002222164326924744,0.12499812245368958,0.12499812245368958,0.12501183152198792,0.12499812245368958,0.12499946355819702,0.12499813735485077,0.12499812245368958,0.12499812245368958
1319,,0.7554525607769972,-0.0009278325535332706,0.12501968443393707,0.1249055564403534,0.12490560114383698,0.1249055564403534,0.12490557134151459,0.1249055564403534,0.1249055564403534,0.12554693222045898
1320,,0.7539010013982089,-0.002055926410068506,0.12496329098939896,0.12496329098939896,0.12496329098939896,0.12496333569288254,0.12525689601898193,0.12496329098939896,0.12496329098939896,0.12496329098939896
1321,,0.7498132953619618,-0.005436825484888236,0.125,0.125,0.125,0.125,0.125,0.12500005960464478,0.125,0.125
1322,,0.7505411700880098,0.0009702704259729893,0.12493662536144257,0.12493659555912018,0.12493659555912018,0.12493659555912018,0.12493659555912018,0.12544378638267517,0.12493659555912018,0.12493659555912018
1323,,0.7532063874197211,0.003544770675366966,0.12478663772344589,0.12478663772344589,0.12478791922330856,0.12478663772344589,0.12649226188659668,0.12478663772344589,0.12478663772344589,0.12478663772344589
1324,,0.7534905499498956,0.0003771993245566225,0.12500005960464478,0.125,0.125,0.125,0.125,0.125,0.125,0.125
1325,,0.7556024265179281,0.0027988705528560996,0.1120263934135437,0.11202723532915115,0.1120263934135437,0.21581442654132843,0.1120263934135437,0.1120263934135437,0.1120263934135437,0.1120263934135437
1326,,0.7548008745710287,-0.0010613748282570995,0.125,0.125,0.125,0.125,0.125,0.125,0.125,0.125
1327,,0.7549288173508195,0.00016949097680419052,0.12499797344207764,0.12501415610313416,0.12499797344207764,0.12499797344207764,0.12499797344207764,0.12499797344207764,0.12499797344207764,0.12499797344207764
1328,,0.7489761385671642,-0.00791633786067707,0.12499985098838806,0.12499985098838806,0.12499985098838806,0.12499985098838806,0.12499985098838806,0.12500078976154327,0.12499985098838806,0.12500016391277313
1329,,0.7226458511205806,-0.03578785561235438,0.08398286253213882,0.0840434730052948,0.15128788352012634,0.08387478440999985,0.08379442244768143,0.3334445357322693,0.09517617523670197,0.0843958854675293
1330,,0.7273155197779799,0.006441116150682888,0.10626409947872162,0.21312062442302704,0.1505114883184433,0.10590198636054993,0.10653921961784363,0.10588832199573517,0.10588720440864563,0.10588712990283966
1331,,0.7247884001241292,-0.0034806354703886978,0.11109797656536102,0.11109797656536102,0.11109830439090729,0.11109797656536102,0.11109797656536102,0.11113449931144714,0.11109797656536102,0.22227740287780762
1332,,0.7260518333567847,0.0017416577275309333,0.12499953806400299,0.12499953806400299,0.12499982118606567,0.12499953806400299,0.12499953806400299,0.12499953806400299,0.12499953806400299,0.12500295042991638
1333,,0.7286691601859238,0.0035983940081265346,0.1249999850988388,0.1249999850988388,0.1249999850988388,0.12500010430812836,0.1249999850988388,0.1249999850988388,0.1249999850988388,0.1249999850988388
1334,,0.7316768851456471,0.004119200681528664,0.12499997019767761,0.12499997019767761,0.12499997019767761,0.12500004470348358,0.12499997019767761,0.1250002086162567,0.12499997019767761,0.12499997019767761
1335,,0.7321704705734298,0.000674367371106162,0.12436511367559433,0.12436511367559433,0.12436511367559433,0.12930437922477722,0.12450497597455978,0.12436511367559433,0.12436511367559433,0.12436511367559433
1336,,0.73512507768882,0.004027288315975109,0.12440934777259827,0.1244163066148758,0.12459436058998108,0.1289425492286682,0.12440934777259827,0.12440939247608185,0.12440936267375946,0.12440934777259827
1337,,0.7393266274353715,0.005699150544231814,0.12498931586742401,0.12498930096626282,0.12507429718971252,0.12498986721038818,0.12498930096626282,0.12498930096626282,0.12498930096626282,0.12498930096626282
1338,,0.7375953439289447,-0.0023444492437459646,0.125,0.125,0.125,0.125,0.125,0.12500005960464478,0.125,0.125
1339,,0.7407666824620619,0.004290347480648197,0.125,0.1250000149011612,0.125,0.125,0.1250000149011612,0.125,0.125,0.125
1340,,0.7417931169226044,0.0013846788844135993,0.125,0.125,0.125,0.125,0.125,0.125,0.125,0.125
1341,,0.7381533853348983,-0.004918743914687794,0.07592190057039261,0.07546575367450714,0.07546575367450714,0.07546575367450714,0.14511089026927948,0.07546786963939667,0.07726674526929855,0.39983537793159485
1342,,0.7421047325224599,0.0053387399468306515,0.12495923042297363,0.12495923042297363,0.12495943903923035,0.12495923042297363,0.12528514862060547,0.12495923042297363,0.12495923042297363,0.12495923042297363
1343,,0.7428430767931621,0.0009944380898999022,0.12499392032623291,0.12499392032623291,0.12499392032623291,0.12504222989082336,0.12499433755874634,0.12499392032623291,0.12499392032623291,0.12499392032623291
1344,,0.7433872652160007,0.0007323070075698638,0.125,0.125,0.125,0.125,0.1250000149011612,0.125,0.125,0.125
1345,,0.7426162776030201,-0.001037666008114823,0.125,0.125,0.125,0.125,0.125,0.125,0.125,0.125
1346,,0.7456275114907576,0.004046699901022783,0.125,0.125,0.125,0.125,0.1250000149011612,0.125,0.125,0.125
1347,,0.7439496944745897,-0.0022527435556946532,0.1054367870092392,0.1054367870092392,0.1054367870092392,0.1054367870092392,0.2619425058364868,0.1054367870092392,0.10543680936098099,0.1054367870092392
1348,,0.741109690320509,-0.0038247731307354603,0.12499767541885376,0.12499767541885376,0.12500132620334625,0.12500068545341492,0.1250096559524536,0.12499767541885376,0.12499767541885376,0.12499767541885376
1349,,0.7367183243699379,-0.00594301749860704,0.07938225567340851,0.07938225567340851,0.4417310655117035,0.0793825313448906,0.08197513222694397,0.07938225567340851,0.07938225567340851,0.07938225567340851
1350,,0.7351439042466617,-0.0021393588247008194,0.07538554817438126,0.07538554817438126,0.09133249521255493,0.07538554817438126,0.4563542604446411,0.07538554817438126,0.07538554817438126,0.07538554817438126
1351,,0.7337195725050455,-0.0019393663340204336,0.1249987781047821,0.1249987781047821,0.1249987930059433,0.1249987781047821,0.1250085085630417,0.1249987781047821,0.1249987781047821,0.1249987781047821
1352,,0.7324420581978394,-0.0017426654793834626,0.05152617394924164,0.05152617394924164,0.05152617394924164,0.05152617394924164,0.6393164992332458,0.051526494324207306,0.05152617394924164,0.05152617394924164
1353,,0.7305104265874792,-0.0026407320168806655,0.1214170828461647,0.1214170828461647,0.15008041262626648,0.1214170828461647,0.1214170828461647,0.1214170828461647,0.1214170828461647,0.1214170828461647
1354,,0.7336685338577323,0.0043138335586632055,0.09788814187049866,0.09788814187049866,0.09789011627435684,0.09788814187049866,0.3147810399532318,0.09788814187049866,0.09788814187049866,0.09788814187049866
1355,,0.7322715225657794,-0.0019059602181410319,0.12412998080253601,0.12412998080253601,0.13109008967876434,0.12412998080253601,0.1241299957036972,0.12412998080253601,0.12412998080253601,0.12412998080253601
1356,,0.7278398789501647,-0.006070300141902125,0.07914280146360397,0.07914372533559799,0.0791654959321022,0.07914280146360397,0.4459768235683441,0.07914280146360397,0.07914280146360397,0.07914280146360397
1357,,0.7282991287024366,0.0006307773709592481,0.12499983608722687,0.12500117719173431,0.12499983608722687,0.12499983608722687,0.12499983608722687,0.12499983608722687,0.12499983608722687,0.12499983608722687
1358,,0.7260229512497152,-0.0031302272621153053,0.10708560049533844,0.10708560049533844,0.10708561539649963,0.10708560049533844,0.2504007816314697,0.10708560049533844,0.10708560049533844,0.10708560049533844
1359,,0.7270218315271115,0.0013748790767967394,0.0845944881439209,0.0910196304321289,0.0845944881439209,0.0845944881439209,0.09517396986484528,0.0845944881439209,0.39083394408226013,0.0845944881439209
1360,,0.7299642169026576,0.004039008305931244,0.047793060541152954,0.04779968038201332,0.5965246558189392,0.11574728041887283,0.04875548928976059,0.047793060541152954,0.047793708741664886,0.047793060541152954
1361,,0.7309508942115674,0.001350766312738323,0.611896812915802,0.09952794760465622,0.05182502791285515,0.04732421040534973,0.04736775904893875,0.04732421040534973,0.04740012809634209,0.047333888709545135
1362,,0.7245611387747315,-0.008780135569120188,0.08117701858282089,0.007040208205580711,0.14898832142353058,0.18539990484714508,0.025571659207344055,0.17052839696407318,0.22451388835906982,0.15678061544895172
1363,,0.7258962430584068,0.0018409429707636387,0.3420568108558655,0.03492986783385277,0.0328386090695858,0.42653000354766846,0.03542300686240196,0.03283492103219032,0.051747892051935196,0.043638911098241806
1364,,0.7223033524464986,-0.004961882318644323,0.12475743144750595,0.12475750595331192,0.12475743144750595,0.12475743144750595,0.12475743144750595,0.12475743144750595,0.1247706413269043,0.12668465077877045
1365,,0.7161854481377303,-0.008506067191798203,0.21774759888648987,0.19451220333576202,0.03973553329706192,0.19319948554039001,0.03973575681447983,0.04082857444882393,0.07461661100387573,0.19962425529956818
1366,,0.716513510345983,0.0004579639177424649,0.13790342211723328,0.08019876480102539,0.06351108103990555,0.007415121886879206,0.21973064541816711,0.0072112311609089375,0.116387739777565,0.36764201521873474
1367,,0.7160864169632682,-0.0005962493606572691,0.09787590056657791,0.1404561847448349,0.02425849810242653,0.3758411407470703,0.1535893827676773,0.020191136747598648,0.07095213234424591,0.11683566123247147
1368,,0.7115233471890584,-0.006392622729503879,0.07690269500017166,0.3571389615535736,0.07690269500017166,0.07728954404592514,0.18105721473693848,0.07690269500017166,0.07690269500017166,0.07690346986055374
1369,,0.7070086223751508,-0.0063653694871970475,0.12499460577964783,0.12499485909938812,0.1249941736459732,0.1249941736459732,0.1249941736459732,0.1249941736459732,0.12503965198993683,0.1249941736459732
1370,,0.7065667324912316,-0.0006252088320470288,0.05591951683163643,0.141895592212677,0.05591649189591408,0.05591649189591408,0.058552492409944534,0.29896289110183716,0.055917683988809586,0.2769189178943634
1371,,0.711450767838294,0.006888567537655323,0.10482558608055115,0.10482558608055115,0.10482558608055115,0.10482558608055115,0.26622068881988525,0.10482558608055115,0.10482584685087204,0.10482558608055115
1372,,0.7052695899081496,-0.008726093499391694,0.05798431858420372,0.49889546632766724,0.05798431858420372,0.05798431858420372,0.05798431858420372,0.05798431858420372,0.1382666826248169,0.07291623950004578
1373,,0.7053444476200041,0.00010613493121907106,0.12499997019767761,0.12499997019767761,0.12499997019767761,0.12499997019767761,0.12499997019767761,0.12499997019767761,0.1250002533197403,0.12499997019767761
1374,,0.7056421503844691,0.0004219781666297099,0.05616756156086922,0.0562763474881649,0.06310249119997025,0.05616748705506325,0.5867106318473816,0.05616748705506325,0.06924059242010117,0.05616748705506325
1375,,0.6968353979966792,-0.012559014800957809,0.11063207685947418,0.22552700340747833,0.11067739129066467,0.11063512414693832,0.11063207685947418,0.11063216626644135,0.11063207685947418,0.11063207685947418
1376,,0.6880117663651668,-0.012743284984831085,0.014309803955256939,0.1364305317401886,0.18762806057929993,0.13115490972995758,0.052906524389982224,0.01338832639157772,0.22384034097194672,0.24034152925014496
1377,,0.690111259918648,0.003046890789381361,0.21512827277183533,0.14045350253582,0.010966780595481396,0.13640804588794708,0.011649340391159058,0.010966639034450054,0.3087399899959564,0.1656874418258667
1378,,0.6873613730337156,-0.003992660866316004,0.17618991434574127,0.018940450623631477,0.1441023051738739,0.01545730046927929,0.21381720900535583,0.018440445885062218,0.20325784385204315,0.2097945213317871
1379,,0.6874302555492827,0.00010020793579579418,0.012860139831900597,0.014458311721682549,0.18607328832149506,0.1477419137954712,0.19143567979335785,0.16964995861053467,0.26492682099342346,0.012853949330747128
1380,,0.6878320856705454,0.0005843686991985694,0.04062613844871521,0.040263522416353226,0.09508625417947769,0.05811683461070061,0.04026363417506218,0.040293801575899124,0.20046056807041168,0.48488932847976685
1381,,0.6949465641371765,0.010290209855230088,0.06106961891055107,0.5722050666809082,0.061070580035448074,0.0613565631210804,0.06106961891055107,0.06106961891055107,0.061089180409908295,0.061069779098033905
1382,,0.6965842248562673,0.0023537552860775105,0.125,0.125,0.125,0.125,0.125,0.125,0.125,0.125
1383,,0.6998895955305798,0.004733890172171229,0.125,0.125,0.125,0.125,0.125,0.125,0.125,0.125
1384,,0.6980794331201414,-0.0025897046143440092,0.12499971687793732,0.12499971687793732,0.12499971687793732,0.12499971687793732,0.1250019669532776,0.12499971687793732,0.12499971687793732,0.12499971687793732
1385,,0.6976949933907493,-0.0005508622766139981,0.10695140808820724,0.10695146024227142,0.2513400912284851,0.10695140808820724,0.10695140808820724,0.10695140808820724,0.10695140808820724,0.10695140808820724
1386,,0.6932384200266261,-0.006408054578610918,0.11436015367507935,0.11436015367507935,0.1467169225215912,0.11436015367507935,0.11451859027147293,0.11436015367507935,0.16696378588676453,0.11436015367507935
1387,,0.6972582553697683,0.005781885872757956,0.12156476825475693,0.12156476825475693,0.12156476825475693,0.14904548227787018,0.12156596034765244,0.12156476825475693,0.12156476825475693,0.12156476825475693
1388,,0.7007014791578059,0.00492608000908778,0.08882878720760345,0.08882878720760345,0.08889654278755188,0.09196017682552338,0.37499937415122986,0.08882878720760345,0.08882878720760345,0.08882878720760345
1389,,0.6991492117069467,-0.002217762361687334,0.12499992549419403,0.12499992549419403,0.12500052154064178,0.12499992549419403,0.12499992549419403,0.12499992549419403,0.12499992549419403,0.12499992549419403
1390,,0.7082558532614966,0.012941219092572554,0.125,0.125,0.125,0.1250000149011612,0.1250000149011612,0.125,0.125,0.125
1391,,0.7075945519102731,-0.0009341402126898786,0.125,0.125,0.125,0.125,0.1250000149011612,0.125,0.125,0.125
1392,,0.7096014067939651,0.0028321506462026876,0.125,0.125,0.125,0.125,0.12500005960464478,0.125,0.125,0.125
1393,,0.7097021274838206,0.00014192973890660314,0.1249999850988388,0.1249999850988388,0.12500011920928955,0.125,0.1249999850988388,0.1249999850988388,0.1249999850988388,0.1249999850988388
1394,,0.7105991951769827,0.0012632077406907252,0.125,0.125,0.125,0.125,0.125,0.125,0.125,0.125
1395,,0.7104809533312257,-0.0001664112276198851,0.12499192357063293,0.12499192357063293,0.12499192357063293,0.12499192357063293,0.12501978874206543,0.12502864003181458,0.12499193847179413,0.12499192357063293
1396,,0.7123984326105253,0.0026952114971723336,0.125,0.125,0.125,0.125,0.125,0.125,0.125,0.125
1397,,0.7158418419320515,0.004821900144832345,0.12499779462814331,0.12499779462814331,0.12499779462814331,0.12499779462814331,0.12501531839370728,0.12499779462814331,0.12499785423278809,0.12499779462814331
1398,,0.7164749559147499,0.0008840418891732639,0.125,0.125,0.125,0.125,0.125,0.125,0.125,0.125
1399,,0.7113655894696614,-0.007156805106852329,0.125,0.125,0.125,0.125,0.125,0.125,0.125,0.125
1400,,0.7120450608273559,0.0009547089016965522,0.1249854564666748,0.12510135769844055,0.12498584389686584,0.1249854564666748,0.1249854564666748,0.1249854564666748,0.1249854564666748,0.1249854564666748
1401,,0.7119825569889022,-8.778458747828604e-05,0.12517550587654114,0.12497492879629135,0.12497494369745255,0.12497492879629135,0.12497492879629135,0.12497492879629135,0.12497492879629135,0.12497492879629135
1402,,0.7094903303810468,-0.0035065447729189314,0.125,0.125,0.125,0.1250000149011612,0.12500005960464478,0.125,0.125,0.125
1403,,0.709040799666439,-0.0006337974826690506,0.12477527558803558,0.12477794289588928,0.12477527558803558,0.12477608025074005,0.12480024993419647,0.12477527558803558,0.1265445351600647,0.12477527558803558
1404,,0.7094313384354372,0.0005506470918615779,0.12499989569187164,0.12499989569187164,0.12499989569187164,0.1250007152557373,0.12499989569187164,0.12499989569187164,0.12499989569187164,0.12499989569187164
1405,,0.7095245548593412,0.0001313873454115818,0.12487106025218964,0.1248711347579956,0.12487106025218964,0.12487106025218964,0.12487656623125076,0.12487106025218964,0.12589696049690247,0.12487106025218964
1406,,0.7102388158271641,0.0010061691163872923,0.12498965859413147,0.12498967349529266,0.12498965859413147,0.12498965859413147,0.1250719577074051,0.12498965859413147,0.12499015033245087,0.12498965859413147
1407,,0.70736151221777,-0.004059405889902254,0.12421493232250214,0.12421496212482452,0.12493937462568283,0.12421493232250214,0.12976641952991486,0.12421941757202148,0.12421493232250214,0.12421493232250214
1408,,0.7037142513066611,-0.0051694871780992,0.12495464086532593,0.12495464086532593,0.12495464086532593,0.12495480477809906,0.12495465576648712,0.1253173053264618,0.12495464086532593,0.12495464086532593
1409,,0.70206214341429,-0.002350457240831333,0.12509490549564362,0.1249864399433136,0.1249864399433136,0.1249864399433136,0.1249864399433136,0.1249864399433136,0.1249864399433136,0.1249864399433136
1410,,0.7063656319358786,0.006111072203753193,0.11849778890609741,0.11849791556596756,0.11849778890609741,0.17051170766353607,0.11849795281887054,0.11850137263536453,0.11849779635667801,0.11849778890609741
1411,,0.7070588779211213,0.0009809452659097803,0.12499983608722687,0.12499983608722687,0.12499983608722687,0.12499983608722687,0.12499983608722687,0.12499983608722687,0.12500113248825073,0.12499983608722687
1412,,0.7099963842863242,0.004145936508230839,0.12499982118606567,0.12499982118606567,0.12499982118606567,0.12499982118606567,0.12499983608722687,0.12499982118606567,0.12500117719173431,0.12499982118606567
1413,,0.7089243783762548,-0.0015110161782707434,0.12499982118606567,0.12499989569187164,0.12499982118606567,0.12500114738941193,0.12499982118606567,0.12499982118606567,0.12499982118606567,0.12499982118606567
1414,,0.7102686707918552,0.0018944467328611166,0.1250036209821701,0.12499947845935822,0.12499947845935822,0.12499947845935822,0.12499947845935822,0.12499947845935822,0.12499947845935822,0.12499947845935822
1415,,0.7054655706996943,-0.0067853391965879755,0.2889341115951538,0.03246184438467026,0.016127344220876694,0.01564410887658596,0.015172985382378101,0.015674712136387825,0.19323976337909698,0.4227451980113983
1416,,0.7033159347801733,-0.003051768609266823,0.07600931823253632,0.14592906832695007,0.23905736207962036,0.17436888813972473,0.02667817659676075,0.1344868242740631,0.11047016829252243,0.09300021082162857
1417,,0.699489557815972,-0.005455334291205782,0.010183184407651424,0.010183184407651424,0.23857693374156952,0.3304356038570404,0.09653803706169128,0.010321191512048244,0.17513695359230042,0.12862494587898254
1418,,0.7017385494459987,0.003210032041981271,0.013297970406711102,0.013364333659410477,0.14423082768917084,0.2851807475090027,0.0132976733148098,0.3149050176143646,0.20242580771446228,0.01329766120761633
1419,,0.6985662976654949,-0.0045308094359207875,0.1143721267580986,0.05513523519039154,0.055135294795036316,0.05513519421219826,0.05513518676161766,0.05513518676161766,0.055382948368787766,0.554568886756897
1420,,0.7051550407942873,0.00938760612303979,0.07090868055820465,0.503639280796051,0.07090868800878525,0.07090868055820465,0.07090868055820465,0.07090868055820465,0.07090868055820465,0.07090868055820465
1421,,0.7092085965859759,0.005732000997665619,0.12494703382253647,0.12494713813066483,0.12494703382253647,0.12494998425245285,0.12494703382253647,0.12494703382253647,0.12536771595478058,0.12494703382253647
1422,,0.7092599751658899,7.244232401001182e-05,0.125,0.12500004470348358,0.1250000149011612,0.125,0.125,0.125,0.125,0.125
1423,,0.7127859514032004,0.004959028955845258,0.04945622757077217,0.04945622757077217,0.33544597029685974,0.04945622757077217,0.06305591762065887,0.3542167842388153,0.04945622757077217,0.04945642873644829
1424,,0.7134129011752811,0.0008791898988445872,0.5009710788726807,0.03297881782054901,0.03298044949769974,0.03298458084464073,0.03297881782054901,0.30114859342575073,0.03297881782054901,0.03297881782054901
1425,,0.7150834374733441,0.002338874821585008,0.08466401696205139,0.08478289842605591,0.4072265923023224,0.08466401696205139,0.08466403186321259,0.08467034995555878,0.08466401696205139,0.08466401696205139
1426,,0.713950819475984,-0.0015851519710092365,0.12490437924861908,0.12566936016082764,0.12490437924861908,0.12490437924861908,0.12490437924861908,0.12490437924861908,0.12490437924861908,0.12490437924861908
1427,,0.7150979177516605,0.001605401540427893,0.12445542216300964,0.12445542216300964,0.12445542216300964,0.12445542216300964,0.12445542216300964,0.12463394552469254,0.1286335289478302,0.12445542216300964
1428,,0.7152320587141366,0.00018756645679860373,0.12498092651367188,0.12498140335083008,0.12498092651367188,0.12498092651367188,0.12498092651367188,0.12513303756713867,0.12498092651367188,0.12498092651367188
1429,,0.7130695215313921,-0.0030281263636635475,0.12078358232975006,0.12078358232975006,0.15451492369174957,0.12078358232975006,0.12078358232975006,0.12078358232975006,0.12078358232975006,0.12078358232975006
1430,,0.7165089728121384,0.004811848990094102,0.12496668845415115,0.12523309886455536,0.12496668845415115,0.12496670335531235,0.12496668845415115,0.12496668845415115,0.12496668845415115,0.12496668845415115
1431,,0.7188355852129463,0.0032418897964184025,0.125,0.125,0.125,0.125,0.125,0.125,0.125,0.125
1432,,0.7180847035711551,-0.001045126463869513,0.1122746393084526,0.21070651710033417,0.1122746393084526,0.1122746393084526,0.11564560979604721,0.1122746393084526,0.1122746393084526,0.1122746393084526
1433,,0.7190546923654263,0.001349888458011051,0.12491904944181442,0.12491924315690994,0.12550543248653412,0.12498001754283905,0.12491904944181442,0.12491904944181442,0.12491904944181442,0.12491904944181442
1434,,0.7152534366473953,-0.005300485357186217,0.123757004737854,0.123757004737854,0.13370084762573242,0.123757004737854,0.123757004737854,0.12375707924365997,0.123757004737854,0.123757004737854
1435,,0.7160635954387711,0.0011320467230314158,0.125,0.125,0.125,0.125,0.125,0.125,0.125,0.125
1436,,0.7152563340389718,-0.0011279958711798764,0.12499880790710449,0.12499880790710449,0.12499880790710449,0.12499880790710449,0.12499880790710449,0.12500841915607452,0.12499880790710449,0.12499880790710449
1437,,0.7154686213674396,0.00029675491326756773,0.12485605478286743,0.12485605478286743,0.12485605478286743,0.12485605478286743,0.12485605478286743,0.12588772177696228,0.12485605478286743,0.12497597932815552
1438,,0.7253047113804296,0.013654115612488239,0.06881176680326462,0.06881176680326462,0.5183172225952148,0.06881176680326462,0.06881215423345566,0.06881177425384521,0.06881176680326462,0.06881176680326462
1439,,0.7230493349022578,-0.0031144019060285843,0.4595925807952881,0.07720103859901428,0.07720103859901428,0.07720103859901428,0.07720112055540085,0.07720103859901428,0.07720108330249786,0.07720103859901428
1440,,0.7169027171347803,-0.008537305241593077,0.3885267674922943,0.1295720636844635,0.07973984628915787,0.07973986119031906,0.07973984628915787,0.08320190757513046,0.07973984628915787,0.07973986119031906
1441,,0.7161757334590142,-0.0010145763308712684,0.1241641566157341,0.12427212297916412,0.1241641566157341,0.1241641566157341,0.1241641566157341,0.1307428777217865,0.1241641566157341,0.1241641566157341
1442,,0.715990875319822,-0.0002581517249260619,0.12161395698785782,0.14870192110538483,0.12161395698785782,0.12161395698785782,0.12161407619714737,0.1216140016913414,0.12161419540643692,0.12161395698785782
1443,,0.7157115725474206,-0.00039016874820700724,0.124796561896801,0.12641701102256775,0.124796561896801,0.124796561896801,0.12480353564023972,0.124796561896801,0.12479668855667114,0.124796561896801
1444,,0.7159071829828147,0.0002732716875297283,0.12499698996543884,0.12502111494541168,0.12499698996543884,0.12499698996543884,0.12499698996543884,0.12499698996543884,0.12499698996543884,0.12499698996543884
1445,,0.7146686661482216,-0.001731494551338624,0.12499997019767761,0.12500013411045074,0.12499997019767761,0.12499997019767761,0.12499997019767761,0.12499997019767761,0.12499997019767761,0.12499997019767761
1446,,0.7118378241381307,-0.0039689209202998284,0.12442544102668762,0.12442544102668762,0.12442544102668762,0.12902197241783142,0.12442544102668762,0.12442544102668762,0.12442544102668762,0.12442544102668762
1447,,0.7112357879822975,-0.0008461068867019306,0.12499973177909851,0.12500186264514923,0.12499973177909851,0.12499973177909851,0.12499973177909851,0.12499973177909851,0.12499973177909851,0.12499973177909851
1448,,0.7139797237048111,0.0038505602701213544,0.125,0.125,0.125,0.12500005960464478,0.125,0.125,0.125,0.125
1449,,0.7125931648792568,-0.0019439024437830131,0.12499988079071045,0.12499988079071045,0.12500081956386566,0.12499988079071045,0.12499988079071045,0.12499988079071045,0.12499988079071045,0.12499988079071045
1450,,0.7147164910162395,0.0029752866794915205,0.12498477101325989,0.12498484551906586,0.12498536705970764,0.12510593235492706,0.12498477101325989,0.12498477101325989,0.12498477101325989,0.12498477101325989
1451,,0.714467046725232,-0.000349072441646811,0.125,0.125,0.125,0.125,0.125,0.125,0.125,0.125
1452,,0.7133672586999488,-0.0015404984158174132,0.03972688689827919,0.03972987085580826,0.2111579328775406,0.039735808968544006,0.03972634673118591,0.03972634673118591,0.5504705309867859,0.03972634673118591
1453,,0.7131597086813056,-0.0002909864655257003,0.01413115207105875,0.014131154865026474,0.08156940340995789,0.014139995910227299,0.056559644639492035,0.12373685836791992,0.503545880317688,0.19218596816062927
1454,,0.7109005038725887,-0.0031729089601002743,0.008702166378498077,0.008676652796566486,0.18353962898254395,0.2823544144630432,0.008676638826727867,0.285770058631897,0.008676638826727867,0.21360376477241516
1455,,0.7095946699200678,-0.0018385621358756228,0.08010860532522202,0.08010972291231155,0.4390943944454193,0.08010860532522202,0.08010907471179962,0.0801086351275444,0.08010860532522202,0.08025231212377548
1456,,0.7086355040951754,-0.0013526238387904707,0.035991374403238297,0.03595646843314171,0.03595646843314171,0.05477817729115486,0.6518020629882812,0.03595646843314171,0.03595646843314171,0.11360249668359756
1457,,0.7071509867244394,-0.0020970929224324837,0.05501734837889671,0.05501455068588257,0.19687677919864655,0.47303271293640137,0.05501497536897659,0.05501455068588257,0.05501455068588257,0.05501455068588257
1458,,0.7106071107070967,0.004875487341641678,0.12494209408760071,0.12494209408760071,0.12494209408760071,0.12494209408760071,0.12540532648563385,0.12494209408760071,0.12494209408760071,0.12494209408760071
1459,,0.714987373932342,0.006145193541226808,0.07083825021982193,0.07083825021982193,0.5041322112083435,0.07083825021982193,0.07083825767040253,0.07083828747272491,0.07083825021982193,0.07083825021982193
1460,,0.7156198066553426,0.0008841459385647705,0.125,0.125,0.125,0.125,0.125,0.125,0.125,0.125
1461,,0.7149658942504366,-0.000914188433498027,0.12499988079071045,0.12499988079071045,0.12499988079071045,0.12500084936618805,0.12499988079071045,0.12499988079071045,0.12499988079071045,0.12499988079071045
1462,,0.7187575498443716,0.005289254980421706,0.12467202544212341,0.12467202544212341,0.12729588150978088,0.12467202544212341,0.12467202544212341,0.12467202544212341,0.12467202544212341,0.12467202544212341
1463,,0.7099407670953237,-0.012342556258829821,0.062404051423072815,0.2034691870212555,0.062404051423072815,0.062404051423072815,0.4221063554286957,0.062404051423072815,0.06240406632423401,0.06240416318178177
1464,,0.7099836338637667,6.037894472005082e-05,0.1549970656633377,0.12071320414543152,0.12071320414543152,0.12071320414543152,0.12071377038955688,0.12071320414543152,0.1207231655716896,0.12071320414543152
1465,,0.7116727740700951,0.002376299915725041,0.09768979996442795,0.09769128262996674,0.09768828004598618,0.09768828004598618,0.3161769211292267,0.09768828004598618,0.09768892079591751,0.09768828004598618
1466,,0.7123395593104788,0.0009364880815774601,0.12499654293060303,0.12499654293060303,0.12499654293060303,0.12499654293060303,0.12502425909042358,0.12499654293060303,0.12499654293060303,0.12499654293060303
1467,,0.7128336283643921,0.0006933460129323329,0.12499947845935822,0.12499946355819702,0.12500368058681488,0.12499946355819702,0.12499946355819702,0.12499946355819702,0.12499946355819702,0.12499946355819702
1468,,0.7113229813540519,-0.002121462719198413,0.12499570846557617,0.12499570846557617,0.12502996623516083,0.12499570846557617,0.12499570846557617,0.12499570846557617,0.12499570846557617,0.12499570846557617
1469,,0.709004736441756,-0.0032643832009881155,0.12471699714660645,0.12471699714660645,0.12640884518623352,0.12528914213180542,0.12471699714660645,0.12471699714660645,0.12471699714660645,0.12471699714660645
1470,,0.7069546770547825,-0.0028956491264858623,0.12450850009918213,0.12450850009918213,0.12450860440731049,0.12841194868087769,0.12453696876764297,0.12450850009918213,0.12450850009918213,0.12450850009918213
1471,,0.7073346889202996,0.0005373891422853196,0.12499949336051941,0.12499949336051941,0.12499949336051941,0.12500350177288055,0.12499958276748657,0.12499949336051941,0.12499949336051941,0.12499949336051941
1472,,0.7037702019904409,-0.005052061734431214,0.12488215416669846,0.12488215416669846,0.12488215416669846,0.12488231807947159,0.12488215416669846,0.12488215416669846,0.12582476437091827,0.12488215416669846
1473,,0.7050397933827236,0.0018023604888403272,0.12491979449987411,0.12491979449987411,0.12491979449987411,0.12491979449987411,0.12493088841438293,0.12491979449987411,0.12555031478405,0.12491979449987411
1474,,0.7022131484109255,-0.004017257579359,0.1249999850988388,0.1249999850988388,0.12500004470348358,0.12500004470348358,0.1249999850988388,0.1249999850988388,0.1249999850988388,0.1249999850988388
1475,,0.7005615747257834,-0.002354725133022888,0.12089747935533524,0.12089747935533524,0.1208975538611412,0.15339821577072144,0.12110452353954315,0.12089747935533524,0.12100984901189804,0.12089747935533524
1476,,0.6993034296905944,-0.0017975238612078582,0.125,0.125,0.125,0.125,0.12500004470348358,0.125,0.125,0.125
1477,,0.6973716431383059,-0.0027662665737259767,0.12499997019767761,0.12499997019767761,0.12499997019767761,0.12500014901161194,0.12499997019767761,0.12499997019767761,0.12499997019767761,0.12499997019767761
1478,,0.699337295299112,0.0028146930322425407,0.12498995661735535,0.12498995661735535,0.12506969273090363,0.12498995661735535,0.12499052286148071,0.12498995661735535,0.12498995661735535,0.12498995661735535
1479,,0.7034127606200594,0.005810695598701876,0.12442390620708466,0.12442390620708466,0.12442390620708466,0.12442390620708466,0.12902525067329407,0.12442390620708466,0.12443133443593979,0.12442390620708466
1480,,0.7055094966531054,0.0029763708680155044,0.125,0.125,0.125,0.125,0.1250000149011612,0.125,0.125,0.125
1481,,0.6996725985586929,-0.008307722800209806,0.05158993601799011,0.05158993601799011,0.05158993601799011,0.05158993601799011,0.05158993601799011,0.6388702392578125,0.05159018933773041,0.05158993601799011
1482,,0.6973025385016582,-0.0033931345921705894,0.4682901203632355,0.08004022389650345,0.0752740129828453,0.07527400553226471,0.07527422904968262,0.07529941201210022,0.07527400553226471,0.07527400553226471
1483,,0.6898460330644766,-0.010750942487605632,0.03300780430436134,0.6061820983886719,0.06237875670194626,0.033010419458150864,0.03302782028913498,0.03300780430436134,0.1663774698972702,0.03300780430436134
1484,,0.6911771823524824,0.0019277730966321422,0.12465575337409973,0.12465575337409973,0.12465575337409973,0.12465575337409973,0.12465575337409973,0.12740977108478546,0.12465575337409973,0.12465575337409973
1485,,0.6929774386304081,0.002601237268936004,0.125,0.125,0.125,0.125,0.125,0.125,0.125,0.125
1486,,0.692567095167714,-0.0005923208741135185,0.125,0.125,0.125,0.125,0.125,0.125,0.125,0.125
1487,,0.6925098302435211,-8.268843870668801e-05,0.12499280273914337,0.12499280273914337,0.12499280273914337,0.1249990314245224,0.12503749132156372,0.1249995231628418,0.12499280273914337,0.12499280273914337
1488,,0.6929360420401943,0.0006152702442517286,0.12493399530649185,0.12493399530649185,0.12493399530649185,0.12493399530649185,0.12546201050281525,0.12493399530649185,0.12493399530649185,0.12493399530649185
1489,,0.6946798005817372,0.0025133173114500348,0.12499991059303284,0.12499991059303284,0.12499991059303284,0.12499995529651642,0.12499991059303284,0.12500065565109253,0.12499991059303284,0.12499991059303284
1490,,0.6898630725913428,-0.006957888435351826,0.12499955296516418,0.12499955296516418,0.12499955296516418,0.12499955296516418,0.12500306963920593,0.12499955296516418,0.12499955296516418,0.12499955296516418
1491,,0.687652680894315,-0.0032092461934481002,0.04558967798948288,0.6808555722236633,0.045589692890644073,0.04558967798948288,0.04560334235429764,0.04559211805462837,0.045590247958898544,0.04558967798948288
1492,,0.687297264418302,-0.0005169882513046122,0.125,0.125,0.125,0.125,0.125,0.125,0.125,0.125
1493,,0.6838521964669869,-0.005025090698027877,0.020576607435941696,0.07966668903827667,0.19992615282535553,0.0385621041059494,0.09226013720035553,0.1862657219171524,0.13241468369960785,0.2503279447555542
1494,,0.686606510779448,0.004019556381104767,0.09016510844230652,0.07424268126487732,0.07424279302358627,0.07424268126487732,0.4569934010505676,0.08162765204906464,0.07424268126487732,0.07424296438694
1495,,0.6874733500907219,0.0012617016680787922,0.125,0.125,0.125,0.125,0.125,0.125,0.125,0.125
1496,,0.6914171278176723,0.005720234556482143,0.048248182982206345,0.048248182982206345,0.048248182982206345,0.048248182982206345,0.3941875994205475,0.3031936287879944,0.04824819788336754,0.06137780100107193
1497,,0.6862711283588779,-0.007470519354885974,0.12395373731851578,0.12395373731851578,0.12395502626895905,0.12395373731851578,0.12395378202199936,0.12395373731851578,0.12395373731851578,0.1323224902153015
1498,,0.6826598624119937,-0.005276050214908803,0.1250007450580597,0.12499886751174927,0.12499886751174927,0.12499886751174927,0.12499886751174927,0.12500599026679993,0.12499886751174927,0.12499886751174927
1499,,0.6833079635921432,0.0009489260529333289,0.1934935450553894,0.5019257068634033,0.05076289176940918,0.050721436738967896,0.05072135850787163,0.05072135850787163,0.05093240737915039,0.05072135850787163
1500,,0.6838866804942775,0.0008465757808529551,0.12499360740184784,0.1250438094139099,0.12499359250068665,0.12499359250068665,0.12499359250068665,0.12499359250068665,0.12499456107616425,0.12499359250068665
1501,,0.6831767666548639,-0.0010385968620671674,0.057545680552721024,0.1683638095855713,0.4863359034061432,0.05753994733095169,0.057540006935596466,0.05753994733095169,0.05753994733095169,0.05759478732943535
1502,,0.6847312898551702,0.0022728484741494407,0.08374527096748352,0.08374527096748352,0.08374527096748352,0.08866608142852783,0.40885740518569946,0.08374527096748352,0.0837501659989357,0.08374527096748352
1503,,0.6808123321552452,-0.005739792410867215,0.125,0.125,0.125,0.125,0.125,0.125,0.125,0.125
1504,,0.6839358025757448,0.004577366027711165,0.12499868869781494,0.12499868869781494,0.12499868869781494,0.12499868869781494,0.12499868869781494,0.12500828504562378,0.12499953806400299,0.12499868869781494
1505,,0.6841657077370992,0.0003360937208028805,0.12499994039535522,0.12500010430812836,0.12499994039535522,0.12499994039535522,0.12499994039535522,0.12500014901161194,0.12499994039535522,0.12499994039535522
1506,,0.6848332348385415,0.0009752047771336396,0.12499985098838806,0.12499985098838806,0.12499985098838806,0.12499985098838806,0.12500101327896118,0.12499988079071045,0.12499985098838806,0.12499985098838806
1507,,0.684844804357855,1.6893779388671642e-05,0.125,0.125,0.125,0.125,0.125,0.125,0.125,0.125
1508,,0.6883454548481622,0.005098576909151824,0.09216770529747009,0.3495166301727295,0.09216770529747009,0.09747717529535294,0.09216770529747009,0.09216770529747009,0.09216770529747009,0.09216770529747009
1509,,0.6869146984701227,-0.0020807072622203203,0.12499883770942688,0.12499883770942688,0.12499883770942688,0.12499883770942688,0.12499883770942688,0.12499883770942688,0.12500807642936707,0.12499883770942688
1510,,0.6880035823343474,0.001583925542453195,0.12499997019767761,0.12499997019767761,0.12499997019767761,0.12499997019767761,0.12499997019767761,0.12500017881393433,0.12499997019767761,0.12499997019767761
1511,,0.6849894479406384,-0.004390611123752798,0.125,0.125,0.125,0.125,0.125,0.125,0.125,0.125
1512,,0.6855185686687477,0.000772152731667621,0.12499991059303284,0.12499991059303284,0.12499991059303284,0.12499991059303284,0.12499991059303284,0.12499991059303284,0.12500068545341492,0.12499992549419403
1513,,0.68462978934208,-0.0012973477596508077,0.1180511862039566,0.17363491654396057,0.1180511862039566,0.1180511862039566,0.1180511862039566,0.1180511862039566,0.1180579736828804,0.1180511862039566
1514,,0.6853535788163866,0.0010566398957404144,0.125,0.125,0.125,0.125,0.125,0.125,0.125,0.125
1515,,0.683576295788615,-0.0025966034627929197,0.12381536513566971,0.12381536513566971,0.12381536513566971,0.12381536513566971,0.12381536513566971,0.12381536513566971,0.13329240679740906,0.12381536513566971
1516,,0.6832436377169504,-0.00048676211120166123,0.11871632933616638,0.11877474933862686,0.11871632933616638,0.11871632933616638,0.11871632933616638,0.11871632933616638,0.16892647743225098,0.11871705204248428
1517,,0.688420384212283,0.007548161927701004,0.11327695846557617,0.20689328014850616,0.11327564716339111,0.11327564716339111,0.11327564716339111,0.11327564716339111,0.11327564716339111,0.1134515032172203
1518,,0.6868045669604533,-0.002349896275512772,0.12500078976154327,0.12499961256980896,0.12499961256980896,0.12499961256980896,0.12499961256980896,0.12499961256980896,0.12500157952308655,0.12499961256980896
1519,,0.6884118693580576,0.0023375275149707356,0.10912077128887177,0.23615452647209167,0.10912077128887177,0.10912077128887177,0.10912077128887177,0.10912077128887177,0.10912077128887177,0.10912078619003296
1520,,0.6892293909135102,0.00118684257649842,0.12499994039535522,0.12499994039535522,0.12499994039535522,0.12500037252902985,0.12499994039535522,0.12499994039535522,0.12499994039535522,0.12499994039535522
1521,,0.6890820343071161,-0.00021382193350389956,0.12495370209217072,0.12532420456409454,0.12495367228984833,0.12495367228984833,0.12495367228984833,0.12495367228984833,0.12495367228984833,0.12495367228984833
1522,,0.6899061997528487,0.0011953191818555053,0.12500004470348358,0.125,0.125,0.125,0.125,0.125,0.125,0.125
1523,,0.6893677852965516,-0.000780721581761616,0.12500448524951935,0.12499935925006866,0.12499934434890747,0.12499934434890747,0.12499934434890747,0.12499934434890747,0.12499940395355225,0.12499934434890747
1524,,0.6903575174963802,0.0014346803201905674,0.12499988079071045,0.12500086426734924,0.12499988079071045,0.12499988079071045,0.12499988079071045,0.12499988079071045,0.12499988079071045,0.12499988079071045
1525,,0.689659744310599,-0.0010112529235052465,0.12496817857027054,0.12522269785404205,0.12496817857027054,0.12496817857027054,0.12496817857027054,0.12496817857027054,0.12496817857027054,0.12496817857027054
1526,,0.6860896996359267,-0.005189975113405394,0.12474414706230164,0.12474414706230164,0.12474414706230164,0.12478053569793701,0.12665890157222748,0.12474414706230164,0.12483981251716614,0.12474414706230164
1527,,0.6818638500919949,-0.006178372046755688,0.06893610954284668,0.06893610954284668,0.06893610954284668,0.06893610954284668,0.5173938870429993,0.06893610954284668,0.06893610954284668,0.06898941099643707
1528,,0.6833989412651859,0.0022487858452257255,0.12494809180498123,0.12494809180498123,0.12494809180498123,0.12494812160730362,0.12494809180498123,0.12494809180498123,0.12536337971687317,0.12494809180498123
1529,,0.6828420506480127,-0.0008152158386562483,0.12253613024950027,0.12253613024950027,0.12253613024950027,0.12253613024950027,0.1419081687927246,0.12253613024950027,0.12287501245737076,0.12253613024950027
1530,,0.6827351688581204,-0.00015653716038016382,0.12499994039535522,0.12499994039535522,0.12499994039535522,0.125000461935997,0.12499994039535522,0.12499994039535522,0.12499994039535522,0.12499994039535522
1531,,0.6833140675085163,0.0008475517128351941,0.12499797344207764,0.12499797344207764,0.12499797344207764,0.12500159442424774,0.12499798834323883,0.12500198185443878,0.12500663101673126,0.12499797344207764
1532,,0.6820710733724833,-0.001820723607130614,0.03723306208848953,0.03709610924124718,0.03709610924124718,0.037099022418260574,0.1960678994655609,0.19044214487075806,0.4247313439846039,0.0402342714369297
1533,,0.6834975638341527,0.0020892263364474984,0.12434136867523193,0.12434136867523193,0.1243448555469513,0.12434136867523193,0.12434136867523193,0.12446440011262894,0.12948395311832428,0.12434136867523193
1534,,0.6825051244697499,-0.0014530564947168824,0.12485577166080475,0.12485577166080475,0.12488655745983124,0.12485651671886444,0.12485577166080475,0.1259760558605194,0.12485577166080475,0.1248578131198883
1535,,0.6844951396729213,0.0029115087408996443,0.09714564681053162,0.09715383499860764,0.12072048336267471,0.09714198857545853,0.09714198857545853,0.2090146541595459,0.18453936278820038,0.09714198857545853
1536,,0.6876031697010562,0.004530339149403122,0.12037555128335953,0.12037569284439087,0.12037558108568192,0.12037555128335953,0.12037555128335953,0.12037555128335953,0.12037555128335953,0.15737095475196838
1537,,0.6870020470674046,-0.0008746113642482962,0.12477491796016693,0.12657524645328522,0.12477491796016693,0.12477491796016693,0.1247752457857132,0.12477491796016693,0.12477491796016693,0.12477491796016693
1538,,0.6964985374942916,0.013728421487255135,0.05341143161058426,0.6261200308799744,0.05341143161058426,0.05341143161058426,0.05341143161058426,0.05341143161058426,0.05341143161058426,0.05341143161058426
1539,,0.695535612439712,-0.0013834792892301565,0.12499770522117615,0.12499770522117615,0.12499770522117615,0.12501610815525055,0.12499770522117615,0.12499770522117615,0.12499770522117615,0.12499770522117615
1540,,0.6969325123498745,0.002006366040121657,0.09577979147434235,0.09591254591941833,0.09577997773885727,0.09590945392847061,0.09577979147434235,0.09577979147434235,0.09577979147434235,0.3292788565158844
1541,,0.6982291896082656,0.0018588205652853489,0.06079968065023422,0.06083633750677109,0.06127689778804779,0.16246695816516876,0.060797445476055145,0.060797445476055145,0.06079745292663574,0.47222787141799927
1542,,0.6988132692186271,0.0008361659170804094,0.07000909745693207,0.07002390176057816,0.07000880688428879,0.13515931367874146,0.07011246681213379,0.07000880688428879,0.07001306861639023,0.44466453790664673
1543,,0.6966055550107467,-0.0031642342952316266,0.10988524556159973,0.1098853126168251,0.10988524556159973,0.10988524556159973,0.10988524556159973,0.10988524556159973,0.10988524556159973,0.23080328106880188
1544,,0.6996755427203774,0.004397384826945397,0.09411154687404633,0.09411154687404633,0.09411154687404633,0.09411154687404633,0.09411154687404633,0.34121912717819214,0.09411154687404633,0.09411154687404633
1545,,0.7000945855776839,0.000598730979256126,0.12499997019767761,0.12499997019767761,0.12499997019767761,0.12499997019767761,0.12499997019767761,0.12499997019767761,0.12500016391277313,0.12499997019767761
1546,,0.7018476835884607,0.0025009573690801825,0.125,0.125,0.125,0.125,0.125,0.125,0.125,0.12500004470348358
1547,,0.7013166716256757,-0.000756877818570019,0.12469832599163055,0.12469832599163055,0.12469832599163055,0.12469832599163055,0.12469848990440369,0.1270664781332016,0.12473979592323303,0.12470193952322006
1548,,0.7019567721160163,0.0009122962279244221,0.09501821547746658,0.10293487459421158,0.32695576548576355,0.09501821547746658,0.09501821547746658,0.09501821547746658,0.09501821547746658,0.09501821547746658
1549,,0.7059066021847268,0.0056111132714128835,0.10357815772294998,0.27495276927948,0.10357819497585297,0.10357815772294998,0.10357815772294998,0.10357815772294998,0.10357815772294998,0.10357815772294998
1550,,0.7052623885384103,-0.0009130213253031026,0.03753136470913887,0.037456076592206955,0.03765542805194855,0.7375250458717346,0.03746384382247925,0.037456076592206955,0.037456076592206955,0.037456076592206955
1551,,0.706141956300458,0.0012463726346418722,0.12482946366071701,0.12619368731975555,0.12482950836420059,0.12482946366071701,0.12482946366071701,0.12482946366071701,0.12482946366071701,0.12482946366071701
1552,,0.7064552026172533,0.00044350410865868226,0.1248602345585823,0.1248602494597435,0.1248602345585823,0.1248602345585823,0.12597832083702087,0.1248602345585823,0.1248602345585823,0.1248602345585823
1553,,0.7060297814090525,-0.0006023727344014798,0.12499868869781494,0.12499868869781494,0.12499868869781494,0.12500262260437012,0.12500521540641785,0.12499868869781494,0.12499868869781494,0.12499868869781494
1554,,0.7076244585990115,0.00225610735813518,0.12499964237213135,0.12499955296516418,0.12499977648258209,0.12499958276748657,0.12499955296516418,0.12499955296516418,0.12500271201133728,0.12499955296516418
1555,,0.7044085279181687,-0.004555044070509264,0.10747133195400238,0.10747133195400238,0.10747133195400238,0.24770066142082214,0.10747133195400238,0.10747133195400238,0.10747133195400238,0.10747133195400238
1556,,0.7030633906023948,-0.0019114238907597119,0.12499925494194031,0.12499925494194031,0.12499925494194031,0.12500515580177307,0.12499925494194031,0.12499925494194031,0.12499925494194031,0.12499925494194031
1557,,0.7023130600248637,-0.0010678002303083568,0.125,0.125,0.125,0.125,0.125,0.125,0.125,0.125
1558,,0.704111354981747,0.0025572592706759206,0.12498503923416138,0.12510469555854797,0.12498503923416138,0.12498503923416138,0.12498503923416138,0.12498503923416138,0.12498503923416138,0.12498503923416138
1559,,0.6990395780142872,-0.0072291568013987196,0.0894535630941391,0.3694426417350769,0.08933880925178528,0.09429209679365158,0.08945642411708832,0.08933880925178528,0.08933880925178528,0.08933880925178528
1560,,0.7009295983928433,0.0027000902000865884,0.08382150530815125,0.4133301377296448,0.08380626887083054,0.0838170275092125,0.08380626887083054,0.08380626887083054,0.08380626887083054,0.08380626887083054
1561,,0.7007958625833695,-0.0001908159815923066,0.1083354651927948,0.1874976009130478,0.10554929822683334,0.1764204055070877,0.10554929822683334,0.10554929822683334,0.10554929822683334,0.10554929822683334
1562,,0.7028824058245303,0.0029729672745583205,0.125,0.125,0.125,0.125,0.125,0.125,0.125,0.125
1563,,0.6980726964249697,-0.006866356086227926,0.12240713834762573,0.11631970852613449,0.17940984666347504,0.1163196936249733,0.11658451706171036,0.1163196936249733,0.1163196936249733,0.1163196936249733
1564,,0.6987679406022592,0.000995452475065993,0.12499997019767761,0.1250002384185791,0.12499997019767761,0.12499997019767761,0.12499997019767761,0.12499997019767761,0.12499997019767761,0.12499997019767761
1565,,0.7002338850353863,0.002095701296158391,0.12499986588954926,0.1250009536743164,0.12499986588954926,0.12499986588954926,0.12499986588954926,0.12499986588954926,0.12499986588954926,0.12499986588954926
1566,,0.6949815659951618,-0.007529079251314237,0.4126625955104828,0.04590392857789993,0.04587332531809807,0.045439213514328,0.045439213514328,0.3070906102657318,0.04544384405016899,0.052147284150123596
1567,,0.6953234846198119,0.0004918613097063332,0.08552975207567215,0.033383678644895554,0.03111177310347557,0.03111177310347557,0.03111177310347557,0.1946759819984436,0.34103667736053467,0.2520385980606079
1568,,0.6943269381501157,-0.0014342407618432953,0.125,0.125,0.125,0.125,0.125,0.125,0.125,0.125
1569,,0.6962625718529559,0.002783905586852264,0.12006920576095581,0.15981829166412354,0.12001866847276688,0.12001866847276688,0.12001866847276688,0.12001916766166687,0.12001866847276688,0.12001866847276688
1570,,0.6944003515210383,-0.0026781780310721464,0.04381513223052025,0.04381515830755234,0.39977315068244934,0.04381513223052025,0.043815165758132935,0.3373359441757202,0.04381513223052025,0.04381513223052025
1571,,0.694286372430686,-0.00016415378449639422,0.12102410197257996,0.15233679115772247,0.12102053314447403,0.12102045118808746,0.12102045118808746,0.12102848291397095,0.12102045118808746,0.121528759598732
1572,,0.6939308939716242,-0.0005121366452281657,0.12409913539886475,0.12409916520118713,0.12409915030002594,0.12409913539886475,0.13130341470241547,0.12410059571266174,0.12410029023885727,0.12409916520118713
1573,,0.6943718496661069,0.0006352443101217133,0.12498325109481812,0.12498325109481812,0.12498325109481812,0.12498325109481812,0.1251171976327896,0.12498325109481812,0.12498325109481812,0.12498325109481812
1574,,0.6950315258716538,0.0009495820533199513,0.125,0.125,0.125,0.125,0.1250000298023224,0.125,0.125,0.125
1575,,0.6961075944369848,0.0015470325925504868,0.12500038743019104,0.12499991059303284,0.12499991059303284,0.12500017881393433,0.12499991059303284,0.12499991059303284,0.12499991059303284,0.12499991059303284
1576,,0.6969017911681673,0.0011402605401519342,0.04386598616838455,0.6929380893707275,0.04386598616838455,0.04386598616838455,0.04386601969599724,0.04386598616838455,0.04386598616838455,0.04386598616838455
1577,,0.6990810612026266,0.003122204260719287,0.5655271410942078,0.05912214145064354,0.05912214145064354,0.059122197329998016,0.07973068207502365,0.05912214145064354,0.059122148901224136,0.05913141742348671
1578,,0.6981409671343375,-0.001345661879191352,0.11867634207010269,0.010368835180997849,0.42627087235450745,0.01036822609603405,0.20326486229896545,0.025821851566433907,0.010562076233327389,0.19466692209243774
1579,,0.6976161660518609,-0.0007519948775180263,0.03953157737851143,0.11128183454275131,0.27406713366508484,0.27449819445610046,0.03953157737851143,0.03953160345554352,0.03953157737851143,0.18202655017375946
1580,,0.6947639526928613,-0.0040968946770015445,0.24034203588962555,0.4986310601234436,0.02820802852511406,0.021632220596075058,0.14613990485668182,0.021634530276060104,0.02163226157426834,0.021779928356409073
1581,,0.6962624834937977,0.0021545692326985994,0.12495053559541702,0.12495287507772446,0.12495049089193344,0.12495049089193344,0.12534421682357788,0.12495049089193344,0.12495049089193344,0.12495049089193344
1582,,0.690908427719444,-0.007719427098993011,0.08693233877420425,0.08693154901266098,0.08694751560688019,0.0869315043091774,0.0869315043091774,0.3914625942707062,0.0869315043091774,0.0869315043091774
1583,,0.6928211487480717,0.002764589670399774,0.06457006931304932,0.1722068190574646,0.41570982336997986,0.06457006931304932,0.06457006931304932,0.07472962141036987,0.06457006931304932,0.07907351106405258
1584,,0.6945914651531971,0.002551969541231254,0.06135999783873558,0.4668926000595093,0.06135999783873558,0.06135999783873558,0.061360012739896774,0.06135999783873558,0.06135999783873558,0.16494733095169067
1585,,0.6931884149187431,-0.002022007571422592,0.125,0.12500005960464478,0.125,0.125,0.125,0.125,0.125,0.125
1586,,0.6920198109996712,-0.0016872614159271814,0.0847022607922554,0.0847022756934166,0.08470261096954346,0.0847022607922554,0.0847022607922554,0.40708377957344055,0.0847022607922554,0.0847022607922554
1587,,0.6911727770698949,-0.001224752132078737,0.19380629062652588,0.11517053097486496,0.11517053097486496,0.11517053097486496,0.11517053097486496,0.11517056077718735,0.11517053097486496,0.11517053097486496
1588,,0.6924562516404854,0.001855229851482598,0.12499821186065674,0.1250123679637909,0.12499821186065674,0.12499822676181793,0.12499824166297913,0.12499827146530151,0.12499821186065674,0.12499821186065674
1589,,0.6873505729829974,-0.007400604010749297,0.07559598237276077,0.4708280861377716,0.07559598237276077,0.07559598237276077,0.07559598237276077,0.07559598237276077,0.07559601217508316,0.07559598237276077
1590,,0.6863850132430968,-0.0014057434466817642,0.12499971687793732,0.12499971687793732,0.12499971687793732,0.12499971687793732,0.12499971687793732,0.12499971687793732,0.12500199675559998,0.12499971687793732
1591,,0.687894847700738,0.0021972745261115124,0.125,0.125,0.125,0.125,0.125,0.125,0.125,0.125
1592,,0.687249720785929,-0.0009382678402269871,0.125,0.125,0.125,0.125,0.125,0.125,0.125,0.125
1593,,0.6872153121740895,-5.006836990631161e-05,0.125,0.125,0.125,0.125,0.1250000298023224,0.125,0.125,0.125
1594,,0.6894491094613646,0.003245234223553091,0.10918550938367844,0.23570145666599274,0.10918550938367844,0.10918550938367844,0.10918550938367844,0.10918550938367844,0.10918550938367844,0.10918550938367844
1595,,0.689000716652252,-0.0006505754746139769,0.12499246001243591,0.12499246001243591,0.12499246001243591,0.12499246001243591,0.12505266070365906,0.12499246001243591,0.12499253451824188,0.12499246001243591
1596,,0.6885265112109419,-0.0006884879666261718,0.09612249583005905,0.12077426165342331,0.15733572840690613,0.1895471215248108,0.09612249583005905,0.09612249583005905,0.14785292744636536,0.09612249583005905
1597,,0.6882137058260814,-0.0004544145458557327,0.12468886375427246,0.12468887865543365,0.12468886375427246,0.12468886375427246,0.12468886375427246,0.12468886375427246,0.1271778792142868,0.12468886375427246
1598,,0.6874884733285261,-0.0010543453019523272,0.1249999850988388,0.1249999850988388,0.1249999850988388,0.1249999850988388,0.12500011920928955,0.125,0.1249999850988388,0.1249999850988388
1599,,0.6873599680120589,-0.00018693742957759548,0.12499997019767761,0.12499997019767761,0.12499997019767761,0.12499997019767761,0.1249999850988388,0.1250002086162567,0.12499997019767761,0.12499997019767761
1600,,0.690224464185792,0.004158729200537903,0.12499991059303284,0.12499991059303284,0.12499991059303284,0.12499991059303284,0.12499991059303284,0.12499991059303284,0.12499991059303284,0.12500064074993134
1601,,0.6919161736600914,0.0024479568471880257,0.08886683732271194,0.08886675536632538,0.08978646993637085,0.1486349105834961,0.31724482774734497,0.08886675536632538,0.08886675536632538,0.08886675536632538
1602,,0.6940259205129633,0.0030444973009176274,0.12499912083148956,0.12499910593032837,0.12499913573265076,0.12499910593032837,0.1250062882900238,0.12499910593032837,0.12499910593032837,0.12499910593032837
1603,,0.6897972115286791,-0.006111651191575823,0.04741695150732994,0.047549158334732056,0.04741695150732994,0.04741695895791054,0.6679486632347107,0.04741738736629486,0.04741695150732994,0.04741695150732994
1604,,0.6903399101484525,0.0007864416357195063,0.12499988079071045,0.12499988079071045,0.12499988079071045,0.12499995529651642,0.1250007599592209,0.12499988079071045,0.12499988079071045,0.12499988079071045
1605,,0.6900073553208212,-0.0004818422760484235,0.15146462619304657,0.1161326915025711,0.15104328095912933,0.11619070917367935,0.11677039414644241,0.11613296717405319,0.1161326915025711,0.1161326915025711
1606,,0.689061166537075,-0.0013722145306341174,0.12498316168785095,0.12498316168785095,0.12498722970485687,0.12511326372623444,0.12498316168785095,0.1249837875366211,0.12498316168785095,0.12498316168785095
1607,,0.6898753581976995,0.0011808980915903595,0.125,0.125,0.125,0.125,0.125,0.125,0.125,0.125
1608,,0.6910291583084511,0.0016710791592893593,0.1249999850988388,0.1249999850988388,0.1249999850988388,0.1249999850988388,0.12500011920928955,0.1249999850988388,0.1249999850988388,0.1249999850988388
1609,,0.6919314187636134,0.0013048247334509118,0.12499389052391052,0.12499389052391052,0.12499389052391052,0.12504278123378754,0.12499389052391052,0.12499389052391052,0.12499389052391052,0.12499389052391052
1610,,0.6897189390666488,-0.0032026649514531034,0.12496796995401382,0.12496798485517502,0.12496796995401382,0.12496798485517502,0.12496886402368546,0.12522335350513458,0.12496796995401382,0.12496796995401382
1611,,0.6910857984490482,0.001979801765920885,0.12501055002212524,0.12499849498271942,0.12499849498271942,0.12499849498271942,0.12499849498271942,0.12499849498271942,0.12499849498271942,0.12499849498271942
1612,,0.6911936092580784,0.00015598989415253352,0.125,0.125,0.125,0.125,0.1250000149011612,0.125,0.125,0.125
1613,,0.6890007459476356,-0.0031776179163897538,0.12497740238904953,0.12497740238904953,0.12497740238904953,0.12498027086257935,0.12497765570878983,0.12515512108802795,0.12497740238904953,0.12497740238904953
1614,,0.6880869653401569,-0.0013271206098274162,0.1247483342885971,0.1247483342885971,0.1247483342885971,0.1247483342885971,0.12660948932170868,0.12490048259496689,0.1247483342885971,0.1247483342885971
1615,,0.6875313397055194,-0.00080781952786624,0.12495680153369904,0.12495680153369904,0.12495680153369904,0.12495680153369904,0.12530234456062317,0.12495680153369904,0.12495680153369904,0.12495680153369904
1616,,0.6869007925708369,-0.0009175384715069848,0.12496889382600784,0.12496889382600784,0.12496889382600784,0.12496889382600784,0.12521705031394958,0.12496889382600784,0.12496953457593918,0.12496889382600784
1617,,0.6890099676154111,0.0030658626383445325,0.125,0.125,0.125,0.125,0.125,0.125,0.125,0.125
1618,,0.6908757333847966,0.0027042339884286015,0.125,0.125,0.125,0.125,0.125,0.125,0.125,0.125
1619,,0.6919116076720678,0.0014982411977400702,0.12499991059303284,0.12499991059303284,0.12499991059303284,0.12499991059303284,0.12500068545341492,0.12499991059303284,0.12499991059303284,0.12499991059303284
1620,,0.6924565740435521,0.000787314251847761,0.12459120154380798,0.12778210639953613,0.12459120154380798,0.12459120154380798,0.1246706172823906,0.12459120154380798,0.12459120154380798,0.12459120154380798
1621,,0.6918342104039461,-0.0008991805602282013,0.125,0.12500004470348358,0.125,0.125,0.125,0.125,0.125,0.125
1622,,0.6934586491666915,0.0023452651128507917,0.125,0.1250000298023224,0.125,0.125,0.125,0.125,0.125,0.125
1623,,0.6939918713218463,0.0007686359600331783,0.125,0.125,0.125,0.125,0.125,0.125,0.125,0.125
1624,,0.6934481001949996,-0.0007838481892576978,0.12472811341285706,0.12472811341285706,0.12472811341285706,0.12472811341285706,0.12472811341285706,0.1269032210111618,0.12472811341285706,0.12472811341285706
1625,,0.6931255858795303,-0.0004651960794070991,0.125,0.125,0.125,0.125,0.1250000149011612,0.12500005960464478,0.125,0.125
1626,,0.6962065032957775,0.004435113088433734,0.125,0.125,0.125,0.125,0.125,0.125,0.125,0.125
1627,,0.6969121450877377,0.0010130391307674568,0.1100742518901825,0.1100742369890213,0.22947996854782104,0.1100742369890213,0.1100742369890213,0.1100742369890213,0.11007463186979294,0.1100742369890213
1628,,0.6974062276728559,0.000708708449161688,0.1249941885471344,0.1249990165233612,0.1249941885471344,0.1249941885471344,0.1249941885471344,0.12503594160079956,0.1249941885471344,0.1249941885471344
1629,,0.6966720159203457,-0.0010533294293468055,0.12499868869781494,0.12499868869781494,0.12499868869781494,0.1250074803829193,0.12499868869781494,0.12500043213367462,0.12499868869781494,0.12499868869781494
1630,,0.6972400782426706,0.000815061948528768,0.12400129437446594,0.12400129437446594,0.12400129437446594,0.12400129437446594,0.12400129437446594,0.1319909691810608,0.12400129437446594,0.12400129437446594
1631,,0.6982263692881898,0.0014135649216007614,0.125,0.125,0.125,0.125,0.125,0.125,0.125,0.125
1632,,0.6981167280243405,-0.00015704057875983807,0.125,0.125,0.12500004470348358,0.125,0.125,0.125,0.125,0.125
1633,,0.6979142119104538,-0.00029013127075370115,0.2000971883535385,0.11403591930866241,0.11409007757902145,0.11563050746917725,0.11403847485780716,0.11403591930866241,0.11403591930866241,0.11403591930866241
1634,,0.6960620600956284,-0.002657366473087519,0.02696550264954567,0.019342368468642235,0.35929515957832336,0.019341284409165382,0.24789121747016907,0.019343912601470947,0.2884810268878937,0.01933952234685421
1635,,0.696606203019166,0.0007814394362810581,0.3805570602416992,0.0775926485657692,0.09703042358160019,0.13273338973522186,0.07930851727724075,0.0775926485657692,0.0775926485657692,0.0775926485657692
1636,,0.6949655297343078,-0.002358015769439299,0.05284746736288071,0.0528576597571373,0.05284740403294563,0.052847448736429214,0.6269235610961914,0.053305577486753464,0.05552241951227188,0.05284838005900383
1637,,0.6945527105241995,-0.0005941904327608303,0.12499508261680603,0.12499508261680603,0.12499508261680603,0.1250343918800354,0.12499508261680603,0.12499508261680603,0.12499508261680603,0.12499508261680603
1638,,0.6939964436334127,-0.0008012203512988224,0.12498731911182404,0.12508398294448853,0.12498731911182404,0.12498731911182404,0.12499195337295532,0.12498731911182404,0.12498743832111359,0.12498731911182404
1639,,0.6935759275447554,-0.0006061177207995009,0.11773908138275146,0.1758260577917099,0.11773908138275146,0.11773908138275146,0.11773908138275146,0.11773908138275146,0.1177394837141037,0.11773908138275146
1640,,0.6952854793365679,0.0024618045353331803,0.06509388983249664,0.54594886302948,0.06482181698083878,0.06482181698083878,0.06482269614934921,0.06482181698083878,0.06482181698083878,0.06484735012054443
1641,,0.6944132769887673,-0.0012552396098116344,0.12495914101600647,0.1252748966217041,0.12496993690729141,0.12495914101600647,0.12495949864387512,0.12495914101600647,0.12495914101600647,0.12495914101600647
1642,,0.6955894375452941,0.0016923144464856617,0.050265926867723465,0.0502670556306839,0.422916442155838,0.05034332722425461,0.0506349541246891,0.05266999453306198,0.27263468503952026,0.05026751384139061
1643,,0.6939504093401552,-0.0023590960258643885,0.08284986019134521,0.082849882543087,0.08284986019134521,0.08284986019134521,0.08481655269861221,0.10461444407701492,0.396319717168808,0.08284986019134521
1644,,0.6936509348094848,-0.0004316434782695619,0.036039914935827255,0.036039914935827255,0.09530813246965408,0.036039914935827255,0.036039914935827255,0.12855663895606995,0.5959356427192688,0.036039914935827255
1645,,0.6951549081857046,0.0021658520112411016,0.0563613697886467,0.056394606828689575,0.09255386143922806,0.0563613697886467,0.056361377239227295,0.06638249009847641,0.5592235326766968,0.0563613697886467
1646,,0.6883912882938278,-0.009777300953208863,0.753570556640625,0.0352042019367218,0.0352042019367218,0.0352042093873024,0.0352042019367218,0.0352042019367218,0.0352042019367218,0.0352042019367218
1647,,0.6930556748733049,0.006752925634174345,0.6626890301704407,0.05426452308893204,0.047142479568719864,0.047142479568719864,0.047142479568719864,0.047334108501672745,0.04714248329401016,0.047142479568719864
1648,,0.6933124622740956,0.0003704461994569359,0.15898631513118744,0.20694683492183685,0.041763849556446075,0.041763849556446075,0.041763849556446075,0.4247901737689972,0.042221128940582275,0.0417640246450901
1649,,0.6933738649889036,8.856035231751771e-05,0.18038244545459747,0.06266749650239944,0.09327545762062073,0.06266756355762482,0.06541440635919571,0.2799157500267029,0.19296962022781372,0.06270726770162582
1650,,0.6935366018054772,0.00023467530344123478,0.12484724074602127,0.12606929242610931,0.12484724074602127,0.12484724074602127,0.12484724074602127,0.12484724074602127,0.12484724074602127,0.12484724074602127
1651,,0.6916555154795738,-0.0027159950721201693,0.10475043952465057,0.10475054383277893,0.10475043952465057,0.10475043952465057,0.10475095361471176,0.23530997335910797,0.13618673384189606,0.10475043952465057
1652,,0.693405768248963,0.002527330337770639,0.1188298761844635,0.11883027851581573,0.1340545117855072,0.1188298761844635,0.1256129890680313,0.14373785257339478,0.12127479165792465,0.1188298761844635
1653,,0.6922370202369161,-0.0016869402401891488,0.2712414562702179,0.02825206331908703,0.5176903605461121,0.02825206331908703,0.02825276367366314,0.029932091012597084,0.06812717020511627,0.02825206331908703
1654,,0.6925535728018775,0.00045718474990571627,0.02847457490861416,0.02847457490861416,0.4295920133590698,0.02872987650334835,0.02847457490861416,0.02847457490861416,0.028474586084485054,0.39930516481399536
1655,,0.6893089754673785,-0.0046959855755911535,0.12558186054229736,0.12496455013751984,0.12493600696325302,0.12490088492631912,0.12490088492631912,0.12490088492631912,0.12490088492631912,0.12491404265165329
1656,,0.6838672544010793,-0.007925784665412992,0.12498617172241211,0.12498617172241211,0.12509401142597198,0.12498617172241211,0.12498617172241211,0.12498617172241211,0.12498892843723297,0.12498617172241211
1657,,0.6834087123483552,-0.0006707381407505653,0.047391727566719055,0.04738646373152733,0.04738641157746315,0.6682897806167603,0.04738641157746315,0.04738641157746315,0.04738641157746315,0.04738645255565643
1658,,0.6846366610136345,0.0017951875266202023,0.10749062895774841,0.16783520579338074,0.10749062895774841,0.11028867959976196,0.10749062895774841,0.18442296981811523,0.1074906513094902,0.10749062895774841
1659,,0.6821774985099855,-0.0035983899347747845,0.125,0.125,0.125,0.125,0.125,0.125,0.125,0.125
1660,,0.6835576974861053,0.0020211816317378764,0.1249048262834549,0.1249048262834549,0.1249048262834549,0.12565791606903076,0.1249048262834549,0.1249130591750145,0.12490494549274445,0.1249048262834549
1661,,0.6847208526994016,0.0017001735404277001,0.060381654649972916,0.060381654649972916,0.060381654649972916,0.06537508219480515,0.060381654649972916,0.5723314881324768,0.060385219752788544,0.060381654649972916
1662,,0.6852338172577628,0.0007488781834664627,0.12301526963710785,0.12301622331142426,0.12301526963710785,0.12301526963710785,0.13889217376708984,0.12301526963710785,0.12301526963710785,0.12301526963710785
1663,,0.6869771513885344,0.0025409140555706596,0.125,0.125,0.125,0.125,0.125,0.125,0.125,0.125
1664,,0.6859355295454905,-0.0015173900822215147,0.125,0.125,0.125,0.125,0.12500005960464478,0.125,0.125,0.125
1665,,0.6875835843804251,0.0023997563763485026,0.11184682697057724,0.11184682697057724,0.11184682697057724,0.11184682697057724,0.21707220375537872,0.11184682697057724,0.11184684187173843,0.11184682697057724
1666,,0.687790699258986,0.0003011760254500822,0.12341412156820297,0.12341412156820297,0.12341412156820297,0.12341413646936417,0.13610109686851501,0.12341413646936417,0.12341412156820297,0.12341412156820297
1667,,0.6882614217961095,0.0006841638456600328,0.125,0.125,0.125,0.125,0.125,0.12500004470348358,0.125,0.125
1668,,0.6882829446936459,3.127091005879247e-05,0.1249999850988388,0.1249999850988388,0.1249999850988388,0.1249999850988388,0.12500008940696716,0.1249999850988388,0.1249999850988388,0.1249999850988388
1669,,0.6890645521446549,0.001134946027349579,0.11123333871364594,0.11123335361480713,0.11123333871364594,0.11123333871364594,0.2211313098669052,0.11146871745586395,0.11123333871364594,0.11123333871364594
1670,,0.6891524543956491,0.00012755937663848433,0.12499941885471344,0.1250038594007492,0.12499941885471344,0.12499941885471344,0.12499943375587463,0.12499967217445374,0.12499941885471344,0.12499941885471344
1671,,0.6885869278127981,-0.0008209486088815299,0.12350578606128693,0.1235077902674675,0.12350578606128693,0.12350578606128693,0.12351973354816437,0.13538260757923126,0.1235656663775444,0.12350686639547348
1672,,0.6887670103644681,0.0002614905983199382,0.12342444807291031,0.12342552840709686,0.12342444807291031,0.12342444807291031,0.12343307584524155,0.13601894676685333,0.1234244778752327,0.12342465668916702
1673,,0.6903578906812589,0.0023070876629469684,0.1249915063381195,0.1249915063381195,0.1249915063381195,0.1249915063381195,0.1249915063381195,0.12505346536636353,0.12499696016311646,0.12499208748340607
1674,,0.6912887396588722,0.0013474489033756195,0.12499997019767761,0.12499997019767761,0.12499997019767761,0.12499997019767761,0.1250002086162567,0.1249999850988388,0.12499997019767761,0.12499997019767761
1675,,0.6922870183503288,0.0014430418557278147,0.1249246746301651,0.1249246746301651,0.1249246895313263,0.1249246746301651,0.12492488324642181,0.1255122572183609,0.12493947893381119,0.1249246746301651
1676,,0.692957339363401,0.0009678019068049148,0.08992445468902588,0.08992446959018707,0.37052884697914124,0.08992445468902588,0.08992445468902588,0.08992445468902588,0.08992445468902588,0.08992445468902588
1677,,0.6931707044837687,0.00030785773796292507,0.12856236100196838,0.12448220700025558,0.12448503822088242,0.12454159557819366,0.12448220700025558,0.12448220700025558,0.12448220700025558,0.12448220700025558
1678,,0.6890044324049184,-0.006028591581297716,0.125,0.125,0.125,0.125,0.125,0.125,0.125,0.125
1679,,0.6910017201736685,0.0028946090705238483,0.1209072694182396,0.12379368394613266,0.1209072694182396,0.1209072694182396,0.12090831995010376,0.15076152980327606,0.12090742588043213,0.1209072694182396
1680,,0.6893437039961028,-0.0024023218332485745,0.12499208748340607,0.12499208748340607,0.12499208748340607,0.12499208748340607,0.12499210238456726,0.12499208748340607,0.12505540251731873,0.12499208748340607
1681,,0.690587458274703,0.0018026328405400234,0.12218131124973297,0.14473064243793488,0.12218131124973297,0.12218131124973297,0.1221814975142479,0.12218131124973297,0.12218131124973297,0.12218131124973297
1682,,0.6883652984205755,-0.0032229701371592227,0.125,0.125,0.12500007450580597,0.125,0.125,0.125,0.125,0.125
1683,,0.6854862494092759,-0.004191214444327338,0.125,0.125,0.125,0.125,0.125,0.125,0.125,0.125
1684,,0.6840728014675562,-0.0020640927350232064,0.12500232458114624,0.12499968707561493,0.12499967217445374,0.12499967217445374,0.12499967217445374,0.12499967217445374,0.12499967217445374,0.12499967217445374
1685,,0.6825156026666298,-0.002278959005035002,0.20411548018455505,0.11693190038204193,0.11315875500440598,0.11315874755382538,0.1131589487195015,0.11315876990556717,0.11315874755382538,0.11315874755382538
1686,,0.676445921100448,-0.008932882677738528,0.3872641623020172,0.45150473713874817,0.02685553766787052,0.026953358203172684,0.026855548843741417,0.026855554431676865,0.02685553766787052,0.02685553766787052
1687,,0.6754647985193816,-0.0014514608680515895,0.125,0.125,0.125,0.125,0.125,0.125,0.125,0.125
1688,,0.6769437180494855,0.0021870908109537356,0.07673661410808563,0.08255067467689514,0.07673661410808563,0.07684111595153809,0.07673661410808563,0.4569248557090759,0.07673688232898712,0.07673661410808563
1689,,0.675054297822267,-0.0027950062574937052,0.12647219002246857,0.1246941015124321,0.12469387799501419,0.12469387799501419,0.12469387799501419,0.12482981383800507,0.12522834539413452,0.12469387799501419
1690,,0.6749125574314656,-0.0002099909205482878,0.12500028312206268,0.1249997615814209,0.1249997615814209,0.1249997615814209,0.12500111758708954,0.1249997615814209,0.1249997615814209,0.1249997615814209
1691,,0.6742872181995498,-0.0009269780324446049,0.09480215609073639,0.09474489092826843,0.09474489092826843,0.09474489092826843,0.3367285132408142,0.09474492073059082,0.09474489092826843,0.09474489092826843
1692,,0.6711203255070207,-0.004707716343973749,0.1250070035457611,0.12499900162220001,0.12499900162220001,0.12499900162220001,0.12499900162220001,0.12499900162220001,0.12499900162220001,0.12499900162220001
1693,,0.6708231844881447,-0.00044285176167110923,0.12499994039535522,0.12499992549419403,0.12499992549419403,0.125000461935997,0.12499992549419403,0.12499992549419403,0.12499992549419403,0.125
1694,,0.6722701300660323,0.0021546472192148767,0.1250053495168686,0.12499602138996124,0.12499602138996124,0.12501853704452515,0.12499602138996124,0.12499602138996124,0.12499602138996124,0.12499602138996124
1695,,0.6697788972683751,-0.0037125851714270145,0.1251145601272583,0.124980628490448,0.12500034272670746,0.12498199939727783,0.124980628490448,0.124980628490448,0.124980628490448,0.124980628490448
1696,,0.670662502024837,0.0013183789830906564,0.10649212449789047,0.1306382268667221,0.10649219155311584,0.18384800851345062,0.10650157183408737,0.10649212449789047,0.15304364264011383,0.10649212449789047
1697,,0.6695886711010641,-0.0016024327008041341,0.12468598783016205,0.12642350792884827,0.12468600273132324,0.12546031177043915,0.12468598783016205,0.12468598783016205,0.12468616664409637,0.12468598783016205
1698,,0.6677062480961383,-0.002815271667012124,0.12499658763408661,0.1250009387731552,0.12499658763408661,0.1249990463256836,0.1249973475933075,0.12499658763408661,0.12501633167266846,0.12499658763408661
1699,,0.6667090951903331,-0.0014945168255503822,0.12500087916851044,0.1249987930059433,0.1249987930059433,0.1249987930059433,0.1249987930059433,0.12500636279582977,0.1249987930059433,0.1249987930059433
1700,,0.6659885156248294,-0.0010813850492054917,0.12289386242628098,0.12289386242628098,0.12289386242628098,0.12289700657129288,0.1231483444571495,0.13947248458862305,0.12290670722723007,0.12289386242628098
1701,,0.6690521129982613,0.004589527367662738,0.08548800647258759,0.08548800647258759,0.08548800647258759,0.08548900485038757,0.08548800647258759,0.08548800647258759,0.4015829563140869,0.08548800647258759
1702,,0.6710762814029977,0.003020859721358156,0.12453816831111908,0.12453819811344147,0.12453816831111908,0.12453818321228027,0.12823276221752167,0.12453816831111908,0.12453816831111908,0.12453816831111908
1703,,0.6696640909400156,-0.002106583816452848,0.12499113380908966,0.12499111890792847,0.12499111890792847,0.12499111890792847,0.12499113380908966,0.12506207823753357,0.12499111890792847,0.12499111890792847
1704,,0.6725896028181257,0.004359111134094409,0.07606163620948792,0.08877945691347122,0.07606163620948792,0.4545748829841614,0.07617014646530151,0.07606163620948792,0.07622901350259781,0.07606163620948792
1705,,0.6672931101516927,-0.00790594609930041,0.125,0.125,0.125,0.125,0.125,0.12500004470348358,0.125,0.125
1706,,0.6643830130634364,-0.004370584814002961,0.07484544813632965,0.07484545558691025,0.07484544813632965,0.07485407590866089,0.47606775164604187,0.0748455822467804,0.07485072314739227,0.07484544813632965
1707,,0.6639188597455412,-0.0006988672474054677,0.1049664318561554,0.10496652871370316,0.10587100684642792,0.1049664318561554,0.26351895928382874,0.10496656596660614,0.10577764362096786,0.1049664318561554
1708,,0.664382767856721,0.0006984981730074393,0.12499812245368958,0.12499812245368958,0.12499812245368958,0.12499812245368958,0.12500925362110138,0.12500205636024475,0.12499812245368958,0.12499812245368958
1709,,0.6623864715051168,-0.003009261594043569,0.11599310487508774,0.11599234491586685,0.1878301054239273,0.11599233001470566,0.11599233001470566,0.11601144075393677,0.11605460941791534,0.11613375693559647
1710,,0.6623575285782127,-4.3695879214194804e-05,0.1257985234260559,0.12489140778779984,0.12488500773906708,0.12488500773906708,0.12488500773906708,0.12488500773906708,0.12488500773906708,0.12488500773906708
1711,,0.6652952407457218,0.004425429645214085,0.21903477609157562,0.11156845092773438,0.11156614124774933,0.11156614124774933,0.11156614124774933,0.11156614124774933,0.11156614124774933,0.11156614124774933
1712,,0.6664189018520432,0.0016875413980248677,0.02346785180270672,0.023458285257220268,0.6829617619514465,0.0235896073281765,0.02345830202102661,0.023459462448954582,0.023458385840058327,0.1761462539434433
1713,,0.6670782740913497,0.000988936917063279,0.018085049465298653,0.018308889120817184,0.1994630992412567,0.018045639619231224,0.30608898401260376,0.4016970694065094,0.018371572718024254,0.019939672201871872
1714,,0.6637103358250286,-0.00506157842297567,0.12499827146530151,0.12499827146530151,0.12499827146530151,0.12499827146530151,0.12499861419200897,0.12499827146530151,0.12499827146530151,0.12501172721385956
1715,,0.6643252096255144,0.0009259900407455111,0.125,0.125,0.125,0.125,0.125,0.125,0.125,0.125
1716,,0.6651057087522838,0.001174185443791695,0.125,0.125,0.125,0.125,0.125,0.125,0.125,0.125
1717,,0.663507312219286,-0.0024061141640374915,0.125,0.125,0.125,0.125,0.125,0.125,0.125,0.125
1718,,0.6662837732776052,0.0041757914052551895,0.125,0.125,0.125,0.1250000298023224,0.125,0.125,0.125,0.125
1719,,0.6667002082081718,0.0006248161266727497,0.125,0.125,0.125,0.125,0.125,0.125,0.125,0.125
1720,,0.666717438849989,2.5844328453616476e-05,0.12492641806602478,0.12492641806602478,0.12492641806602478,0.12492641806602478,0.12492643296718597,0.12551504373550415,0.12492643296718597,0.12492641806602478
1721,,0.667142340942129,0.0006371016098535871,0.10778143256902695,0.10778143256902695,0.10778217762708664,0.10778143256902695,0.1081334576010704,0.10847362130880356,0.2444850653409958,0.10778143256902695
1722,,0.6657731388819983,-0.002054447656201189,0.12499982118606567,0.12499982118606567,0.12499982118606567,0.12499982118606567,0.12499982118606567,0.12499982118606567,0.12500131130218506,0.12499982118606567
1723,,0.6641844741792766,-0.002389046752669675,0.12499964237213135,0.12499964237213135,0.12499964237213135,0.12499964237213135,0.12500232458114624,0.12499964237213135,0.12499986588954926,0.12499964237213135
1724,,0.6626448915148874,-0.0023206953285238264,0.12497559934854507,0.12497559934854507,0.12497559934854507,0.12497559934854507,0.12497570365667343,0.12497559934854507,0.1251707673072815,0.12497559934854507
1725,,0.6623323841389982,-0.0004717173455367665,0.12483954429626465,0.12483976781368256,0.12483954429626465,0.1248396635055542,0.12612280249595642,0.12483954429626465,0.12483955919742584,0.12483954429626465
1726,,0.6662359248168679,0.005876328502478924,0.12499995529651642,0.12499995529651642,0.12499995529651642,0.12499995529651642,0.12500028312206268,0.12499995529651642,0.12499995529651642,0.12499995529651642
1727,,0.6635213793682764,-0.004082773917896859,0.12459715455770493,0.12459715455770493,0.12459715455770493,0.12459715455770493,0.1278197020292282,0.12459715455770493,0.12459746748209,0.12459715455770493
1728,,0.6650384925377207,0.0022838471354715583,0.12482506781816483,0.12482506781816483,0.12482506781816483,0.126223623752594,0.12482567876577377,0.12482506781816483,0.12482529133558273,0.12482506781816483
1729,,0.6640948891505881,-0.0014198778823289503,0.1249106302857399,0.1249106302857399,0.1249106302857399,0.12491067498922348,0.12562552094459534,0.1249106302857399,0.1249106302857399,0.1249106302857399
1730,,0.6623835479886886,-0.0025802788246995834,0.12441129982471466,0.12441179156303406,0.12912040948867798,0.12441129982471466,0.12441129982471466,0.12441129982471466,0.12441129982471466,0.12441129982471466
1731,,0.6658726444235384,0.005253661876345443,0.1244346871972084,0.12895721197128296,0.12443474680185318,0.1244346871972084,0.1244346871972084,0.1244346871972084,0.1244346871972084,0.1244346871972084
1732,,0.664583659517546,-0.0019376589903294691,0.12442301958799362,0.12449854612350464,0.12896323204040527,0.12442319840192795,0.12442301958799362,0.12442301958799362,0.12442301958799362,0.12442301958799362
1733,,0.6656444402581717,0.001594885817943595,0.11123808473348618,0.22133347392082214,0.11123808473348618,0.11123808473348618,0.11123808473348618,0.11123808473348618,0.11123808473348618,0.11123808473348618
1734,,0.6635100895745967,-0.003211594243112791,0.12498530745506287,0.12498535215854645,0.12510278820991516,0.12498530745506287,0.12498530745506287,0.12498530745506287,0.12498530745506287,0.12498530745506287
1735,,0.6654304227727207,0.002890023318382355,0.12499067187309265,0.12500149011611938,0.12505453824996948,0.12499067187309265,0.12499067187309265,0.12499067187309265,0.12499067187309265,0.12499067187309265
1736,,0.6717919626977421,0.009514629706505679,0.10335494577884674,0.15332840383052826,0.22649744153022766,0.10335494577884674,0.10335494577884674,0.1033993735909462,0.10335494577884674,0.10335494577884674
1737,,0.6700788970426433,-0.0025532510424527625,0.12499986588954926,0.12499992549419403,0.12500086426734924,0.12499986588954926,0.12499986588954926,0.12499986588954926,0.12499986588954926,0.12499986588954926
1738,,0.669953450645675,-0.0001872289091396816,0.125,0.125,0.125,0.125,0.125,0.1250000149011612,0.125,0.125
1739,,0.6709703990488466,0.0015167879941474477,0.12496515363454819,0.12496515363454819,0.1252438873052597,0.12496515363454819,0.12496515363454819,0.12496518343687057,0.12496515363454819,0.12496515363454819
1740,,0.6589133544070296,-0.0181329758733182,0.10044104605913162,0.10044104605913162,0.10044625401496887,0.10044104605913162,0.28885138034820557,0.10848799347877502,0.10044584423303604,0.10044528543949127
1741,,0.6599972080136102,0.0016435592851339828,0.12497103959321976,0.12497111409902573,0.12497103959321976,0.12497103959321976,0.12497103959321976,0.12497103959321976,0.12497103959321976,0.12520258128643036
1742,,0.6580202945969598,-0.0029998310269061298,0.125,0.125,0.125,0.125,0.125,0.125,0.125,0.125
1743,,0.65958981180523,0.002382370843977586,0.125,0.125,0.125,0.125,0.125,0.125,0.125,0.125
1744,,0.6594460340108826,-0.000218004378535873,0.12500008940696716,0.12499995529651642,0.12499995529651642,0.1249999850988388,0.12499995529651642,0.12499995529651642,0.12499995529651642,0.1250002086162567
1745,,0.6581112552789895,-0.002026142163800773,0.12447473406791687,0.12481115013360977,0.12447473406791687,0.12447473406791687,0.12447473406791687,0.12447473406791687,0.12447473406791687,0.1283404529094696
1746,,0.6562959286315607,-0.002762200060768185,0.125,0.125,0.125,0.125,0.125,0.125,0.125,0.125
1747,,0.6577772233536197,0.002254509723830658,0.125,0.125,0.125,0.125,0.125,0.125,0.125,0.125
1748,,0.6530780157551037,-0.00716971270121073,0.125,0.125,0.125,0.125,0.125,0.125,0.125,0.125
1749,,0.6521880156221702,-0.0013637070903039306,0.12499475479125977,0.12503398954868317,0.12499475479125977,0.12499642372131348,0.12499475479125977,0.12499475479125977,0.12499475479125977,0.12499576807022095
1750,,0.6484673407479884,-0.005721246608365515,0.12499977648258209,0.12499977648258209,0.12499977648258209,0.12499977648258209,0.12499977648258209,0.12499977648258209,0.12499977648258209,0.12500154972076416
1751,,0.6385883590472573,-0.01535159001679926,0.07865852117538452,0.07865852117538452,0.07865852117538452,0.07865869998931885,0.07865852117538452,0.4493902325630188,0.07865852117538452,0.07865852117538452
1752,,0.6398658026060271,0.0019984196887585983,0.011385134421288967,0.016677772626280785,0.30878883600234985,0.16894209384918213,0.019692791625857353,0.26649269461631775,0.19663548469543457,0.011385153979063034
1753,,0.6437247395752143,0.00601274077425263,0.036592669785022736,0.28298884630203247,0.03659289330244064,0.036590225994586945,0.036590225994586945,0.036590225994586945,0.03659026697278023,0.497464656829834
1754,,0.6459005955222908,0.0033744033286143456,0.12499967217445374,0.12500230967998505,0.12499967217445374,0.12499967217445374,0.12499967217445374,0.12499967217445374,0.12499967217445374,0.12499967217445374
1755,,0.6498818607852246,0.0061449786906960175,0.12481013685464859,0.12632901966571808,0.12481013685464859,0.12481013685464859,0.12481013685464859,0.12481013685464859,0.12481013685464859,0.12481013685464859
1756,,0.6484936426250946,-0.0021383932236532332,0.0453425832092762,0.06293413788080215,0.045342545956373215,0.045342545956373215,0.04534254968166351,0.09799379855394363,0.6123592853546143,0.04534256458282471
1757,,0.6452213809902254,-0.0050587162603801875,0.08006291836500168,0.43837857246398926,0.08014234900474548,0.08006291836500168,0.08006291836500168,0.08006291836500168,0.0801117867231369,0.08111562579870224
1758,,0.644627705544459,-0.0009205348034690766,0.125,0.125,0.125,0.125,0.125,0.125,0.125,0.125
1759,,0.6469665877102843,0.0036217018526308294,0.125,0.125,0.125,0.125,0.125,0.125,0.125,0.125
1760,,0.6459204767988803,-0.001618256023148063,0.125,0.125,0.125,0.125,0.125,0.125,0.125,0.125
1761,,0.6465360053133961,0.0009524940600646226,0.125,0.125,0.125,0.125,0.125,0.125,0.125,0.125
1762,,0.6442311213145312,-0.003571343584939941,0.1250000149011612,0.12499997019767761,0.12499997019767761,0.12499997019767761,0.12499997019767761,0.12499997019767761,0.12500013411045074,0.12499997019767761
1763,,0.6442704185400544,6.0996784745538994e-05,0.125,0.125,0.125,0.125,0.125,0.125,0.125,0.125
1764,,0.6425302138999635,-0.002704701345460373,0.1108313798904419,0.1108313798904419,0.1108313798904419,0.1108313798904419,0.11097166687250137,0.13810017704963684,0.1108313798904419,0.1967712938785553
1765,,0.6422239204345628,-0.00047681258696607195,0.14763274788856506,0.20183958113193512,0.0189485065639019,0.02133040502667427,0.01894851215183735,0.19239442050457,0.0189485102891922,0.37995731830596924
1766,,0.6441037373876997,0.0029227674300726886,0.12461672723293304,0.12461671233177185,0.12461671233177185,0.12461671233177185,0.12768296897411346,0.12461677193641663,0.12461672723293304,0.12461671233177185
1767,,0.6467231320047988,0.004058481078453094,0.1219421997666359,0.1219421997666359,0.1219421997666359,0.1219421997666359,0.1292267143726349,0.12194230407476425,0.1391199678182602,0.1219421997666359
1768,,0.647563677577226,0.001298855376370682,0.12499862909317017,0.12499862909317017,0.12499862909317017,0.12499862909317017,0.12500955164432526,0.12499864399433136,0.12499868869781494,0.12499862909317017
1769,,0.6457989493224798,-0.0027289011035097287,0.12500041723251343,0.12499994039535522,0.12499994039535522,0.12499994039535522,0.12499994039535522,0.12499994039535522,0.12499994039535522,0.12499994039535522
1770,,0.6437540722418458,-0.0031714536128513303,0.0444752462208271,0.04430784285068512,0.04430784285068512,0.04430852830410004,0.04430784285068512,0.6806976199150085,0.04430784657597542,0.05328720435500145
1771,,0.643145997386601,-0.0009450227175365069,0.12872907519340515,0.12446629256010056,0.12446629256010056,0.12446630746126175,0.12447141110897064,0.1244681179523468,0.12446629256010056,0.12446629256010056
1772,,0.653033408159185,0.015256533954871523,0.08256939053535461,0.033382900059223175,0.03338293731212616,0.058403272181749344,0.0334017388522625,0.6870150566101074,0.03632156923413277,0.03552306443452835
1773,,0.6567764746702824,0.005715450386392565,0.22859975695610046,0.11015308648347855,0.11015308648347855,0.1101694405078888,0.11029382795095444,0.11015308648347855,0.11015308648347855,0.1103246882557869
1774,,0.6571121628567942,0.0005109842405633984,0.11429528146982193,0.11429528146982193,0.11429529637098312,0.11429528146982193,0.1955806463956833,0.11806271970272064,0.11430578678846359,0.11486967653036118
1775,,0.6589985556895788,0.002866619195465338,0.12322770804166794,0.12322704493999481,0.12322697043418884,0.12322701513767242,0.12322697043418884,0.12322697043418884,0.13249261677265167,0.12814469635486603
1776,,0.6602978237236123,0.0019696384744893186,0.04702513664960861,0.06138543412089348,0.04758169502019882,0.23170402646064758,0.047023605555295944,0.047023605555295944,0.047023605555295944,0.47123289108276367
1777,,0.6593666038170005,-0.001411298269077896,0.12350083142518997,0.12351497262716293,0.12350083142518997,0.12350083142518997,0.12538059055805206,0.12350083142518997,0.12354948371648788,0.1335516721010208
1778,,0.6584248541741017,-0.001429285032179607,0.12499953806400299,0.12499953806400299,0.12499953806400299,0.12499953806400299,0.1250028759241104,0.12499953806400299,0.12499988079071045,0.12499953806400299
1779,,0.6575973720223651,-0.0012575505858723479,0.125,0.125,0.125,0.12500004470348358,0.125,0.125,0.125,0.125
1780,,0.6555455226267308,-0.003125099444851911,0.1250026822090149,0.12484157830476761,0.12483969330787659,0.12483996152877808,0.12484321743249893,0.12483969330787659,0.1259535551071167,0.12483969330787659
1781,,0.6539397062501427,-0.0024525930436178427,0.1249973475933075,0.12499605119228363,0.12499600648880005,0.12499600648880005,0.12499600648880005,0.12499600648880005,0.12502653896808624,0.1249961256980896
1782,,0.6598341004074646,0.00897328547533927,0.08589497953653336,0.08589452505111694,0.08589452505111694,0.08707460761070251,0.39755764603614807,0.08589452505111694,0.0858946293592453,0.08589459210634232
1783,,0.6622436756454804,0.0036451379028808674,0.12562254071235657,0.12491091340780258,0.12491089850664139,0.12491215765476227,0.12491089850664139,0.12491091340780258,0.12491089850664139,0.12491089850664139
1784,,0.6645792873126601,0.003520611482947067,0.04095426946878433,0.040954314172267914,0.04095426946878433,0.7133199572563171,0.04095426946878433,0.04095432907342911,0.04095426946878433,0.04095426946878433
1785,,0.6619077997374895,-0.004027918874040177,0.1249997466802597,0.12500156462192535,0.1249997466802597,0.1249997466802597,0.125,0.1249997466802597,0.1249997466802597,0.1249997466802597
1786,,0.663761880299717,0.0027972002363164943,0.0921025350689888,0.0921025350689888,0.0921025350689888,0.3551247715950012,0.09226002544164658,0.0921025350689888,0.0921025350689888,0.0921025350689888
1787,,0.6593035386580158,-0.006739437752112992,0.125,0.125,0.125,0.125,0.125,0.125,0.125,0.125
1788,,0.6595948571091305,0.0004417602702182864,0.125,0.1250000149011612,0.125,0.125,0.125,0.125,0.125,0.125
1789,,0.6584447842779092,-0.0017451267579277902,0.125,0.125,0.125,0.125,0.125,0.125,0.125,0.125
1790,,0.6565959790045236,-0.0028117858291278382,0.12171196937561035,0.14801621437072754,0.12171196937561035,0.12171196937561035,0.12171196937561035,0.12171196937561035,0.12171196937561035,0.12171196937561035
1791,,0.6595047103549105,0.004420233360431877,0.12497682124376297,0.1250719428062439,0.12497682124376297,0.12506723403930664,0.12497682124376297,0.12497682124376297,0.12497682124376297,0.12497682124376297
1792,,0.6610183251557149,0.002292448405637146,0.12196366488933563,0.09871380776166916,0.09871121495962143,0.28563210368156433,0.09871121495962143,0.09884555637836456,0.09871121495962143,0.09871121495962143
1793,,0.6579834497605296,-0.00460178418035144,0.12481068819761276,0.12632501125335693,0.12481068819761276,0.12481079250574112,0.12481068819761276,0.12481068819761276,0.12481068819761276,0.12481068819761276
1794,,0.6581138751915435,0.00019820028347183454,0.12499994039535522,0.12499994039535522,0.12499994039535522,0.1250002682209015,0.1249999850988388,0.12499994039535522,0.12499994039535522,0.12499994039535522
1795,,0.6566704470490091,-0.002195688978064234,0.12499994039535522,0.12499994039535522,0.12499995529651642,0.12500037252902985,0.12499994039535522,0.12499994039535522,0.12499994039535522,0.12499994039535522
1796,,0.6573159549589449,0.0009825184809789259,0.125,0.12500004470348358,0.125,0.125,0.125,0.125,0.125,0.125
1797,,0.6573076688391984,-1.2606071572918896e-05,0.1249999850988388,0.1249999850988388,0.1249999850988388,0.12500011920928955,0.1249999850988388,0.1249999850988388,0.1249999850988388,0.1249999850988388
1798,,0.6597129932378771,0.0036526793273201964,0.125,0.125,0.125,0.125,0.125,0.125,0.125,0.125
1799,,0.6611820365366364,0.002224315893889465,0.07352979481220245,0.07352979481220245,0.0738103911280632,0.4850108325481415,0.07352979481220245,0.07352979481220245,0.07352979481220245,0.07352979481220245
1800,,0.6598771484454398,-0.001975518629914837,0.12284690886735916,0.12284690886735916,0.12284690886735916,0.14004027843475342,0.1228783056139946,0.12284690886735916,0.12284690886735916,0.12284690886735916
1801,,0.6612714647437234,0.0021107645302608875,0.12499141693115234,0.1249949187040329,0.12499141693115234,0.12499141693115234,0.125056654214859,0.12499141693115234,0.12499141693115234,0.12499141693115234
1802,,0.6586888244560488,-0.003913214063365938,0.125,0.125,0.125,0.125,0.125,0.125,0.125,0.125
1803,,0.6574528262523994,-0.0018782151090436508,0.12217215448617935,0.12217215448617935,0.13067758083343506,0.13628949224948883,0.12217215448617935,0.12217215448617935,0.12217215448617935,0.12217215448617935
1804,,0.6552219894896953,-0.003398920865435981,0.117250956594944,0.117250956594944,0.117250956594944,0.11725135892629623,0.17924289405345917,0.117250956594944,0.1172509714961052,0.117250956594944
1805,,0.6551447652382393,-0.00011786662209934295,0.12164276838302612,0.12164276838302612,0.12164276838302612,0.12164287269115448,0.14850057661533356,0.12164276838302612,0.12164276838302612,0.12164276838302612
1806,,0.6480394525403483,-0.010904648796928278,0.12499740719795227,0.12499730288982391,0.12499731779098511,0.12499730288982391,0.12501871585845947,0.12499731779098511,0.12499730288982391,0.12499730288982391
1807,,0.6485341061710752,0.0007630167241992004,0.1249111145734787,0.1249111145734787,0.12562218308448792,0.1249111145734787,0.1249111145734787,0.1249111145734787,0.1249111145734787,0.1249111145734787
1808,,0.6455774005348283,-0.004569483797395545,0.11870425194501877,0.1187044307589531,0.12174654006958008,0.1650552600622177,0.11870431900024414,0.11967652291059494,0.1187044009566307,0.11870425194501877
1809,,0.6480512647944016,0.0038246945844279193,0.11012517660856247,0.1247686967253685,0.11013045161962509,0.1191612184047699,0.11012517660856247,0.11012517660856247,0.2054389864206314,0.11012517660856247
1810,,0.6490848410751613,0.001593628447818725,0.11207867413759232,0.21543121337890625,0.11207867413759232,0.11207941919565201,0.11207867413759232,0.11207867413759232,0.11209598928689957,0.11207867413759232
1811,,0.6462802015929944,-0.004330275671078275,0.12497437745332718,0.12500232458114624,0.12497439235448837,0.12515072524547577,0.12497437745332718,0.12497437745332718,0.1249750629067421,0.12497437745332718
1812,,0.6482941903719831,0.0031114324773857966,0.12438081204891205,0.12438081204891205,0.12908852100372314,0.12462667375802994,0.12438081204891205,0.12438081204891205,0.12438081204891205,0.12438081204891205
1813,,0.6482541176441686,-6.18144770687118e-05,0.1249997615814209,0.1250005066394806,0.1249997615814209,0.1249997615814209,0.1249997615814209,0.1249997615814209,0.12500102818012238,0.1249997615814209
1814,,0.6558979415080647,0.011722423534167574,0.12493477016687393,0.12544625997543335,0.12493477016687393,0.12493539601564407,0.124942347407341,0.12493477016687393,0.12493500858545303,0.12493671476840973
1815,,0.6526362399541165,-0.0049852856049602936,0.12316019088029861,0.1376437395811081,0.12316019088029861,0.12316025048494339,0.12316019088029861,0.12316019088029861,0.12339507043361664,0.12316019088029861
1816,,0.6566268741446969,0.006096019212250969,0.125,0.125,0.125,0.125,0.125,0.125,0.125,0.125
1817,,0.6572895954921603,0.0010087725041555752,0.1249999850988388,0.1249999850988388,0.1249999850988388,0.12500013411045074,0.1249999850988388,0.1249999850988388,0.1249999850988388,0.1249999850988388
1818,,0.6579034518017687,0.0009334847921335468,0.125,0.125,0.125,0.1250000149011612,0.125,0.125,0.125,0.125
1819,,0.6545908417799139,-0.005047819364943495,0.125,0.1250000149011612,0.125,0.125,0.125,0.125,0.125,0.125
1820,,0.654125738252313,-0.0007107781077710828,0.125,0.125,0.125,0.125,0.125,0.125,0.125,0.125
1821,,0.653803983611785,-0.000492006017815723,0.125,0.125,0.125,0.125,0.125,0.125,0.125,0.125
1822,,0.6563196771290365,0.003840395658146358,0.12498342990875244,0.12498341500759125,0.12511397898197174,0.12498548626899719,0.12498341500759125,0.12498341500759125,0.12498341500759125,0.12498341500759125
1823,,0.6546752109287716,-0.002508731464524816,0.125,0.125,0.125,0.125,0.125,0.125,0.125,0.125
1824,,0.6595631398803519,0.007438455111625887,0.12217597663402557,0.13094814121723175,0.12217571586370468,0.12217573076486588,0.12389776110649109,0.12217573076486588,0.13427524268627167,0.12217571586370468
1825,,0.6604603399553193,0.0013593700821736387,0.11032474786043167,0.26114875078201294,0.10408961772918701,0.10404301434755325,0.10404200851917267,0.1040419340133667,0.10826800018548965,0.1040419340133667
1826,,0.6631480212666848,0.0040611484243884555,0.1246296614408493,0.1246296614408493,0.1246296614408493,0.1246296614408493,0.12680304050445557,0.12541534006595612,0.12463326752185822,0.1246296614408493
1827,,0.6645432476992131,0.002101734008099336,0.12489630281925201,0.12494471669197083,0.12567676603794098,0.12489631772041321,0.12489630281925201,0.12489630281925201,0.12489630281925201,0.12489701062440872
1828,,0.6646358670450544,0.00013936322797095105,0.12487857043743134,0.12487848103046417,0.1258501410484314,0.12487883865833282,0.12487848103046417,0.12487848103046417,0.12487848103046417,0.12487848103046417
1829,,0.6649286407134909,0.0004404053680137087,0.12499621510505676,0.12499634921550751,0.12499621510505676,0.12499621510505676,0.1250264048576355,0.12499621510505676,0.12499621510505676,0.12499621510505676
1830,,0.667815780427915,0.004332630000165536,0.12158113718032837,0.12158113718032837,0.12158113718032837,0.12158113718032837,0.14893199503421783,0.12158113718032837,0.12158113718032837,0.12158113718032837
1831,,0.6660762857687615,-0.0026081505232755544,0.12496849149465561,0.12496849149465561,0.12496849149465561,0.12496849149465561,0.12522055208683014,0.12496849149465561,0.12496849149465561,0.12496849149465561
1832,,0.6665145652379094,0.0006577855230205178,0.125,0.125,0.125,0.125,0.125,0.125,0.125,0.125
1833,,0.6693940909033268,0.004310968585632095,0.10039198398590088,0.10039198398590088,0.10039198398590088,0.29705971479415894,0.10039200633764267,0.10058831423521042,0.10039198398590088,0.10039204359054565
1834,,0.6692044593690959,-0.00028332846387863934,0.12413960695266724,0.12413960695266724,0.12413960695266724,0.13102100789546967,0.12413960695266724,0.12413960695266724,0.12413960695266724,0.12414123862981796
1835,,0.6674674789370821,-0.0025989644279273594,0.125,0.12500004470348358,0.125,0.125,0.125,0.125,0.125,0.125
1836,,0.6671326174406361,-0.0005018154942171937,0.11374238133430481,0.11374238133430481,0.11374244838953018,0.20380330085754395,0.11374238133430481,0.11374238133430481,0.11374238133430481,0.11374238133430481
1837,,0.667073610682538,-8.84522300867302e-05,0.125,0.125,0.125,0.125,0.1250000149011612,0.125,0.125,0.125
1838,,0.6661153427519754,-0.001437557809223506,0.12499961256980896,0.12499961256980896,0.12499961256980896,0.12499961256980896,0.12500250339508057,0.12499977648258209,0.12499961256980896,0.12499961256980896
1839,,0.6683314080544498,0.003321327491400768,0.12496639043092728,0.12496639043092728,0.12496639043092728,0.12496639043092728,0.12496861070394516,0.12496639043092728,0.12523309886455536,0.12496639043092728
1840,,0.6686377484567881,0.00045826099458991964,0.07332732528448105,0.48556187748908997,0.07332545518875122,0.07332554459571838,0.07332543283700943,0.07448344677686691,0.0733255073428154,0.07332541793584824
1841,,0.6695734430882896,0.0013984261825037946,0.12499992549419403,0.12499992549419403,0.12499992549419403,0.12499994039535522,0.12499992549419403,0.1250004917383194,0.12499992549419403,0.12499994039535522
1842,,0.6689894421360746,-0.0008725790856986076,0.12499852478504181,0.12499852478504181,0.12499852478504181,0.12501034140586853,0.12499852478504181,0.12499852478504181,0.12499852478504181,0.12499852478504181
1843,,0.6649049889645013,-0.0061241217324342345,0.0824669897556305,0.24020572006702423,0.082461878657341,0.26060521602630615,0.082461878657341,0.08687455952167511,0.082461878657341,0.082461878657341
1844,,0.6572932219889083,-0.011513933393290918,0.023572111502289772,0.6291236877441406,0.023595573380589485,0.023572111502289772,0.023772992193698883,0.02357371151447296,0.08306169509887695,0.16972805559635162
1845,,0.65703550976357,-0.0003921579471179743,0.12626464664936066,0.12457066029310226,0.12457066029310226,0.12457066029310226,0.12631140649318695,0.12457066029310226,0.12457066029310226,0.12457066029310226
1846,,0.65866153268491,0.0024717297321818965,0.10008063912391663,0.10008030384778976,0.10008030384778976,0.10008030384778976,0.10009577870368958,0.29941657185554504,0.1000857949256897,0.10008030384778976
1847,,0.6580960439812554,-0.0008589109315793137,0.05197184532880783,0.14224587380886078,0.0994558110833168,0.0491856150329113,0.09134356677532196,0.4640657305717468,0.05254619941115379,0.04918535053730011
1848,,0.6511123677210595,-0.010668648991034773,0.02718636952340603,0.3471149206161499,0.276950478553772,0.027146445587277412,0.24001096189022064,0.027146954089403152,0.027297401800751686,0.02714645303785801
1849,,0.6502272965188306,-0.0013602464644990578,0.12397468090057373,0.12397462129592896,0.12397462129592896,0.12397462129592896,0.12479323148727417,0.12397465109825134,0.12969844043254852,0.12563511729240417
1850,,0.6542436781013682,0.006157889830140824,0.11722872406244278,0.11722872406244278,0.11722872406244278,0.17939893901348114,0.11722872406244278,0.11722872406244278,0.11722872406244278,0.11722872406244278
1851,,0.6460109538735727,-0.01266341844615683,0.08564973622560501,0.08565060794353485,0.400450199842453,0.08564973622560501,0.08564973622560501,0.08564973622560501,0.08564973622560501,0.08565052598714828
1852,,0.6444697704705015,-0.0023885426674252813,0.6423506736755371,0.05113757774233818,0.05107949301600456,0.05107949301600456,0.05107949301600456,0.05107949301600456,0.051114220172166824,0.051079511642456055
1853,,0.6443151873066745,-0.0002398897715798214,0.018047595396637917,0.19229689240455627,0.26573148369789124,0.13429637253284454,0.007998556829988956,0.19332128763198853,0.05464330315589905,0.13366444408893585
1854,,0.6469150440252416,0.0040269506844325806,0.12499731779098511,0.12501639127731323,0.12499739229679108,0.12499731779098511,0.12499849498271942,0.12499842047691345,0.12499731779098511,0.12499731779098511
1855,,0.6494493179783699,0.003909822355195638,0.12340215593576431,0.1242532879114151,0.12340215593576431,0.12340215593576431,0.12340215593576431,0.12340275943279266,0.12387727946043015,0.134858176112175
1856,,0.6495055604659473,8.659652239785613e-05,0.09530819207429886,0.09532736241817474,0.09530819207429886,0.09530819207429886,0.09530819207429886,0.09530819207429886,0.33282339572906494,0.09530819207429886
1857,,0.646553571452715,-0.004555338634302248,0.125,0.125,0.125,0.125,0.125,0.125,0.125,0.125
1858,,0.6465716888907874,2.8021164892902072e-05,0.1219133511185646,0.12186870723962784,0.12186353653669357,0.14689750969409943,0.12186353653669357,0.12186353653669357,0.12186633795499802,0.12186353653669357
1859,,0.648359122858802,0.0027606650285962315,0.12499989569187164,0.12499989569187164,0.12499989569187164,0.1250007450580597,0.12499989569187164,0.12499989569187164,0.12499992549419403,0.12499989569187164
1860,,0.6480698582725373,-0.00044624826392349894,0.08048245310783386,0.08048245310783386,0.08048245310783386,0.43662282824516296,0.08048245310783386,0.08048245310783386,0.08048245310783386,0.08048245310783386
1861,,0.6448752836128492,-0.0049415571579731615,0.12470784783363342,0.12471000105142593,0.12470784783363342,0.12470784783363342,0.12470784783363342,0.12470784783363342,0.12470784783363342,0.12704287469387054
1862,,0.6444461300058743,-0.0006657046385652122,0.06867765635251999,0.06867768615484238,0.06867765635251999,0.06867767125368118,0.06867802143096924,0.06867765635251999,0.06867765635251999,0.5192559957504272
1863,,0.6428876918331492,-0.002421188517855787,0.12499973177909851,0.12499973177909851,0.12499980628490448,0.12499973177909851,0.12499973177909851,0.12500177323818207,0.12499973177909851,0.12499973177909851
1864,,0.6428665977920816,-3.28119318594053e-05,0.125,0.125,0.125,0.12500005960464478,0.125,0.125,0.125,0.125
1865,,0.6421602754731713,-0.0010993114692568321,0.12499086558818817,0.12499086558818817,0.12499086558818817,0.125063955783844,0.12499086558818817,0.12499086558818817,0.12499086558818817,0.12499086558818817
1866,,0.6411696390727791,-0.0015438533551312766,0.125,0.125,0.125,0.125,0.125,0.125,0.125,0.125
1867,,0.6370322738282558,-0.006473749807926329,0.12395013868808746,0.12395013868808746,0.12395015358924866,0.12395013868808746,0.13234391808509827,0.1239551454782486,0.12395019084215164,0.12395013868808746
1868,,0.6351364787814827,-0.002980416625117719,0.08636671304702759,0.0863664522767067,0.0863664522767067,0.0863664522767067,0.0863664522767067,0.08636654913425446,0.0863664522767067,0.39543452858924866
1869,,0.6339799532811401,-0.0018225685071372544,0.06093623489141464,0.060936227440834045,0.060936346650123596,0.060936227440834045,0.23980936408042908,0.24882474541664124,0.06093667075037956,0.20668421685695648
1870,,0.6340891273096372,0.0001721894026719497,0.029784254729747772,0.030801329761743546,0.051218293607234955,0.07017236948013306,0.3808586597442627,0.3047463893890381,0.02978433668613434,0.10263440012931824
1871,,0.6323473222960988,-0.0027507201207853647,0.08169099688529968,0.38589075207710266,0.08174192905426025,0.081691212952137,0.08169099688529968,0.09809661656618118,0.08169099688529968,0.10750651359558105
1872,,0.6378354863158207,0.008641587865604452,0.06055471673607826,0.5761013031005859,0.06055471673607826,0.06055471673607826,0.06055471673607826,0.06055471673607826,0.06056375429034233,0.0605613999068737
1873,,0.63812793936486,0.0004584035063614781,0.12499666213989258,0.12499666213989258,0.12499666213989258,0.12499666213989258,0.12499666213989258,0.12499666213989258,0.12502337992191315,0.12499666213989258
1874,,0.6358751519188833,-0.0035365531047697745,0.21816076338291168,0.11064600199460983,0.11062309890985489,0.11062292754650116,0.11062296479940414,0.11062292754650116,0.11062292754650116,0.11807840317487717
1875,,0.6342543680191791,-0.002552156695848886,0.1213923990726471,0.1223224401473999,0.1213899701833725,0.1213899701833725,0.12744775414466858,0.12302429974079132,0.14052337408065796,0.12250977754592896
1876,,0.635882062331444,0.0025630241986760783,0.12499776482582092,0.12499776482582092,0.12499776482582092,0.12499776482582092,0.12501561641693115,0.12499776482582092,0.12499776482582092,0.12499776482582092
1877,,0.6357572420224143,-0.00019631401609421218,0.125,0.125,0.125,0.125,0.125,0.125,0.125,0.125
1878,,0.6380086328507122,0.0035350188244555594,0.12497619539499283,0.1250242441892624,0.12497619539499283,0.12497655302286148,0.12497619539499283,0.12497619539499283,0.12511830031871796,0.12497619539499283
1879,,0.6373827804869192,-0.000981427987491722,0.12499493360519409,0.12499493360519409,0.12499493360519409,0.1250351220369339,0.12499493360519409,0.12499493360519409,0.12499494850635529,0.12499523162841797
1880,,0.636833203103761,-0.0008626126564318571,0.125,0.125,0.125,0.125,0.125,0.125,0.125,0.125
1881,,0.638486256850825,0.0025923773999197,0.12499964237213135,0.12499964237213135,0.12500247359275818,0.12499964237213135,0.12499964237213135,0.12499964237213135,0.12499964237213135,0.12499964237213135
1882,,0.6369430854167697,-0.0024198473971686154,0.125,0.12500005960464478,0.125,0.125,0.125,0.125,0.125,0.125
1883,,0.6357463363850557,-0.0018806621064711981,0.12499913573265076,0.12500573694705963,0.12499913573265076,0.12499913573265076,0.12499943375587463,0.12499913573265076,0.12499913573265076,0.12499913573265076
1884,,0.6344791260031413,-0.0019952533464929973,0.125,0.125,0.125,0.125,0.125,0.125,0.125,0.125
1885,,0.6311635075669859,-0.005239434786958222,0.046583984047174454,0.046583984047174454,0.04658821225166321,0.07230134308338165,0.647404134273529,0.04658591002225876,0.04736839979887009,0.046583984047174454
1886,,0.6360648955541185,0.007735641683356634,0.045934803783893585,0.4687046408653259,0.04593576118350029,0.25568532943725586,0.045934803783893585,0.045934803783893585,0.0459350124001503,0.045934803783893585
1887,,0.6342988911141068,-0.0027803147353036685,0.12499989569187164,0.12499991059303284,0.12499989569187164,0.12499989569187164,0.12499989569187164,0.1250007301568985,0.12499989569187164,0.12499989569187164
1888,,0.6337006833001327,-0.0009435458345975526,0.07711010426282883,0.07711009681224823,0.07714396715164185,0.07712070643901825,0.07711009681224823,0.19432666897773743,0.34296831488609314,0.07711009681224823
1889,,0.6300686922886601,-0.00574788577909521,0.12157545238733292,0.12157540768384933,0.12169530987739563,0.12343162298202515,0.12157540768384933,0.1469959318637848,0.12157540768384933,0.12157543748617172
1890,,0.629025780815537,-0.0016566059718472336,0.12498216331005096,0.12498216331005096,0.12500864267349243,0.12509801983833313,0.12498216331005096,0.12498253583908081,0.12498216331005096,0.12498216331005096
1891,,0.6248594359630569,-0.006645520865690069,0.11518223583698273,0.06300827860832214,0.06300827860832214,0.1351134330034256,0.06417860835790634,0.06300827860832214,0.4334917664527893,0.06300905346870422
1892,,0.6260510294153953,0.0019051624328675603,0.12498506903648376,0.12498506903648376,0.12498506903648376,0.12498617172241211,0.12498506903648376,0.12498508393764496,0.1251012533903122,0.12498719990253448
1893,,0.6280549211590388,0.003195732303407194,0.12499997019767761,0.12499997019767761,0.12499997019767761,0.1249999850988388,0.12499997019767761,0.1250002384185791,0.12499997019767761,0.12499997019767761
1894,,0.6297174666002224,0.0026436363616053355,0.12497822195291519,0.12497822195291519,0.12497822195291519,0.12498140335083008,0.12514927983283997,0.12497822195291519,0.12497822195291519,0.12497822195291519
1895,,0.6298422948248914,0.00019820929327951783,0.12499994039535522,0.12499994039535522,0.12499994039535522,0.12499994039535522,0.12499994039535522,0.12499994039535522,0.125000461935997,0.12499994039535522
1896,,0.6288230864422514,-0.0016195068531703908,0.1238979697227478,0.1238979697227478,0.1238979697227478,0.12443400919437408,0.1238979697227478,0.12389801442623138,0.13217809796333313,0.1238979697227478
1897,,0.6308370513247326,0.003197634882842205,0.12499132752418518,0.12499132752418518,0.12499132752418518,0.12499138712882996,0.12499134242534637,0.12499132752418518,0.12506061792373657,0.12499132752418518
1898,,0.6299666264238217,-0.0013807463518047342,0.12305719405412674,0.12305723875761032,0.12305719405412674,0.12305725365877151,0.12305720895528793,0.12305726855993271,0.13859939575195312,0.12305719405412674
1899,,0.6254966354396279,-0.007120893152870131,0.10218743234872818,0.10220274329185486,0.10219018161296844,0.282848060131073,0.10218748450279236,0.10218938440084457,0.10400735586881638,0.10218743234872818
1900,,0.6237120941223482,-0.0028570766261336983,0.06129702553153038,0.3275943994522095,0.06129702553153038,0.06129702553153038,0.06129702553153038,0.06129702553153038,0.30462345480918884,0.06129702553153038
1901,,0.620137683005207,-0.005747351524341376,0.0475446991622448,0.09801285713911057,0.1550205945968628,0.5085985660552979,0.0475446991622448,0.04818893224000931,0.0475449375808239,0.0475446991622448
1902,,0.6180506243736269,-0.0033711521837231505,0.12499983608722687,0.12499983608722687,0.12500113248825073,0.12499983608722687,0.12499983608722687,0.12499983608722687,0.12499983608722687,0.12499983608722687
1903,,0.6164013097168556,-0.002672142337200055,0.12422418594360352,0.1242281123995781,0.13042676448822021,0.12422418594360352,0.12422418594360352,0.12422418594360352,0.1242242157459259,0.12422418594360352
1904,,0.6123544913755892,-0.00658687913295539,0.05869384482502937,0.0586993433535099,0.05869384482502937,0.05869385227560997,0.05869384482502937,0.5841764211654663,0.05869384482502937,0.06365498900413513
1905,,0.6139753727773498,0.002643468764847521,0.113974429666996,0.11397461593151093,0.11410294473171234,0.11397441476583481,0.11397441476583481,0.11397441476583481,0.20205043256282806,0.11397441476583481
1906,,0.6160811456283843,0.0034238669145125853,0.12499605119228363,0.1250276118516922,0.12499605119228363,0.12499605119228363,0.12499605119228363,0.12499605119228363,0.12499605119228363,0.12499605119228363
1907,,0.6154715111710996,-0.0009900258892114615,0.125,0.125,0.125,0.125,0.125,0.125,0.125,0.125
1908,,0.6158973606211022,0.0006916683972370312,0.125,0.125,0.125,0.125,0.125,0.125,0.125,0.125
1909,,0.6133435876633895,-0.004155046470573992,0.12499947845935822,0.12499944865703583,0.12499944865703583,0.125003844499588,0.12499944865703583,0.12499944865703583,0.12499944865703583,0.12499944865703583
1910,,0.6137767679017594,0.0007060110353457631,0.1250000149011612,0.125,0.125,0.125,0.125,0.125,0.125,0.125
1911,,0.6127731689605111,-0.0016364587124519834,0.12500010430812836,0.1249999850988388,0.1249999850988388,0.1249999850988388,0.1249999850988388,0.1249999850988388,0.1249999850988388,0.1249999850988388
1912,,0.6119995682405389,-0.001263256111688443,0.12500004470348358,0.12500007450580597,0.1249999850988388,0.1249999850988388,0.1249999850988388,0.1249999850988388,0.1249999850988388,0.1249999850988388
1913,,0.612319307827653,0.0005223142444881816,0.1249193325638771,0.12491928786039352,0.12556545436382294,0.12491918355226517,0.12491918355226517,0.12491918355226517,0.12491919845342636,0.12491918355226517
1914,,0.6159014750240279,0.005833116331189457,0.125,0.125,0.125,0.125,0.125,0.125,0.125,0.125
1915,,0.6138530382314422,-0.003331459515007589,0.125,0.125,0.125,0.125,0.125,0.125,0.125,0.125
1916,,0.6122794052221602,-0.002566825275174531,0.11665116995573044,0.11664894223213196,0.11664892733097076,0.11664892733097076,0.11664892733097076,0.11664892733097076,0.11664892733097076,0.18345525860786438
1917,,0.6104222223764904,-0.0030378372482599155,0.5654443502426147,0.04363499581813812,0.04363499581813812,0.05455740913748741,0.16182291507720947,0.04363499581813812,0.04363533854484558,0.04363499581813812
1918,,0.6102257653005602,-0.0003218898152618296,0.14007146656513214,0.13231517374515533,0.1614791601896286,0.05877337232232094,0.05877337232232094,0.05877337232232094,0.06030331924557686,0.3295108675956726
1919,,0.6099051623805324,-0.0005255221716502192,0.12499251961708069,0.12499251961708069,0.12501031160354614,0.12499251961708069,0.12499251961708069,0.1250346153974533,0.12499251961708069,0.12499251961708069
1920,,0.6079210399058252,-0.003258468616517315,0.125,0.125,0.125,0.125,0.125,0.125,0.125,0.125
1921,,0.6064647688409355,-0.002398367557427344,0.11901243776082993,0.16691294312477112,0.11901243776082993,0.11901243776082993,0.11901243776082993,0.11901243776082993,0.11901243776082993,0.11901243776082993
1922,,0.6083857851189396,0.003162558345754235,0.08530884236097336,0.08530735969543457,0.08530721813440323,0.08530724048614502,0.08531666547060013,0.382282555103302,0.08530714362859726,0.10586299002170563
1923,,0.6077767974422026,-0.001001490649967183,0.017378436401486397,0.017516527324914932,0.16649487614631653,0.16604070365428925,0.057199712842702866,0.25779199600219727,0.010576309636235237,0.30700141191482544
1924,,0.5969394506017892,-0.017992019623535763,0.008849265053868294,0.1363467425107956,0.006709924433380365,0.007020924240350723,0.1612534373998642,0.15016233921051025,0.3384242057800293,0.19123315811157227
1925,,0.5925346786974078,-0.00740628472778506,0.30384787917137146,0.0529511496424675,0.27292120456695557,0.00616845116019249,0.23717211186885834,0.0061884233728051186,0.0423533134162426,0.0783974677324295
1926,,0.5963648211926592,0.006443195150167163,0.0273885577917099,0.2626705765724182,0.08521630614995956,0.12279189378023148,0.005131793674081564,0.15213945508003235,0.08121109753847122,0.26345035433769226
1927,,0.6054335618597025,0.015092236652622226,0.12177072465419769,0.14756804704666138,0.12177072465419769,0.12177072465419769,0.12180755287408829,0.12177072465419769,0.12177072465419769,0.12177072465419769
1928,,0.6075950609777215,0.003563809402422795,0.125,0.125,0.125,0.125,0.125,0.125,0.125,0.125
1929,,0.6081966665362922,0.0009896524117703018,0.12494968622922897,0.12497525662183762,0.12494968622922897,0.12532289326190948,0.12495338171720505,0.12494968622922897,0.12494968622922897,0.12494968622922897
1930,,0.6005895958914266,-0.012586461819499397,0.01893427222967148,0.28506436944007874,0.10374952107667923,0.018851440399885178,0.018851440399885178,0.01895722560584545,0.019224436953663826,0.5163673162460327
1931,,0.6034988131004602,0.004832241301041571,0.04124342277646065,0.04124342277646065,0.04124347120523453,0.23924721777439117,0.5132921934127808,0.04124343767762184,0.04124342277646065,0.04124342277646065
1932,,0.6040296095876614,0.0008791453872482706,0.125,0.125,0.125,0.125,0.1250000149011612,0.125,0.125,0.125
1933,,0.5999832200118519,-0.006721531051220862,0.12499958276748657,0.12499958276748657,0.12499958276748657,0.12500283122062683,0.12499977648258209,0.12499958276748657,0.12499958276748657,0.12499958276748657
1934,,0.6073275802344671,0.012166628208352084,0.09402288496494293,0.34183698892593384,0.094024159014225,0.09402289241552353,0.09402288496494293,0.09402288496494293,0.09402446448802948,0.09402288496494293
1935,,0.6039349213928132,-0.0056018702951061965,0.1249459907412529,0.1249459907412529,0.12494619935750961,0.1249459907412529,0.12537729740142822,0.1249459907412529,0.12494651228189468,0.1249459907412529
1936,,0.6019462766868928,-0.003298246148731993,0.03387368842959404,0.03387368842959404,0.034921567887067795,0.0425625815987587,0.046686530113220215,0.03387482091784477,0.7403334975242615,0.03387368842959404
1937,,0.5999557832102593,-0.0033122420916783823,0.01227767113596201,0.020079581066966057,0.01227767113596201,0.06206987798213959,0.15365546941757202,0.2738083004951477,0.45355379581451416,0.01227767113596201
1938,,0.5988562584313295,-0.001834357762601794,0.009475147351622581,0.2599494159221649,0.12300130724906921,0.2858218252658844,0.009239445440471172,0.23405304551124573,0.06922037899494171,0.009239446371793747
1939,,0.5988195714950562,-6.126354956518995e-05,0.12161976099014282,0.12161976099014282,0.12161976099014282,0.12161976099014282,0.14866167306900024,0.12161976099014282,0.12161976099014282,0.12161976099014282
1940,,0.6027261470711998,0.006502606236621687,0.12499958276748657,0.12500286102294922,0.12499958276748657,0.12499958276748657,0.12499958276748657,0.12499958276748657,0.12499958276748657,0.12499958276748657
1941,,0.6030598894899245,0.0005535682403474795,0.12429238110780716,0.12429238110780716,0.1299533247947693,0.12429238110780716,0.12429238110780716,0.12429238110780716,0.12429238110780716,0.12429238110780716
1942,,0.6015918926787807,-0.0024372147362972173,0.12499895691871643,0.12499895691871643,0.12499895691871643,0.12499895691871643,0.12500733137130737,0.12499895691871643,0.12499895691871643,0.12499895691871643
1943,,0.6012737255105881,-0.0005290153293957921,0.12496564537286758,0.12524044513702393,0.12496564537286758,0.12496564537286758,0.12496564537286758,0.12496564537286758,0.12496564537286758,0.12496564537286758
1944,,0.59881377461609,-0.0040996249683265575,0.1249997466802597,0.1249997466802597,0.1249997466802597,0.1249997466802597,0.1249997466802597,0.1249997466802597,0.12500174343585968,0.1249997466802597
1945,,0.5970357576488667,-0.0029736488236018015,0.125,0.125,0.125,0.125,0.125,0.125,0.125,0.125
1946,,0.5984055845415217,0.0022917519142964353,0.125,0.125,0.125,0.125,0.125,0.125,0.125,0.125
1947,,0.5972684024130964,-0.0019021614314830553,0.125,0.125,0.125,0.125,0.125,0.125,0.125,0.125
1948,,0.5912697714613802,-0.01009421829013969,0.0550449900329113,0.05504434183239937,0.05504435673356056,0.05504434183239937,0.41757646203041077,0.05504664033651352,0.25215452909469604,0.05504434183239937
1949,,0.5914782035861649,0.0003524539992284255,0.12497452646493912,0.12496798485517502,0.125186026096344,0.12496798485517502,0.12496798485517502,0.12496798485517502,0.1249995231628418,0.12496798485517502
1950,,0.5952578695352791,0.006369872484361728,0.125,0.125,0.125,0.125,0.125,0.125,0.125,0.125
1951,,0.5950876218455565,-0.00028604752505250364,0.12480811774730682,0.12480811774730682,0.12480811774730682,0.12480811774730682,0.12480811774730682,0.12480811774730682,0.12634316086769104,0.12480811774730682
1952,,0.5984238965422917,0.00559070161485371,0.07595731317996979,0.07595772296190262,0.07595731317996979,0.07595731317996979,0.07595732063055038,0.07614714652299881,0.07595731317996979,0.468108594417572
1953,,0.6028123482161007,0.0073065913828897254,0.10913185030221939,0.2360687553882599,0.10914038866758347,0.10913179814815521,0.10913179814815521,0.10913179814815521,0.10913179814815521,0.10913179814815521
1954,,0.6037549925211282,0.0015625228115961707,0.08743589371442795,0.38794878125190735,0.08743589371442795,0.08743589371442795,0.08743589371442795,0.08743589371442795,0.08743589371442795,0.08743589371442795
1955,,0.6064091522098188,0.004386452789834164,0.125,0.125,0.125,0.125,0.125,0.125,0.125,0.125
1956,,0.6073370177297928,0.0015289287393097529,0.125,0.125,0.125,0.125,0.125,0.125,0.125,0.125
1957,,0.6090412308218551,0.0028021122692570236,0.125,0.125,0.125,0.125,0.125,0.125,0.125,0.125
1958,,0.6075892436413202,-0.00238690037834538,0.0804196298122406,0.08041952550411224,0.08207570016384125,0.4354070723056793,0.08041952550411224,0.08041952550411224,0.08041952550411224,0.08041952550411224
1959,,0.6052385914864715,-0.0038763211564684865,0.125,0.125,0.125,0.125,0.125,0.125,0.125,0.125
1960,,0.6068701076124982,0.0026920310241866628,0.14609192311763763,0.12134606391191483,0.12134654819965363,0.1213461384177208,0.12134716659784317,0.12134606391191483,0.12582999467849731,0.12134606391191483
1961,,0.6095695079007797,0.0044382058670995985,0.125,0.125,0.1250000149011612,0.125,0.125,0.125,0.1250000298023224,0.125
1962,,0.6099531330577952,0.0006291398893058461,0.12499997019767761,0.12499997019767761,0.12500013411045074,0.1249999850988388,0.12499997019767761,0.12499997019767761,0.12499997019767761,0.12499997019767761
1963,,0.6077462821281442,-0.003624627421593114,0.12496210634708405,0.12496210634708405,0.12496210634708405,0.12496210634708405,0.12526527047157288,0.12496210634708405,0.12496210634708405,0.12496210634708405
1964,,0.6077590729011068,2.104601663841209e-05,0.1240665391087532,0.1240665391087532,0.1240665391087532,0.1240665391087532,0.13153424859046936,0.1240665391087532,0.1240665391087532,0.1240665391087532
1965,,0.6056473287028465,-0.003480690933370593,0.125,0.125,0.125,0.125,0.125,0.125,0.125,0.125
1966,,0.6099976854520991,0.007157311994756884,0.12499752640724182,0.12499752640724182,0.12499752640724182,0.12499752640724182,0.12501731514930725,0.12499752640724182,0.12499752640724182,0.12499752640724182
1967,,0.608801450931163,-0.0019629730106357555,0.07843035459518433,0.07843035459518433,0.07843035459518433,0.07843035459518433,0.4509875476360321,0.07843035459518433,0.07843035459518433,0.07843035459518433
1968,,0.6074609271229843,-0.0022043341554866306,0.125,0.125,0.125,0.125,0.125,0.125,0.125,0.125
1969,,0.6062924177352966,-0.0019254484506987823,0.125,0.125,0.125,0.125,0.12500005960464478,0.125,0.125,0.125
1970,,0.6073730037459009,0.0017806988268978079,0.12499088048934937,0.12506388127803802,0.12499088048934937,0.12499088048934937,0.12499088048934937,0.12499088048934937,0.12499088048934937,0.12499088048934937
1971,,0.6036534168809399,-0.006142885899374115,0.1248999759554863,0.12490005046129227,0.1248999759554863,0.12489999085664749,0.12570011615753174,0.1248999759554863,0.1248999759554863,0.1248999759554863
1972,,0.6043104917073256,0.001087904839739348,0.12499989569187164,0.12499989569187164,0.12499989569187164,0.12499989569187164,0.1250007152557373,0.12499989569187164,0.12499989569187164,0.12499989569187164
1973,,0.6055941851471106,0.002121975302723371,0.125,0.125,0.125,0.125,0.1250000149011612,0.125,0.125,0.125
1974,,0.6067173144226189,0.0018528729575334598,0.12485422194004059,0.12698395550251007,0.12466619908809662,0.12483083456754684,0.12466619908809662,0.12466619908809662,0.12466619908809662,0.12466619908809662
1975,,0.6033885273061015,-0.005501660099651479,0.11226274073123932,0.11226274073123932,0.11226274073123932,0.11226274073123932,0.21416078507900238,0.11226274073123932,0.11226274073123932,0.11226274073123932
1976,,0.6018244784097251,-0.002595474438086776,0.1111474484205246,0.1111474484205246,0.11119019240140915,0.1111474484205246,0.21102958917617798,0.1111474484205246,0.12204301357269287,0.1111474484205246
1977,,0.5990486238990251,-0.004623068747788856,0.09055617451667786,0.09055612981319427,0.09306823462247849,0.09055612981319427,0.2923336923122406,0.09055612981319427,0.16181732714176178,0.09055612981319427
1978,,0.5949076388330344,-0.006936605300166913,0.125,0.125,0.125,0.125,0.1250000149011612,0.125,0.125,0.125
1979,,0.5947368757091027,-0.00028708260832060225,0.12499977648258209,0.12499977648258209,0.12499977648258209,0.12499977648258209,0.12499977648258209,0.12499977648258209,0.12500157952308655,0.12499977648258209
1980,,0.5930385965957895,-0.002859598148286313,0.12499701976776123,0.12499703466892242,0.12499701976776123,0.12499701976776123,0.12499701976776123,0.12499701976776123,0.1250208616256714,0.12499701976776123
1981,,0.58981144224426,-0.005456587484059081,0.125,0.125,0.125,0.125,0.125,0.125,0.1250000298023224,0.125
1982,,0.5876366666792945,-0.0036940533031911216,0.10795728117227554,0.10795730352401733,0.10805171728134155,0.244204580783844,0.10795729607343674,0.10795728117227554,0.10795729607343674,0.10795728117227554
1983,,0.5911801257317979,0.006011909141314254,0.12499997019767761,0.12499997019767761,0.12499997019767761,0.12500011920928955,0.12499997019767761,0.12499997019767761,0.12500007450580597,0.12499997019767761
1984,,0.5890702860512719,-0.003575244552949902,0.12476669996976852,0.12476669996976852,0.12476669996976852,0.12480950355529785,0.12476690858602524,0.12476669996976852,0.1265900880098343,0.12476669996976852
1985,,0.5916817923725657,0.004423469799139597,0.1249999850988388,0.1249999850988388,0.1249999850988388,0.1249999850988388,0.1249999850988388,0.1249999850988388,0.12500010430812836,0.1249999850988388
1986,,0.5923981668627034,0.0012100104759909507,0.12499970197677612,0.1250021606683731,0.12499970197677612,0.12499970197677612,0.12499970197677612,0.12499970197677612,0.12499973177909851,0.12499970197677612
1987,,0.5932458134413672,0.0014298503381465046,0.125,0.125,0.125,0.125,0.125,0.125,0.125,0.125
1988,,0.5927125202587948,-0.0008993456234729865,0.12499022483825684,0.1250605583190918,0.12499022483825684,0.12499022483825684,0.12499022483825684,0.12499022483825684,0.12499810755252838,0.12499022483825684
1989,,0.594829888834745,0.0035659708713846458,0.1249999850988388,0.12500007450580597,0.1249999850988388,0.1249999850988388,0.1249999850988388,0.1249999850988388,0.1249999850988388,0.1249999850988388
1990,,0.594180301251511,-0.0010926527851117945,0.12447579205036163,0.12866944074630737,0.12447579205036163,0.12447579205036163,0.12447579205036163,0.12447579205036163,0.12447579205036163,0.12447579205036163
1991,,0.5908040230942402,-0.00569845056040538,0.12460008263587952,0.12543851137161255,0.12696073949337006,0.12460030615329742,0.12460008263587952,0.12460008263587952,0.12460008263587952,0.12460008263587952
1992,,0.5910192873492912,0.00036429177784779956,0.1249999850988388,0.12500011920928955,0.1249999850988388,0.1249999850988388,0.1249999850988388,0.1249999850988388,0.1249999850988388,0.1249999850988388
1993,,0.5946649401363859,0.006149469127166575,0.1229923814535141,0.12299427390098572,0.13905148208141327,0.1229923814535141,0.1229923814535141,0.1229923814535141,0.1229923814535141,0.1229923814535141
1994,,0.5891172068107664,-0.009372964366857466,0.0863884687423706,0.3955203592777252,0.0863485187292099,0.0863485187292099,0.0863485187292099,0.0863485187292099,0.08634854853153229,0.0863485187292099
1995,,0.5853543863518533,-0.006407704291039325,0.059402722865343094,0.5832635164260864,0.06034579873085022,0.05940411239862442,0.05939728021621704,0.05939533933997154,0.05939584970474243,0.05939533933997154
1996,,0.5892777445089341,0.006680172700685879,0.1249999850988388,0.1249999850988388,0.1249999850988388,0.1249999850988388,0.1249999850988388,0.1249999850988388,0.12500007450580597,0.1249999850988388
1997,,0.5849363294291257,-0.0073946224265071005,0.16650192439556122,0.11907118558883667,0.11907114833593369,0.11907114833593369,0.11907114833593369,0.11907114833593369,0.11907114833593369,0.11907114833593369
1998,,0.580435603362844,-0.007724140794206625,0.2835739552974701,0.3209793269634247,0.019399132579565048,0.019399113953113556,0.026460876688361168,0.01939910463988781,0.2908429503440857,0.01994551718235016
1999,,0.576896670604311,-0.006115691868794854,0.4256274402141571,0.24717621505260468,0.01815001666545868,0.018149359151721,0.023082593455910683,0.018148837611079216,0.018148841336369514,0.23151661455631256
2000,,0.5756301080608511,-0.0021978891541137315,0.07706806063652039,0.08190625160932541,0.07706794887781143,0.07706914842128754,0.07706794887781143,0.4528069496154785,0.07873912155628204,0.07827451825141907
2001,,0.5712493027150705,-0.0076395593311058985,0.2526414692401886,0.008642825298011303,0.033452358096838,0.09049317240715027,0.1285952478647232,0.17830458283424377,0.08415355533361435,0.22371679544448853
2002,,0.56878911861485,-0.004315973695516422,0.19444027543067932,0.052203357219696045,0.19299578666687012,0.10450201481580734,0.12754015624523163,0.11150210350751877,0.07457235455513,0.14224395155906677
2003,,0.5665115587124758,-0.004012263893176548,0.034434687346220016,0.034434687346220016,0.7454471588134766,0.03443469479680061,0.034434687346220016,0.03482888638973236,0.03944067284464836,0.04254455864429474
2004,,0.5673176662690543,0.0014219208230610012,0.06969136744737625,0.06969154626131058,0.06969136744737625,0.06969136744737625,0.09850821644067764,0.06969136744737625,0.06969144195318222,0.48334330320358276
2005,,0.5632933291763785,-0.007118901380887566,0.12499220669269562,0.124992236495018,0.12505246698856354,0.12499219179153442,0.12499219179153442,0.12499219179153442,0.12499426305294037,0.12499219179153442
2006,,0.5615430046878169,-0.0031121432489110406,0.030486227944493294,0.6488303542137146,0.03048262931406498,0.03048262931406498,0.03048262931406498,0.03339565917849541,0.03049440309405327,0.1653454601764679
2007,,0.5619904165613266,0.0007964371841510134,0.12499268352985382,0.12505099177360535,0.12499268352985382,0.12499290704727173,0.12499268352985382,0.12499268352985382,0.12499268352985382,0.12499268352985382
2008,,0.5627213835579065,0.001299830053210116,0.124996617436409,0.12502369284629822,0.124996617436409,0.124996617436409,0.124996617436409,0.124996617436409,0.124996617436409,0.124996617436409
2009,,0.5656824419309321,0.00524823667334312,0.12444053590297699,0.12891633808612823,0.12444053590297699,0.12444053590297699,0.12444053590297699,0.12444053590297699,0.12444053590297699,0.12444053590297699
2010,,0.5662275798023308,0.000963217752435437,0.125,0.125,0.125,0.125,0.125,0.125,0.125,0.125
2011,,0.5637452239283303,-0.004393663031789253,0.3043513298034668,0.09937846660614014,0.09937836974859238,0.09937836974859238,0.09937836974859238,0.09937836974859238,0.09937836974859238,0.09937836974859238
2012,,0.5645254607335608,0.00138306691862498,0.08763869851827621,0.38648438453674316,0.08763869851827621,0.08768228441476822,0.08763870596885681,0.08763869851827621,0.08763983100652695,0.08763869851827621
2013,,0.5614095593287768,-0.005534794288520995,0.125,0.125,0.125,0.125,0.125,0.125,0.125,0.125
2014,,0.5615709727404462,0.0002874732164476126,0.12499962747097015,0.12500038743019104,0.12499962747097015,0.12499962747097015,0.12499962747097015,0.12499962747097015,0.12500184774398804,0.12499962747097015
2015,,0.5594240398115926,-0.003830410536718898,0.125,0.125,0.125,0.125,0.125,0.125,0.125,0.125
2016,,0.5594258588216894,3.2515712769797917e-06,0.12499985098838806,0.12499985098838806,0.12499985098838806,0.12499985098838806,0.12499985098838806,0.12499985098838806,0.12500107288360596,0.12499988079071045
2017,,0.5558247711104987,-0.006457920990556748,0.09937304258346558,0.3032633066177368,0.09937304258346558,0.09937308728694916,0.09937307983636856,0.09937304258346558,0.10049164295196533,0.09937973320484161
2018,,0.5514744653369048,-0.007857547468799598,0.12463141977787018,0.12463146448135376,0.12463141977787018,0.1275792419910431,0.12463144958019257,0.12463141977787018,0.12463141977787018,0.12463212013244629
2019,,0.5498751670836018,-0.002904253709005975,0.034222353249788284,0.19364339113235474,0.034190583974123,0.03419060260057449,0.053138818591833115,0.07511620968580246,0.361909955739975,0.21358810365200043
2020,,0.5474086133708809,-0.004495751985238646,0.2399120032787323,0.024924570694565773,0.24363504350185394,0.2051651030778885,0.024924706667661667,0.07376224547624588,0.16224899888038635,0.025427397340536118
2021,,0.546835258166101,-0.0010479478517815921,0.056956697255373,0.21026960015296936,0.007934012450277805,0.1187698021531105,0.19331689178943634,0.025469735264778137,0.1829625368118286,0.20432066917419434
2022,,0.5401948424093963,-0.012217689933884083,0.42964470386505127,0.07221169024705887,0.13708113133907318,0.07221169024705887,0.07221218943595886,0.07221169024705887,0.07221172004938126,0.07221516221761703
2023,,0.5407219632215982,0.0009753217846947981,0.04266941174864769,0.04285461828112602,0.04274478554725647,0.04371318966150284,0.5610055923461914,0.042669374495744705,0.13367365300655365,0.09066937118768692
2024,,0.5375190661323844,-0.005940984293144224,0.08504481613636017,0.08504483103752136,0.09291809052228928,0.08504483103752136,0.08716519922018051,0.22003893554210663,0.2596985101699829,0.08504481613636017
2025,,0.5374133345672046,-0.0001967222598406573,0.12500113248825073,0.12499859929084778,0.12499918043613434,0.12500673532485962,0.12499861419200897,0.12499861419200897,0.12499862909317017,0.12499859929084778
2026,,0.5358112238231776,-0.0029856043110096184,0.12499935925006866,0.12499907612800598,0.12499907612800598,0.12499907612800598,0.12499971687793732,0.1250055730342865,0.12499907612800598,0.12499907612800598
2027,,0.537336507267347,0.0028426365300471958,0.12499341368675232,0.12499341368675232,0.12501895427703857,0.12499341368675232,0.12502054870128632,0.1249934583902359,0.12499341368675232,0.12499341368675232
2028,,0.543823142466463,0.011999547031323875,0.12499977648258209,0.12499977648258209,0.12499977648258209,0.12499977648258209,0.12499977648258209,0.12499977648258209,0.12500157952308655,0.12499977648258209
2029,,0.5403415744422059,-0.006422603388197502,0.125,0.125,0.125,0.125,0.125,0.125,0.125,0.125
2030,,0.5448926204029855,0.008387263618172104,0.12499763071537018,0.12499763071537018,0.12501659989356995,0.12499763071537018,0.12499763071537018,0.12499763071537018,0.12499763071537018,0.12499763071537018
2031,,0.5448413569677032,-9.408431118897479e-05,0.1249999850988388,0.12500010430812836,0.1249999850988388,0.1249999850988388,0.1249999850988388,0.1249999850988388,0.1249999850988388,0.1249999850988388
2032,,0.546430948120179,0.00291328254062949,0.125,0.125,0.125,0.125,0.125,0.125,0.125,0.125
2033,,0.5511721661077302,0.008639274825796675,0.05320417135953903,0.05320417135953903,0.05320417135953903,0.05320417881011963,0.5206724405288696,0.05320417135953903,0.05320417135953903,0.16010251641273499
2034,,0.5483237853873016,-0.0051812598104162754,0.125,0.125,0.125,0.125,0.125,0.125,0.125,0.125
2035,,0.5445112003907195,-0.006977449503535378,0.12498542666435242,0.12498542666435242,0.12498542666435242,0.12498542666435242,0.12498542666435242,0.12498542666435242,0.12498542666435242,0.12510202825069427
2036,,0.5459215508378759,0.0025867734291760433,0.0855243131518364,0.08862205594778061,0.0855243131518364,0.27000874280929565,0.08552471548318863,0.0855243131518364,0.21374717354774475,0.0855243131518364
2037,,0.5461540844883984,0.00042585631711728226,0.7043324708938599,0.042171161621809006,0.04217105358839035,0.042561642825603485,0.04217104613780975,0.04217105358839035,0.04217106103897095,0.042250532656908035
2038,,0.5434787242329957,-0.004910582005391739,0.06262443959712982,0.10206851363182068,0.006087651941925287,0.1724754422903061,0.08048892766237259,0.008184920996427536,0.15768194198608398,0.41038817167282104
2039,,0.5429747385075226,-0.0009277631834353158,0.08671421557664871,0.34529709815979004,0.11202690005302429,0.01308966614305973,0.03845614194869995,0.3100998103618622,0.01308677438646555,0.08122946321964264
2040,,0.5393442894247308,-0.006708673884832685,0.050714924931526184,0.10501935333013535,0.05070862919092178,0.590722382068634,0.05070880800485611,0.050708621740341187,0.050708621740341187,0.050708621740341187
2041,,0.5387884788366796,-0.0010310615791543746,0.36342674493789673,0.028552109375596046,0.02856852486729622,0.46514204144477844,0.028599629178643227,0.028552109375596046,0.028552109375596046,0.028606759384274483
2042,,0.5418891316914632,0.00573836513864797,0.22347377240657806,0.07659132778644562,0.13222193717956543,0.043903328478336334,0.21694275736808777,0.19532841444015503,0.05223797261714935,0.05930048227310181
2043,,0.5450978652263332,0.005903921324433751,0.11837225407361984,0.11837225407361984,0.11837383359670639,0.17139264941215515,0.11837225407361984,0.11837225407361984,0.11837225407361984,0.11837225407361984
2044,,0.5447808831505648,-0.0005816832105004116,0.12498797476291656,0.12498784065246582,0.12508490681648254,0.12498784065246582,0.12498784065246582,0.12498784065246582,0.12498784065246582,0.12498784065246582
2045,,0.5492164067520001,0.00810888280399295,0.125,0.125,0.125,0.125,0.125,0.125,0.125,0.125
2046,,0.550810600041566,0.0028984641209733385,0.12499979138374329,0.12499979138374329,0.12500150501728058,0.12499979138374329,0.12499979138374329,0.12499979138374329,0.12499979138374329,0.12499979138374329
2047,,0.5493789563757027,-0.0026025414722085673,0.125,0.125,0.125,0.125,0.125,0.125,0.125,0.125
2048,,0.5529892053672475,0.006550011192746705,0.12500116229057312,0.12499983608722687,0.12499983608722687,0.12499983608722687,0.12499983608722687,0.12499983608722687,0.12499983608722687,0.12499983608722687
2049,,0.5509231078917486,-0.0037432318910816526,0.125,0.125,0.125,0.125,0.1250000149011612,0.125,0.125,0.125
2050,,0.552241870200643,0.0023908716525331093,0.125,0.125,0.125,0.125,0.125,0.125,0.125,0.125
2051,,0.5540127557352111,0.0032015903133112917,0.1248987689614296,0.1248987689614296,0.1248987689614296,0.12570835649967194,0.12489903718233109,0.1248987689614296,0.1248987689614296,0.1248987689614296
2052,,0.5527612041505197,-0.0022616219092967743,0.12490391731262207,0.12490391731262207,0.12490391731262207,0.12490391731262207,0.12490394711494446,0.12490391731262207,0.1256725788116455,0.12490391731262207
2053,,0.5558171379225197,0.005513262160573989,0.12497404962778091,0.12518173456192017,0.12497404962778091,0.12497404962778091,0.12497404962778091,0.12497404962778091,0.12497404962778091,0.12497404962778091
2054,,0.5592793015985498,0.006209641925671669,0.125,0.1250000149011612,0.125,0.1250000149011612,0.125,0.125,0.125,0.125
2055,,0.5612024459586025,0.0034327132105382045,0.125,0.125,0.125,0.125,0.125,0.125,0.125,0.125
2056,,0.5639412434618347,0.004868361149464465,0.125,0.125,0.125,0.125,0.125,0.125,0.125,0.125
2057,,0.5663316495039453,0.004229791974859028,0.12499231100082397,0.12499228119850159,0.12499228119850159,0.12499228119850159,0.12499228119850159,0.12505409121513367,0.12499228119850159,0.12499228119850159
2058,,0.56779993454164,0.0025892689678517424,0.12500885128974915,0.12499871850013733,0.12499871850013733,0.12499871850013733,0.12499871850013733,0.12499883770942688,0.12499871850013733,0.12499871850013733
2059,,0.5648926193998126,-0.005133469830442899,0.125,0.125,0.125,0.125,0.125,0.1250000298023224,0.125,0.125
2060,,0.565898343548325,0.0017787981097346795,0.12470515072345734,0.12483488023281097,0.12470515072345734,0.12470515072345734,0.12470515072345734,0.12693428993225098,0.12470515072345734,0.12470515072345734
2061,,0.5665805942926583,0.0012048803806831332,0.12876690924167633,0.12446185946464539,0.12446185946464539,0.12446185946464539,0.12446185946464539,0.12446185946464539,0.12446185946464539,0.12446185946464539
2062,,0.5682537612186597,0.0029487442466599894,0.12171192467212677,0.12171192467212677,0.12171192467212677,0.12171192467212677,0.1480165272951126,0.12171192467212677,0.12171192467212677,0.12171192467212677
2063,,0.5664569482087181,-0.0031670001822189965,0.12014894187450409,0.12014894187450409,0.12014894187450409,0.1589573621749878,0.12014894187450409,0.12014894187450409,0.12014894187450409,0.12014894187450409
2064,,0.56425327007021,-0.0038978703703129876,0.125,0.125,0.125,0.125,0.125,0.125,0.125,0.125
2065,,0.5689345441641048,0.008262179781884062,0.12498465180397034,0.12498407065868378,0.12498407065868378,0.12511087954044342,0.12498407065868378,0.12498407065868378,0.12498407065868378,0.12498407065868378
2066,,0.571571589563332,0.004624350576630144,0.06068439036607742,0.06068439036607742,0.06068439781665802,0.5752092599868774,0.06068439036607742,0.06068439036607742,0.06068439036607742,0.06068439036607742
2067,,0.5719749807883144,0.0007055090753155895,0.1249951422214508,0.1249951422214508,0.1250333935022354,0.12499576807022095,0.1249951422214508,0.1249951422214508,0.1249951422214508,0.1249951422214508
2068,,0.5715298928327568,-0.0007784627565692294,0.125,0.125,0.125,0.125,0.125,0.125,0.125,0.125
2069,,0.5720111214066237,0.0008416464233148001,0.125,0.125,0.125,0.125,0.125,0.125,0.125,0.125
2070,,0.5680866402793906,-0.006884491417441521,0.12499956786632538,0.12499956786632538,0.12499956786632538,0.12499958276748657,0.12500305473804474,0.12499956786632538,0.12499956786632538,0.12499956786632538
2071,,0.5670012227043288,-0.001912482621464915,0.12497855722904205,0.12507325410842896,0.12497855722904205,0.12497855722904205,0.12497855722904205,0.12505538761615753,0.12497855722904205,0.12497855722904205
2072,,0.567301651562984,0.0005297154269738626,0.12416364252567291,0.1268332153558731,0.12416364252567291,0.12416364252567291,0.1241636574268341,0.12818488478660583,0.12416364252567291,0.12416364252567291
2073,,0.5703688173993755,0.005392024054904911,0.12487191706895828,0.0975688174366951,0.20078302919864655,0.09756870567798615,0.18648909032344818,0.09758075326681137,0.09756869077682495,0.09756901860237122
2074,,0.5695740089833908,-0.0013944708916710333,0.11907782405614853,0.16547511518001556,0.11907782405614853,0.11907782405614853,0.1200578510761261,0.11907782405614853,0.11907783895730972,0.11907782405614853
2075,,0.5700475947545364,0.0008311281514037596,0.1240784153342247,0.12407910823822021,0.12418269366025925,0.12407881021499634,0.1240784153342247,0.131345734000206,0.1240784153342247,0.1240784153342247
2076,,0.5682802214826539,-0.0031052121661390474,0.07755748927593231,0.45709696412086487,0.07755757123231888,0.07755748927593231,0.07755757123231888,0.07755748927593231,0.07755795866250992,0.07755748927593231
2077,,0.5652868862105339,-0.005281279263112915,0.11795101314783096,0.11795101314783096,0.12016644328832626,0.17070479691028595,0.11937364935874939,0.11795101314783096,0.11795101314783096,0.11795101314783096
2078,,0.5643181905411889,-0.0017151054412557834,0.10723326355218887,0.10723661631345749,0.10723327845335007,0.10723326355218887,0.24936331808567047,0.1072336882352829,0.10723326355218887,0.10723327845335007
2079,,0.5660501529152613,0.0030644236269683927,0.125,0.125,0.125,0.125,0.125,0.125,0.1250000149011612,0.125
2080,,0.5652349038580511,-0.0014412798851263999,0.1250014752149582,0.12499979138374329,0.12499979138374329,0.12499979138374329,0.12499979138374329,0.12499979138374329,0.12499979138374329,0.12499979138374329
2081,,0.5678529375488343,0.004621068647920253,0.125,0.125,0.125,0.125,0.125,0.125,0.125,0.125
2082,,0.5699166486868676,0.0036276473306584046,0.12499912083148956,0.12499912083148956,0.12499912083148956,0.12499912083148956,0.12500613927841187,0.12499912083148956,0.12499912083148956,0.12499912083148956
2083,,0.5731443610046928,0.005647504147647144,0.125,0.125,0.1250000298023224,0.125,0.125,0.125,0.125,0.125
2084,,0.5759924540263982,0.0049569360518396275,0.12499946355819702,0.12499946355819702,0.12499946355819702,0.12500372529029846,0.12499947845935822,0.12499946355819702,0.12499946355819702,0.12499946355819702
2085,,0.5738666920847545,-0.0036974343694364748,0.1249999850988388,0.1249999850988388,0.125,0.12500007450580597,0.1249999850988388,0.1249999850988388,0.1249999850988388,0.1249999850988388
2086,,0.5739590049794783,0.0001608482806385205,0.12489121407270432,0.12489119917154312,0.12575958669185638,0.12489242106676102,0.12489209324121475,0.12489119917154312,0.12489119917154312,0.12489119917154312
2087,,0.5749488665854733,0.0017231352929474519,0.1248137578368187,0.1248137578368187,0.12481596320867538,0.12630148231983185,0.12481377273797989,0.1248137578368187,0.1248137578368187,0.1248137578368187
2088,,0.5786255200827396,0.0063743890106326044,0.125,0.125,0.125,0.125,0.125,0.125,0.125,0.125
2089,,0.5791088757191751,0.0008350026850240413,0.125,0.125,0.125,0.12500007450580597,0.125,0.125,0.125,0.125
2090,,0.5772923066397413,-0.003141765334346088,0.1249813586473465,0.1249813586473465,0.1249813586473465,0.1249813586473465,0.1249813586473465,0.1249886304140091,0.12512317299842834,0.1249813586473465
2091,,0.5760811806621383,-0.0021001461124043777,0.1199290081858635,0.1199290081858635,0.1199290081858635,0.16049684584140778,0.11992906033992767,0.1199290081858635,0.1199290081858635,0.1199290081858635
2092,,0.5747897186527852,-0.0022443221949761893,0.125,0.125,0.125,0.125,0.1250000149011612,0.125,0.125,0.125
2093,,0.5765717540495154,0.003095529704581692,0.125,0.125,0.125,0.125,0.125,0.125,0.125,0.125
2094,,0.579123654027605,0.004416222661668874,0.12490589916706085,0.12490589916706085,0.12490589916706085,0.12490589916706085,0.12490589916706085,0.12490589916706085,0.12565867602825165,0.12490589916706085
2095,,0.579120530381264,-5.3937613209481e-06,0.12494932860136032,0.12494932860136032,0.12494932860136032,0.1249493733048439,0.12535329163074493,0.12494932860136032,0.12494932860136032,0.12495063990354538
2096,,0.5803488462825038,0.0021187560197228573,0.12494009733200073,0.12495756894350052,0.12493044883012772,0.12493055313825607,0.12493043392896652,0.12493043392896652,0.125006303191185,0.12537415325641632
2097,,0.5791018000406326,-0.0021510992756609794,0.05117959529161453,0.05117953568696976,0.05117949843406677,0.39350175857543945,0.051179710775613785,0.05117950960993767,0.05117949843406677,0.29942092299461365
2098,,0.5709577057280839,-0.014163146184630548,0.035709939897060394,0.45850133895874023,0.035709939897060394,0.035709939897060394,0.035709939897060394,0.03652697801589966,0.32642197608947754,0.035709939897060394
2099,,0.5687982218835229,-0.0037893839835789708,0.12479408085346222,0.12479408085346222,0.12479408085346222,0.12479408085346222,0.12479408085346222,0.12479409575462341,0.12644147872924805,0.12479408085346222
2100,,0.565363847860197,-0.006056250005445517,0.060156531631946564,0.06015654653310776,0.060156531631946564,0.060156531631946564,0.5778525471687317,0.060156531631946564,0.06120823323726654,0.060156531631946564
2101,,0.5660398781397686,0.0011950294037208092,0.125,0.125,0.125,0.125,0.1250000149011612,0.125,0.125,0.125
2102,,0.5623611753468394,-0.006520227563400849,0.12302886694669724,0.12302886694669724,0.12302886694669724,0.12302886694669724,0.13879798352718353,0.12302886694669724,0.12302886694669724,0.12302886694669724
2103,,0.565689077123023,0.005900289324038233,0.09218637645244598,0.09218637645244598,0.09218637645244598,0.09220153093338013,0.09218637645244598,0.09218637645244598,0.09218637645244598,0.3546801507472992
2104,,0.5668893842546318,0.002119601638079483,0.12498649954795837,0.12498649954795837,0.12498649954795837,0.12498649954795837,0.125094473361969,0.12498649954795837,0.12498649954795837,0.12498649954795837
2105,,0.5662659405036201,-0.001100367796534077,0.12499986588954926,0.12500090897083282,0.12499986588954926,0.12499986588954926,0.12499986588954926,0.12499986588954926,0.12499988079071045,0.12499986588954926
2106,,0.5653007760991542,-0.0017058908226304085,0.125,0.125,0.125,0.125,0.125,0.125,0.12500007450580597,0.125
2107,,0.567406507621446,0.003718054926185991,0.12499983608722687,0.12500080466270447,0.12499983608722687,0.12499983608722687,0.12499983608722687,0.12499983608722687,0.12500019371509552,0.12499983608722687
2108,,0.5666727476579622,-0.0012940190246090646,0.10526499897241592,0.2486022710800171,0.10526499897241592,0.10526499897241592,0.10526499897241592,0.10526499897241592,0.11980783194303513,0.10526499897241592
2109,,0.5634662743982904,-0.005674491015855782,0.125,0.125,0.125,0.125,0.125,0.125,0.125,0.125
2110,,0.5624789828414085,-0.0017537119208396246,0.1249999850988388,0.1249999850988388,0.12500007450580597,0.1249999850988388,0.1249999850988388,0.1249999850988388,0.1249999850988388,0.1249999850988388
2111,,0.5641488741759517,0.002964408428248256,0.125,0.125,0.125,0.125,0.125,0.125,0.125,0.125
2112,,0.5634734956275753,-0.0011978808637035554,0.12499995529651642,0.12499995529651642,0.12500028312206268,0.12499995529651642,0.12499995529651642,0.12499995529651642,0.12499995529651642,0.12499995529651642
2113,,0.5641755703925819,0.0012452009705464888,0.12496158480644226,0.12496158480644226,0.1252683848142624,0.12496158480644226,0.12496158480644226,0.12496212124824524,0.12496158480644226,0.12496158480644226
2114,,0.5658160125922714,0.0029034611882306164,0.12499991059303284,0.12499991059303284,0.12499991059303284,0.12500058114528656,0.12499991059303284,0.12499991059303284,0.12499991059303284,0.12499991059303284
2115,,0.5661106750313307,0.0005206387461966093,0.12499988079071045,0.12499988079071045,0.12499988079071045,0.12499988079071045,0.12500081956386566,0.12499988079071045,0.12499988079071045,0.12499988079071045
2116,,0.5664742394797843,0.0006420083055728032,0.1249999850988388,0.1249999850988388,0.1249999850988388,0.1249999850988388,0.12500007450580597,0.1249999850988388,0.1249999850988388,0.1249999850988388
2117,,0.566541525397222,0.0001187731355602779,0.12499956786632538,0.12499956786632538,0.12499956786632538,0.12499956786632538,0.12500303983688354,0.12499956786632538,0.12499956786632538,0.12499956786632538
2118,,0.5672442313020469,0.0012395745680363617,0.12499578297138214,0.12499578297138214,0.12499579787254333,0.12499578297138214,0.12502950429916382,0.12499582767486572,0.12499578297138214,0.12499578297138214
2119,,0.5686891686441022,0.0025440542930636792,0.125,0.125,0.125,0.125,0.125,0.125,0.125,0.125
2120,,0.5749256574433866,0.01090673272090603,0.03733215853571892,0.5349640846252441,0.1859501600265503,0.03733215853571892,0.09241367876529694,0.03733215853571892,0.03733215853571892,0.037343431264162064
2121,,0.5761973108852265,0.002209414622289538,0.11934202164411545,0.11934202164411545,0.11934202164411545,0.11934202164411545,0.137679323554039,0.11934202164411545,0.11934202164411545,0.1462685465812683
2122,,0.5779648556239294,0.0030629077469871814,0.12499631941318512,0.1249958872795105,0.1249958872795105,0.1249958872795105,0.12499591708183289,0.1249958872795105,0.12499591708183289,0.12502822279930115
2123,,0.5814345970584265,0.005985429413810538,0.07766059041023254,0.4420854449272156,0.0776626393198967,0.07766053825616837,0.07766075432300568,0.09194900095462799,0.07766053825616837,0.07766054570674896
2124,,0.5821104620202614,0.0011617341891061708,0.12881822884082794,0.07693658769130707,0.40934303402900696,0.07693573832511902,0.07693573832511902,0.07693573832511902,0.07693573832511902,0.07715924829244614
2125,,0.5721007060008794,-0.01734519168263432,0.040816497057676315,0.5917244553565979,0.040816497057676315,0.16292400658130646,0.04126296937465668,0.040816545486450195,0.040816497057676315,0.040822502225637436
2126,,0.5701803655394159,-0.003362293779406814,0.125,0.125,0.125,0.125,0.125,0.125,0.125,0.125
2127,,0.5695680544045522,-0.0010744672825291832,0.125,0.125,0.125,0.125,0.125,0.125,0.125,0.125
2128,,0.5705974461017291,0.0018056886941678458,0.125,0.125,0.125,0.125,0.125,0.125,0.125,0.125
2129,,0.5688425135961,-0.00308034465236303,0.125,0.125,0.125,0.125,0.125,0.125,0.125,0.125
2130,,0.5707018051878422,0.0032632223442322725,0.12426489591598511,0.12426489591598511,0.12426489591598511,0.12426489591598511,0.13014568388462067,0.12426489591598511,0.12426489591598511,0.12426489591598511
2131,,0.5718548997388306,0.002018446765056129,0.12499897181987762,0.12500064074993134,0.12499897181987762,0.12499897181987762,0.12499897181987762,0.12499897181987762,0.12500551342964172,0.12499897181987762
2132,,0.5709215848448778,-0.001633416707561692,0.125,0.125,0.125,0.125,0.125,0.125,0.125,0.125
2133,,0.5704904960206405,-0.0007553605782891618,0.125,0.125,0.125,0.125,0.125,0.125,0.125,0.125
2134,,0.5726011268594163,0.0036928505031626514,0.1251378357410431,0.1249690130352974,0.1250464767217636,0.12497062236070633,0.1249690130352974,0.1249690130352974,0.1249690130352974,0.1249690130352974
2135,,0.5707846990691126,-0.003177281504108359,0.11179709434509277,0.11179709434509277,0.11179831624031067,0.11179709434509277,0.11179709434509277,0.11179709434509277,0.11179709434509277,0.21741919219493866
2136,,0.570527946600415,-0.0004499248720376192,0.10221143811941147,0.10220968723297119,0.10220968723297119,0.10220968723297119,0.144680917263031,0.24204601347446442,0.10222290456295013,0.10220968723297119
2137,,0.5748637928542998,0.007570976488284535,0.125,0.125,0.125,0.125,0.125,0.125,0.125,0.125
2138,,0.5793438359064355,0.007763014971317298,0.12500980496406555,0.12499859929084778,0.12499859929084778,0.12499859929084778,0.12499859929084778,0.12499859929084778,0.12499859929084778,0.12499859929084778
2139,,0.5819337951362026,0.00446054148427129,0.12500035762786865,0.12499986588954926,0.1250004768371582,0.12499986588954926,0.12499986588954926,0.12499988079071045,0.12499986588954926,0.12499986588954926
2140,,0.5857443936897555,0.006526818977064668,0.12556764483451843,0.12491879612207413,0.12491884082555771,0.12491879612207413,0.12491879612207413,0.12491879612207413,0.12491949647665024,0.12491879612207413
2141,,0.5838204379169526,-0.003290039946953238,0.08292415738105774,0.08291997015476227,0.08291997015476227,0.08291997015476227,0.08291999250650406,0.08291997015476227,0.08291997015476227,0.41955599188804626
2142,,0.5841761966706546,0.000609177722210314,0.06648267060518265,0.06647167354822159,0.06648021936416626,0.06647167354822159,0.06647167354822159,0.06647167354822159,0.06647167354822159,0.5346786975860596
2143,,0.5819936487836697,-0.003743109022710179,0.08714328706264496,0.08714328706264496,0.3894962668418884,0.08722127974033356,0.08756576478481293,0.08714328706264496,0.08714328706264496,0.08714352548122406
2144,,0.5870497453400927,0.008650026351127858,0.12496176362037659,0.12496176362037659,0.12496176362037659,0.12505289912223816,0.12517647445201874,0.12496176362037659,0.12496179342269897,0.12496176362037659
2145,,0.5863277575702539,-0.0012306148007161445,0.11537172645330429,0.11537172645330429,0.11537172645330429,0.11537172645330429,0.19239798188209534,0.11537172645330429,0.11537172645330429,0.11537172645330429
2146,,0.5869032883198767,0.0009811039314112618,0.12496225535869598,0.12496225535869598,0.12496225535869598,0.12496225535869598,0.1252642720937729,0.12496225535869598,0.12496225535869598,0.12496225535869598
2147,,0.5870121913159208,0.00018553805320008083,0.125,0.125,0.125,0.125,0.125,0.125,0.125,0.125
2148,,0.587071267777478,0.00010063417749319499,0.125,0.125,0.125,0.125,0.125,0.125,0.125,0.125
2149,,0.5858143940423102,-0.00214321695147287,0.12498430907726288,0.12498430907726288,0.12498430907726288,0.12498430907726288,0.12510985136032104,0.12498430907726288,0.12498430907726288,0.12498430907726288
2150,,0.5867062238647822,0.0015212184431285206,0.12460725009441376,0.12460725009441376,0.12460725009441376,0.12460725009441376,0.12774929404258728,0.12460725009441376,0.12460725009441376,0.12460725009441376
2151,,0.5847481526319264,-0.00334297791817881,0.08216139674186707,0.08216139674186707,0.08216139674186707,0.08216139674186707,0.42487019300460815,0.08216139674186707,0.08216139674186707,0.08216139674186707
2152,,0.5833423783909092,-0.0024069622728272546,0.125,0.125,0.125,0.125,0.125,0.125,0.125,0.125
2153,,0.5818823621027033,-0.0025059836124950185,0.07794997096061707,0.07801149040460587,0.07794997096061707,0.07794997096061707,0.45428869128227234,0.07794997096061707,0.07794997096061707,0.07794997096061707
2154,,0.58246219151997,0.000995975741705693,0.125,0.125,0.125,0.125,0.125,0.125,0.125,0.125
2155,,0.5796401509564655,-0.004856794462329436,0.12438736110925674,0.12438736110925674,0.12438736110925674,0.12438736110925674,0.1292884200811386,0.12438736110925674,0.12438736110925674,0.12438736110925674
2156,,0.5800008294421956,0.0006220520030888016,0.12499728798866272,0.12499891221523285,0.12499728798866272,0.12499728798866272,0.12501735985279083,0.12499728798866272,0.12499728798866272,0.12499728798866272
2157,,0.5813601464610579,0.002340904624492317,0.10260888189077377,0.2817368805408478,0.10260888189077377,0.10260888189077377,0.10260973870754242,0.10260888189077377,0.10260888189077377,0.10260888189077377
2158,,0.580390039192968,-0.0016700793433076452,0.125,0.125,0.125,0.125,0.125,0.125,0.125,0.125
2159,,0.5812714531188652,0.0015175059186789915,0.5128023624420166,0.06979593634605408,0.06956695020198822,0.06956695020198822,0.06956695020198822,0.06956695020198822,0.06956695020198822,0.06956695020198822
2160,,0.57895539876201,-0.0039924217052590355,0.20193445682525635,0.009410342201590538,0.009401749819517136,0.2464260756969452,0.12913882732391357,0.19034352898597717,0.20393496751785278,0.009410014376044273
2161,,0.5745411987464578,-0.007653636036788171,0.2377733588218689,0.45976388454437256,0.01143683958798647,0.011671177111566067,0.01143683958798647,0.011548265814781189,0.24294526875019073,0.01342436671257019
2162,,0.5759611039678074,0.0024683235121070435,0.125,0.125,0.125,0.125,0.125,0.125,0.125,0.125
2163,,0.5780299666081361,0.003585582089133323,0.125,0.125,0.125,0.125,0.12500005960464478,0.125,0.125,0.125
2164,,0.5781588400594156,0.00022292803920945342,0.125,0.125,0.125,0.125,0.125,0.125,0.125,0.125
2165,,0.5794640647786463,0.0022550094108745792,0.12089979648590088,0.12089979648590088,0.12117919325828552,0.12090042978525162,0.15342143177986145,0.12089979648590088,0.12089979648590088,0.12089981138706207
2166,,0.5808266429061348,0.002348685109399208,0.09272946417331696,0.09272946417331696,0.09272946417331696,0.3508565127849579,0.09272946417331696,0.09272946417331696,0.09272946417331696,0.09276671707630157
2167,,0.5797199469047831,-0.00190719846411437,0.12364685535430908,0.12364685535430908,0.1344720721244812,0.12364685535430908,0.12364685535430908,0.12364685535430908,0.12364685535430908,0.12364685535430908
2168,,0.5812384200616005,0.002615897461825698,0.12339386343955994,0.12339386343955994,0.12339386343955994,0.12369121611118317,0.12339428812265396,0.12339386343955994,0.12339386343955994,0.1359451711177826
2169,,0.5818969925979026,0.0011324091752533156,0.12499073147773743,0.12499073147773743,0.12506438791751862,0.12499073147773743,0.12499117851257324,0.12499073147773743,0.12499073147773743,0.12499073147773743
2170,,0.5836810479108553,0.0030612393922589973,0.12133803218603134,0.12133803218603134,0.12133803218603134,0.1506337821483612,0.12133803218603134,0.12133803218603134,0.12133803218603134,0.12133803218603134
2171,,0.5818277307923065,-0.003180274081968169,0.07256399840116501,0.0322682149708271,0.0322682149708271,0.7338265776634216,0.0322682149708271,0.0322682149708271,0.0322682149708271,0.03226829692721367
2172,,0.5816991110706812,-0.00022108595611482722,0.125,0.125,0.125,0.125,0.125,0.125,0.125,0.125
2173,,0.5844477090685154,0.0047139914807374115,0.08694443106651306,0.389641672372818,0.08704176545143127,0.08694443106651306,0.08694443106651306,0.08694443851709366,0.08694487810134888,0.08859392255544662
2174,,0.5821850564719585,-0.0038789506011273744,0.07130701839923859,0.07103483378887177,0.07103483378887177,0.5024787783622742,0.07103483378887177,0.07103483378887177,0.07103483378887177,0.07103993743658066
2175,,0.5805867013118736,-0.0027492173870040013,0.125,0.125,0.125,0.125,0.125,0.125,0.125,0.125
2176,,0.5809891946801155,0.0006930126317862806,0.12499968707561493,0.1249995082616806,0.1249995082616806,0.1249995082616806,0.1249995082616806,0.125001922249794,0.12500084936618805,0.1249995082616806
2177,,0.57911310821383,-0.0032343494139888303,0.09694980829954147,0.1925661414861679,0.09694945067167282,0.09694945067167282,0.10478007048368454,0.1515059918165207,0.16328123211860657,0.0970178171992302
2178,,0.5783378387012424,-0.0013396155242578513,0.0291054118424654,0.029106389731168747,0.0291054118424654,0.0291054118424654,0.029105592519044876,0.427036315202713,0.39833003282546997,0.029105421155691147
2179,,0.579116768046952,0.0013459352250304786,0.025287238880991936,0.025287238880991936,0.025287238880991936,0.025287244468927383,0.3310537040233612,0.025287238880991936,0.5172228217124939,0.025287238880991936
2180,,0.5806120389311077,0.002578657533937845,0.12499766051769257,0.12499761581420898,0.12501348555088043,0.12499763071537018,0.12499761581420898,0.12499761581420898,0.1250007450580597,0.12499761581420898
2181,,0.5790332951028285,-0.002722806287927523,0.12499997019767761,0.12500013411045074,0.12499997019767761,0.12499997019767761,0.12499997019767761,0.12499997019767761,0.12499997019767761,0.12499997019767761
2182,,0.5762811363401301,-0.004764354869547314,0.12499971687793732,0.12500199675559998,0.12499971687793732,0.12499971687793732,0.12499971687793732,0.12499971687793732,0.12499971687793732,0.12499971687793732
2183,,0.5763248878297369,7.59175099043253e-05,0.125,0.125,0.125,0.125,0.125,0.125,0.125,0.125
2184,,0.5792902896823986,0.005132172749585356,0.125,0.125,0.125,0.125,0.125,0.125,0.125,0.125
2185,,0.5826000413727723,0.005697199734355713,0.12499956786632538,0.12499956786632538,0.12499956786632538,0.12500299513339996,0.12499956786632538,0.12499956786632538,0.12499956786632538,0.12499956786632538
2186,,0.5826349452882088,5.990880096538485e-05,0.12499982118606567,0.12499982118606567,0.12499982118606567,0.12499982118606567,0.1250012069940567,0.12499982118606567,0.12499982118606567,0.12499982118606567
2187,,0.5821765509194154,-0.000787070515614967,0.125,0.125,0.125,0.125,0.125,0.125,0.125,0.125
2188,,0.5739755041069838,-0.014187034187584954,0.0945582389831543,0.22844842076301575,0.057934489101171494,0.23275126516819,0.008929784409701824,0.12621243298053741,0.24223609268665314,0.008929293602705002
2189,,0.5749710284637499,0.0017329346104100038,0.10854560881853104,0.10854560881853104,0.24018056690692902,0.10854560881853104,0.10854575037956238,0.10854560881853104,0.10854560881853104,0.10854560881853104
2190,,0.5697945810709061,-0.009043742459019349,0.050993382930755615,0.052113573998212814,0.12077606469392776,0.05099334567785263,0.05100232735276222,0.5721344351768494,0.05099352449178696,0.05099334567785263
2191,,0.569168216192472,-0.0010998865688755393,0.3102749288082123,0.007104083895683289,0.007134412415325642,0.1720941960811615,0.08260565996170044,0.20218822360038757,0.007194144651293755,0.21140430867671967
2192,,0.5672872691741878,-0.003310202220911735,0.05054371431469917,0.022659938782453537,0.06030872091650963,0.012205648235976696,0.012946231290698051,0.44320395588874817,0.2942810356616974,0.10385078191757202
2193,,0.5655834459383641,-0.0030079769876059973,0.38384994864463806,0.013525308109819889,0.013525308109819889,0.4828836917877197,0.013525308109819889,0.06563986092805862,0.013525308109819889,0.013525308109819889
2194,,0.5651814757172258,-0.0007109704773687321,0.12499606609344482,0.12499606609344482,0.1250264048576355,0.12499606609344482,0.12499606609344482,0.12499606609344482,0.12499712407588959,0.12499606609344482
2195,,0.5657980427596776,0.0010903240836114218,0.125,0.125,0.1250000298023224,0.125,0.125,0.125,0.125,0.125
2196,,0.5715756103248667,0.010159576397250259,0.06659665703773499,0.06659665703773499,0.06659665703773499,0.06659665703773499,0.5338233709335327,0.06659665703773499,0.06659665703773499,0.06659665703773499
2197,,0.5733300983394147,0.0030648626776021252,0.125,0.125,0.125,0.1250000298023224,0.125,0.125,0.125,0.125
2198,,0.571155316724668,-0.0038004577493757036,0.12499512732028961,0.12499512732028961,0.12499512732028961,0.12503410875797272,0.12499512732028961,0.12499512732028961,0.12499512732028961,0.12499512732028961
2199,,0.5700060396518548,-0.0020142242899346273,0.12499964237213135,0.12499964237213135,0.12499964237213135,0.12499971687793732,0.12499964237213135,0.12499964237213135,0.12500248849391937,0.12499965727329254
2200,,0.5710623944267569,0.001851519234306484,0.125,0.125,0.125,0.125,0.125,0.125,0.125,0.125
2201,,0.5738799680939324,0.0049217837458675855,0.12499973177909851,0.12499973177909851,0.12499973177909851,0.12500183284282684,0.12499973177909851,0.12499973177909851,0.12499973177909851,0.12499973177909851
2202,,0.572318581411632,-0.0027244627883748285,0.1224324032664299,0.12295560538768768,0.1224324032664299,0.12253550440073013,0.1224324181675911,0.14234675467014313,0.1224324032664299,0.12243244796991348
2203,,0.572726415551844,0.0007123460799169886,0.1249999850988388,0.1249999850988388,0.1249999850988388,0.1249999850988388,0.1249999850988388,0.12500008940696716,0.1249999850988388,0.1249999850988388
2204,,0.5733172289333344,0.0010310487504950295,0.12403913587331772,0.12404731661081314,0.13171039521694183,0.12403913587331772,0.12404657155275345,0.12403913587331772,0.12403913587331772,0.12403913587331772
2205,,0.5687605518369587,-0.007979668901689623,0.12449765205383301,0.12662373483181,0.1263866275548935,0.12450134754180908,0.12449765205383301,0.12449765205383301,0.12449765205383301,0.12449765205383301
2206,,0.5703882681566678,0.0028577783673616043,0.12318770587444305,0.13622909784317017,0.12462080270051956,0.12318770587444305,0.12318770587444305,0.12321155518293381,0.12318770587444305,0.12318770587444305
2207,,0.5699299824974392,-0.0008037855811558197,0.0631890743970871,0.5576678514480591,0.06318913400173187,0.0631890743970871,0.0631893128156662,0.06319744884967804,0.0631890743970871,0.0631890743970871
2208,,0.5688559192336372,-0.0018863310138471784,0.125,0.125,0.125,0.125,0.125,0.1250000298023224,0.125,0.125
2209,,0.5709481013954697,0.0036711302534388132,0.1113981381058693,0.1113981381058693,0.11139895021915436,0.11139819771051407,0.1113981381058693,0.2202121466398239,0.1113981381058693,0.1113981381058693
2210,,0.5672893432327094,-0.006428835707997487,0.02969077043235302,0.029690777882933617,0.02969077043235302,0.33838823437690735,0.03266574814915657,0.48049214482307434,0.02969077043235302,0.02969077043235302
2211,,0.5666310935614186,-0.0011610157536147193,0.09596099704504013,0.09596101194620132,0.09596103429794312,0.316643089056015,0.09655656665563583,0.09596099704504013,0.09596099704504013,0.10699533671140671
2212,,0.566052166786103,-0.0010222219149769464,0.125,0.125,0.125,0.125,0.125,0.125,0.125,0.125
2213,,0.565843526242472,-0.0003686568422850029,0.06602749973535538,0.06602749973535538,0.06602749973535538,0.5378075242042542,0.06602749973535538,0.06602749973535538,0.06602749973535538,0.06602749973535538
2214,,0.5655811675003358,-0.0004637670510278136,0.12367921322584152,0.12367921322584152,0.12367921322584152,0.13424549996852875,0.12367921322584152,0.12367921322584152,0.12367921322584152,0.12367921322584152
2215,,0.5672798967258983,0.0029990094150304965,0.07203022390604019,0.07203084230422974,0.07203022390604019,0.07203704863786697,0.4957810044288635,0.07203022390604019,0.07203022390604019,0.07203022390604019
2216,,0.5686431610424865,0.0024002769585191913,0.12499961256980896,0.12500354647636414,0.12499940395355225,0.12499985098838806,0.12499940395355225,0.12499940395355225,0.12499940395355225,0.12499940395355225
2217,,0.5677142835110811,-0.001634833727257556,0.12499997019767761,0.1250002235174179,0.12499997019767761,0.12499997019767761,0.12499997019767761,0.12499997019767761,0.12499997019767761,0.12499997019767761
2218,,0.5684512316070052,0.0012972550028443645,0.12498548626899719,0.12500378489494324,0.12498548626899719,0.12498548626899719,0.12508335709571838,0.12498548626899719,0.12498548626899719,0.12498548626899719
2219,,0.5687332567312032,0.0004960059390051259,0.12499995529651642,0.12500013411045074,0.12499995529651642,0.12499995529651642,0.12500011920928955,0.12499995529651642,0.12499995529651642,0.12499995529651642
2220,,0.5689014965111222,0.0002957711702564252,0.125,0.125,0.125,0.125,0.125,0.125,0.125,0.125
2221,,0.5663236497580394,-0.004541568150437977,0.125,0.125,0.125,0.125,0.125,0.125,0.125,0.125
2222,,0.5652018716969244,-0.001982771766710536,0.12499764561653137,0.12499764561653137,0.12501655519008636,0.12499764561653137,0.12499764561653137,0.12499764561653137,0.12499764561653137,0.12499764561653137
2223,,0.5636635740024374,-0.002725388845093614,0.12499931454658508,0.12499931454658508,0.125004842877388,0.12499931454658508,0.12499931454658508,0.12499931454658508,0.12499931454658508,0.12499931454658508
2224,,0.563643333486985,-3.5909503117605924e-05,0.12489775568246841,0.12489775568246841,0.12489775568246841,0.12489775568246841,0.12489775568246841,0.12489775568246841,0.1257156878709793,0.12489775568246841
2225,,0.563249439686125,-0.0006990794976751977,0.06969740986824036,0.02964535541832447,0.3013142943382263,0.03015991300344467,0.02964845485985279,0.30020180344581604,0.20968742668628693,0.02964535541832447
2226,,0.5611256549786243,-0.003777720163526586,0.2660575211048126,0.06972867995500565,0.2652376592159271,0.08898176997900009,0.09736831486225128,0.005800716113299131,0.0058044991455972195,0.20102083683013916
2227,,0.5590946494096649,-0.0036260863803180446,0.2439345270395279,0.09980592876672745,0.1379842758178711,0.13700003921985626,0.08833353221416473,0.05417377129197121,0.2002539038658142,0.03851405903697014
2228,,0.5592309747939079,0.00024380266707278673,0.06956526637077332,0.09066642075777054,0.2631288170814514,0.29892662167549133,0.06942722946405411,0.06943095475435257,0.06942752003669739,0.06942717730998993
2229,,0.5629222963945092,0.006579020905282457,0.12491805106401443,0.12491805106401443,0.12491805106401443,0.12491805106401443,0.12491818517446518,0.12491805106401443,0.12491805106401443,0.1255735158920288
2230,,0.5629827669894234,0.00010741686300028039,0.125,0.125,0.125,0.125,0.125,0.125,0.125,0.125
2231,,0.5588350302932182,-0.007394704570850588,0.11535409837961197,0.11535409837961197,0.11535409837961197,0.11535409837961197,0.1153663620352745,0.19250380992889404,0.1153593510389328,0.11535409837961197
2232,,0.5518345893511072,-0.012605969447004733,0.07043121010065079,0.07041949033737183,0.5069918036460876,0.07041560113430023,0.07046988606452942,0.07041560113430023,0.07044080644845963,0.07041558623313904
2233,,0.5464560969212209,-0.00979437501111809,0.310268759727478,0.03775348514318466,0.1324089914560318,0.020516738295555115,0.08549860119819641,0.2257014960050583,0.16734862327575684,0.020503345876932144
2234,,0.5444616644668737,-0.0036564345122738367,0.1254470944404602,0.24631761014461517,0.033197347074747086,0.1854974329471588,0.03334595635533333,0.29939034581184387,0.04360869526863098,0.03319546580314636
2235,,0.5494444101952544,0.00911006951142275,0.12499982118606567,0.12499982118606567,0.12499982118606567,0.12499982118606567,0.1250011920928955,0.12499982118606567,0.12499985098838806,0.12499982118606567
2236,,0.5482506103114622,-0.0021751038897933036,0.08569861203432083,0.08569861203432083,0.08569861203432083,0.08569864183664322,0.1544535905122757,0.08569861203432083,0.3313547670841217,0.08569861203432083
2237,,0.5474270691864624,-0.0015032546441245825,0.12496667355298996,0.1249660775065422,0.1249660775065422,0.1249660924077034,0.12523671984672546,0.1249660775065422,0.12496618181467056,0.1249660775065422
2238,,0.5490554767922928,0.002970241175289859,0.05909918248653412,0.059099238365888596,0.05909939482808113,0.05909918248653412,0.5814367532730103,0.05909918248653412,0.06396785378456116,0.05909918248653412
2239,,0.5523681512615386,0.006015277634438907,0.12475280463695526,0.12475280463695526,0.12673035264015198,0.12475280463695526,0.12475280463695526,0.12475280463695526,0.12475280463695526,0.12475280463695526
2240,,0.5540099000549603,0.002967792060738737,0.12499728798866272,0.12499728798866272,0.12501734495162964,0.12499900162220001,0.12499728798866272,0.12499728798866272,0.12499728798866272,0.12499728798866272
2241,,0.5520645630588265,-0.00351755522226434,0.12492740154266357,0.12492740154266357,0.12550410628318787,0.12492744624614716,0.12492740154266357,0.1249314472079277,0.12492740154266357,0.12492740154266357
2242,,0.5518154250415932,-0.0004513860639725243,0.12495721876621246,0.12495721876621246,0.12510240077972412,0.12515418231487274,0.12495721876621246,0.1249573677778244,0.12495721876621246,0.12495721876621246
2243,,0.5537318637694787,0.003466953728486654,0.08063223212957382,0.08063223212957382,0.4354986250400543,0.08070799708366394,0.08063223212957382,0.08063223212957382,0.08063223212957382,0.08063223212957382
2244,,0.5519703517336758,-0.0031862349579427703,0.125,0.125,0.125,0.125,0.125,0.125,0.125,0.125
2245,,0.552355475446461,0.0006974820635710741,0.12494131922721863,0.12503333389759064,0.12527050077915192,0.12494131922721863,0.12494131922721863,0.12498951703310013,0.12494131922721863,0.12494131922721863
2246,,0.5491657050012485,-0.005791589699595106,0.05604645237326622,0.3362736999988556,0.05604645982384682,0.05604656785726547,0.05604645237326622,0.32744747400283813,0.05604645237326622,0.05604645237326622
2247,,0.5505116549675935,0.002447900970672388,0.12499971687793732,0.12499971687793732,0.12499971687793732,0.1250019669532776,0.12499971687793732,0.12499971687793732,0.12499971687793732,0.12499971687793732
2248,,0.5525642635981253,0.0037216132908094376,0.06454138457775116,0.5481836199760437,0.06454138457775116,0.06454138457775116,0.0645463615655899,0.06454138457775116,0.06456310302019119,0.06454138457775116
2249,,0.5528551529972345,0.0005262968995416725,0.12498089671134949,0.12498272955417633,0.12498089671134949,0.12498089671134949,0.12498089671134949,0.12498089671134949,0.1251317709684372,0.12498089671134949
2250,,0.5553881308748713,0.004571166503173739,0.125,0.125,0.125,0.125,0.125,0.125,0.125,0.125
2251,,0.5556195750426641,0.00041663828235943845,0.125,0.125,0.125,0.125,0.125,0.125,0.125,0.125
2252,,0.554587594006495,-0.0018590788497220186,0.10498504340648651,0.21484073996543884,0.10498504340648651,0.10498504340648651,0.1552489846944809,0.1049850657582283,0.10498504340648651,0.10498504340648651
2253,,0.5536710821761621,-0.0016539677224539637,0.06951507180929184,0.06968926638364792,0.06951519846916199,0.5132201910018921,0.06951508671045303,0.06951507180929184,0.06951507180929184,0.06951507180929184
2254,,0.5549053346422614,0.002226735040294995,0.12496451288461685,0.12496451288461685,0.12496451288461685,0.12496451288461685,0.12524834275245667,0.12496451288461685,0.12496452778577805,0.12496451288461685
2255,,0.549816639980481,-0.009212690197119606,0.12364708632230759,0.12364708632230759,0.12369783222675323,0.12364708632230759,0.13441960513591766,0.12364708632230759,0.12364708632230759,0.12364708632230759
2256,,0.5502382986732884,0.0007666139183447704,0.11976920068264008,0.1199883446097374,0.12633956968784332,0.11976920068264008,0.15482604503631592,0.11976920068264008,0.11976920068264008,0.11976920068264008
2257,,0.5502282054884144,-1.8343465859480942e-05,0.12497762590646744,0.12497762590646744,0.12515664100646973,0.12497762590646744,0.12497762590646744,0.12497762590646744,0.12497762590646744,0.12497762590646744
2258,,0.5510114607900256,0.0014224976772486148,0.125,0.125,0.125,0.1250000149011612,0.125,0.125,0.125,0.125
2259,,0.5512060841729237,0.0003531487696058521,0.12498533725738525,0.12498533725738525,0.1251021921634674,0.12498573958873749,0.12498535215854645,0.12498533725738525,0.12498533725738525,0.12498533725738525
2260,,0.5506525340759488,-0.0010047571156154924,0.11801009625196457,0.11801009625196457,0.11838821321725845,0.1735498309135437,0.118011474609375,0.11801009625196457,0.11801009625196457,0.11801009625196457
2261,,0.5495275102909708,-0.0020451637581943116,0.125,0.125,0.125,0.1250000149011612,0.125,0.125,0.125,0.125
2262,,0.5505966125515893,0.0019436035897640494,0.125,0.125,0.125,0.125,0.125,0.125,0.125,0.125
2263,,0.5521895034506988,0.0028888503106426805,0.12499701976776123,0.12499701976776123,0.12499701976776123,0.12499701976776123,0.12499701976776123,0.12499701976776123,0.12502090632915497,0.12499701976776123
2264,,0.5529896124126333,0.0014479265672599378,0.125,0.125,0.125,0.125,0.125,0.125,0.125,0.125
2265,,0.5551317755339618,0.0038663016761550035,0.125,0.125,0.125,0.125,0.1250000298023224,0.125,0.125,0.125
2266,,0.552961728323003,-0.0039167272032266335,0.06750325858592987,0.37680381536483765,0.18527714908123016,0.06750325858592987,0.06750325858592987,0.10040275007486343,0.06750325858592987,0.06750325858592987
2267,,0.5548407720358308,0.003392383595926976,0.1250002235174179,0.12500053644180298,0.12499988079071045,0.12499988079071045,0.12499988079071045,0.12499988079071045,0.12499988079071045,0.12499988079071045
2268,,0.5567003708117957,0.0033459859275159743,0.12548968195915222,0.12635177373886108,0.12476937472820282,0.12467752397060394,0.12467752397060394,0.1246790811419487,0.12467752397060394,0.12467752397060394
2269,,0.5591359349506883,0.004365457539312486,0.125,0.125,0.125,0.125,0.125,0.125,0.125,0.125
2270,,0.5582787307633045,-0.0015342636567034329,0.12490713596343994,0.12490396201610565,0.12566915154457092,0.12490396201610565,0.12490396201610565,0.12490396201610565,0.12490396201610565,0.12490396201610565
2271,,0.5579192561351867,-0.0006441055167008555,0.12494353204965591,0.12494397908449173,0.12494353204965591,0.12494353204965591,0.12539474666118622,0.12494353204965591,0.12494353204965591,0.12494353204965591
2272,,0.5582744678417471,0.0006364696574103305,0.1249985545873642,0.12501013278961182,0.1249985545873642,0.1249985545873642,0.1249985545873642,0.1249985545873642,0.1249985545873642,0.1249985545873642
2273,,0.5604318824655721,0.0038569858797489597,0.125,0.125,0.125,0.125,0.125,0.125,0.125,0.125
2274,,0.5606541457286411,0.0003965142021066928,0.33190903067588806,0.09548439830541611,0.09543442726135254,0.09543442726135254,0.09543442726135254,0.09543442726135254,0.09543442726135254,0.09543442726135254
2275,,0.5600981579605216,-0.0009921689420558733,0.11739689111709595,0.11721140146255493,0.11721140146255493,0.11721140146255493,0.17933204770088196,0.11721408367156982,0.11721140146255493,0.11721140146255493
2276,,0.5607808600955139,0.0012181550522698044,0.12475956231355667,0.12488973885774612,0.12475808709859848,0.12523116171360016,0.12608769536018372,0.12475792318582535,0.12475792318582535,0.12475792318582535
2277,,0.5590901433530517,-0.0030194871048898632,0.12500320374965668,0.12499953806400299,0.12499953806400299,0.12499953806400299,0.12499953806400299,0.12499953806400299,0.12499953806400299,0.12499953806400299
2278,,0.5575023222213492,-0.002844049643768365,0.125,0.125,0.125,0.125,0.125,0.125,0.125,0.125
2279,,0.5586602862424155,0.0020749027565095442,0.12499997019767761,0.12499997019767761,0.12499997019767761,0.12499997019767761,0.12499997019767761,0.12499997019767761,0.12500019371509552,0.12499997019767761
2280,,0.5603522449819134,0.003024023380721658,0.12499704957008362,0.12499704957008362,0.12499704957008362,0.12499704957008362,0.12502065300941467,0.12499704957008362,0.12499706447124481,0.12499704957008362
2281,,0.5606531290836027,0.0005368111801701653,0.125,0.125,0.125,0.125,0.125,0.125,0.125,0.125
2282,,0.560123500256293,-0.0009451104758404364,0.1249999850988388,0.12499997019767761,0.1250002682209015,0.12499997019767761,0.12499997019767761,0.12499997019767761,0.12499997019767761,0.12499997019767761
2283,,0.5600863876532858,-6.626008825899562e-05,0.125,0.125,0.125,0.125,0.125,0.125,0.125,0.125
2284,,0.5599782864406213,-0.00019302673408122927,0.125,0.125,0.1250000149011612,0.125,0.125,0.125,0.125,0.125
2285,,0.5585774605555509,-0.0025047059499329607,0.12499380111694336,0.12499380111694336,0.12504331767559052,0.12499387562274933,0.12499380111694336,0.12499380111694336,0.12499380111694336,0.12499380111694336
2286,,0.5580449306334939,-0.0009538228261096827,0.09022291004657745,0.09022293239831924,0.09101951867341995,0.09193529933691025,0.09022291004657745,0.09022291004657745,0.36593058705329895,0.09022291004657745
2287,,0.5574412556827075,-0.0010823531785959257,0.05284906178712845,0.4252268075942993,0.07753889262676239,0.055276211351156235,0.05284905433654785,0.23056192696094513,0.05284905433654785,0.05284905433654785
2288,,0.557864872199239,0.0007596417276157074,0.12494657933712006,0.12536393105983734,0.12493392080068588,0.12493386119604111,0.12493386119604111,0.12493639439344406,0.12501637637615204,0.12493506819009781
2289,,0.5589418741180782,0.0019287173116688348,0.12497609108686447,0.12497609108686447,0.12497609108686447,0.12497609108686447,0.12497609108686447,0.12500426173210144,0.12513919174671173,0.12497609108686447
2290,,0.5600984895739396,0.002067156655386521,0.03743588924407959,0.03738261014223099,0.4537815451622009,0.03738262876868248,0.03808480501174927,0.03738261014223099,0.32116732001304626,0.03738261014223099
2291,,0.5594623863956356,-0.0011363441870938034,0.08263451606035233,0.08262516558170319,0.08290354162454605,0.08262518048286438,0.2776917815208435,0.08262516558170319,0.2262689471244812,0.08262573182582855
2292,,0.5613846205536718,0.00342997042532966,0.1249999850988388,0.1249999850988388,0.1249999850988388,0.1249999850988388,0.1250000298023224,0.1249999850988388,0.1249999850988388,0.1250000149011612
2293,,0.5598170364351577,-0.0027962590496774043,0.09669391065835953,0.09669391065835953,0.31360891461372375,0.10622663050889969,0.09669487923383713,0.09669391065835953,0.09669391065835953,0.09669391065835953
2294,,0.5602811150175522,0.0008286391837130227,0.06005004048347473,0.06005004048347473,0.579649806022644,0.06005004048347473,0.06005004048347473,0.06005004048347473,0.06005004048347473,0.06005004048347473
2295,,0.5591393223093105,-0.002039971874965871,0.125,0.125,0.125,0.125,0.125,0.125,0.125,0.125
2296,,0.5591288857916764,-1.8665500027258424e-05,0.07386349141597748,0.07386349141597748,0.07386349141597748,0.07386349141597748,0.48295554518699646,0.07386349141597748,0.07386349141597748,0.07386349141597748
2297,,0.5596003091494697,0.0008427837368126657,0.12496859580278397,0.12496859580278397,0.12496859580278397,0.12518809735774994,0.12500028312206268,0.12496859580278397,0.12496859580278397,0.12496859580278397
2298,,0.5591806206657857,-0.0007502603810736698,0.125,0.125,0.125,0.125,0.125,0.125,0.125,0.125
2299,,0.5595177267345021,0.0006026755643348961,0.125,0.125,0.125,0.125,0.125,0.125,0.125,0.125
2300,,0.5610914382756403,0.0028086733980294343,0.125,0.125,0.125,0.125,0.125,0.125,0.125,0.125
2301,,0.5609898163468073,-0.0001811311412469446,0.125,0.125,0.125,0.125,0.1250000149011612,0.125,0.125,0.125
2302,,0.5620372598243174,0.001865393637369962,0.12499697506427765,0.12499697506427765,0.12499697506427765,0.12499697506427765,0.12502115964889526,0.12499697506427765,0.12499697506427765,0.12499697506427765
2303,,0.562615200182323,0.0010277671181648021,0.125,0.125,0.125,0.125,0.125,0.125,0.125,0.125
2304,,0.561600380768729,-0.0018053827156139374,0.12499910593032837,0.12499910593032837,0.12500621378421783,0.12499910593032837,0.12499910593032837,0.12499910593032837,0.12499910593032837,0.12499910593032837
2305,,0.5611854350937011,-0.0007391359742112031,0.125,0.125,0.125,0.125,0.125,0.125,0.125,0.125
2306,,0.5629714862217949,0.003177585970514794,0.12074977904558182,0.12074977904558182,0.12074977904558182,0.12074977904558182,0.15475156903266907,0.12074977904558182,0.12074977904558182,0.12074977904558182
2307,,0.5590092669219411,-0.007062930019088944,0.12494409829378128,0.12494409829378128,0.12494409829378128,0.12539128959178925,0.12494409829378128,0.12494409829378128,0.12494409829378128,0.12494409829378128
2308,,0.5595271915525581,0.0009260756119446286,0.125,0.125,0.125,0.125,0.125,0.125,0.125,0.125
2309,,0.55849631178233,-0.0018441116117864536,0.125,0.125,0.125,0.125,0.125,0.125,0.125,0.125
2310,,0.556874543086297,-0.0029080369669905386,0.12496361881494522,0.12496361881494522,0.12496361881494522,0.12496361881494522,0.12525469064712524,0.12496361881494522,0.12496361881494522,0.12496361881494522
2311,,0.553466516108624,-0.006138722245312214,0.14766401052474976,0.12176138162612915,0.12176135182380676,0.12176136672496796,0.12176761776208878,0.12176135182380676,0.12176155298948288,0.12176135182380676
2312,,0.5505863222137976,-0.005217504685744817,0.10325884073972702,0.10325927287340164,0.10325872153043747,0.10326012223958969,0.2768165171146393,0.10325872153043747,0.10362905263900757,0.10325872153043747
2313,,0.5507203330255875,0.00024336693474766286,0.12480398267507553,0.12480398267507553,0.12480553239583969,0.12480398267507553,0.12637057900428772,0.12480398267507553,0.12480398267507553,0.12480398267507553
2314,,0.5513226000048838,0.0010930010459725306,0.12486674636602402,0.12486674636602402,0.1259307861328125,0.12486680597066879,0.12486674636602402,0.12486841529607773,0.12486692517995834,0.12486674636602402
2315,,0.550526124074005,-0.0014457085663350272,0.11449143290519714,0.11449143290519714,0.11449143290519714,0.11449143290519714,0.11449305713176727,0.11449143290519714,0.1985582560300827,0.11449143290519714
2316,,0.5548727948239894,0.007864478749028387,0.028656678274273872,0.028570586815476418,0.07743648439645767,0.02854638546705246,0.7511509656906128,0.028546245768666267,0.028546323999762535,0.028546245768666267
2317,,0.5535057575402956,-0.0024667348063611284,0.08192703127861023,0.11375964432954788,0.08192700147628784,0.39467835426330566,0.08192700147628784,0.08192700147628784,0.08192700147628784,0.08192700147628784
2318,,0.5533745235764518,-0.00023712404439323859,0.3510677218437195,0.104383684694767,0.09206423163414001,0.09049840271472931,0.0904965028166771,0.0904965028166771,0.0904965028166771,0.0904965028166771
2319,,0.5524967585205934,-0.0015874636667072796,0.1478865146636963,0.0218360498547554,0.021832643076777458,0.21219293773174286,0.5303107500076294,0.021832644939422607,0.021832650527358055,0.022275807335972786
2320,,0.5486231066464269,-0.007035869529965639,0.027357038110494614,0.027364248409867287,0.027357308194041252,0.6789812445640564,0.15686900913715363,0.027357077226042747,0.02735709398984909,0.027357038110494614
2321,,0.5495011360774542,0.0015991444027535762,0.01983528584241867,0.180881530046463,0.24422572553157806,0.2970019280910492,0.01986619643867016,0.01983073726296425,0.02187347412109375,0.19648511707782745
2322,,0.5485732225265201,-0.0016900745646851404,0.41327255964279175,0.06920260936021805,0.06889389455318451,0.17307120561599731,0.06885909289121628,0.06885909289121628,0.06898250430822372,0.06885909289121628
2323,,0.5492409913586317,0.0012165426645465028,0.14945927262306213,0.14960403740406036,0.14393194019794464,0.30739477276802063,0.02029924839735031,0.03552532196044922,0.1315227448940277,0.062262650579214096
2324,,0.5478641903233401,-0.0025098810597982387,0.015453238971531391,0.12906266748905182,0.014722911641001701,0.2889951169490814,0.17942219972610474,0.014689790084958076,0.21137139201164246,0.14628268778324127
2325,,0.5485880098924562,0.0013202940796124662,0.125,0.125,0.125,0.125,0.125,0.125,0.125,0.125
2326,,0.5503052667778328,0.00312543232309827,0.12500004470348358,0.125,0.125,0.125,0.125,0.125,0.125,0.125
2327,,0.5501437383902632,-0.0002935681489483895,0.12499105930328369,0.12499105930328369,0.12499105930328369,0.12506258487701416,0.12499105930328369,0.12499105930328369,0.12499105930328369,0.12499105930328369
2328,,0.549937858512288,-0.00037429929008616123,0.12496057897806168,0.12493368238210678,0.12541593611240387,0.12495505064725876,0.12493368238210678,0.12493368238210678,0.12493368238210678,0.12493368238210678
2329,,0.5510164403104212,0.001959358611616341,0.12497013062238693,0.12497293204069138,0.1251717209815979,0.12496975809335709,0.12496975809335709,0.12500621378421783,0.12496977299451828,0.12496975809335709
2330,,0.55150442285964,0.0008852124207084243,0.21970036625862122,0.11146770417690277,0.11146770417690277,0.11147304624319077,0.11146770417690277,0.11148800700902939,0.11146770417690277,0.11146784573793411
2331,,0.5518525547185275,0.0006310412269368567,0.05135472118854523,0.05135472118854523,0.6370725035667419,0.052838560193777084,0.05326324701309204,0.05135472118854523,0.05140676349401474,0.05135473236441612
2332,,0.5514500361531789,-0.0007296612670675796,0.12925630807876587,0.12427626550197601,0.12427586317062378,0.12427577376365662,0.12429474294185638,0.12506753206253052,0.12427577376365662,0.1242777481675148
2333,,0.5515118439110132,0.00011207596385003829,0.12499910593032837,0.12500619888305664,0.12499910593032837,0.12499910593032837,0.12499910593032837,0.12499910593032837,0.12499912083148956,0.12499910593032837
2334,,0.5521249040177413,0.001110981798922758,0.12499816715717316,0.1250128298997879,0.12499816715717316,0.12499816715717316,0.12499816715717316,0.12499816715717316,0.12499816715717316,0.12499816715717316
2335,,0.5533913651412644,0.002291167869479309,0.125,0.125,0.125,0.125,0.125,0.125,0.125,0.125
2336,,0.5540338839786124,0.0011603833485900757,0.12426551431417465,0.13013982772827148,0.12426551431417465,0.12426551431417465,0.12426552921533585,0.12426703423261642,0.12426551431417465,0.12426551431417465
2337,,0.5541877200754785,0.0002776269606932571,0.12367263436317444,0.12375436723232269,0.12367263436317444,0.12367263436317444,0.13361600041389465,0.12367263436317444,0.12426643818616867,0.12367263436317444
2338,,0.554713207090208,0.0009477619527429431,0.125,0.125,0.125,0.125,0.125,0.125,0.125,0.125
2339,,0.552312364581907,-0.004337472112278582,0.05082397162914276,0.3819338083267212,0.05082397907972336,0.0509260855615139,0.05082397162914276,0.312101811170578,0.0517423041164875,0.05082402750849724
2340,,0.5492217750209902,-0.005611442368562888,0.125,0.125,0.125,0.125,0.125,0.125,0.125,0.125
2341,,0.550510043593609,0.002342878763889659,0.1409132033586502,0.1227266788482666,0.1227266788482666,0.1227266788482666,0.1227266788482666,0.1227266788482666,0.1227266788482666,0.1227266788482666
2342,,0.5497423138583792,-0.0013955523105772956,0.17298123240470886,0.11814527958631516,0.11814527958631516,0.11814536899328232,0.11814527958631516,0.11814527958631516,0.11814527958631516,0.11814703047275543
2343,,0.5508576521593692,0.0020267830587510096,0.2626709043979645,0.10547444969415665,0.10528115928173065,0.10530441254377365,0.10528119653463364,0.10528616607189178,0.10528138279914856,0.10542034357786179
2344,,0.5503741460172006,-0.0008781188012155411,0.03323958441615105,0.03323958441615105,0.03323958441615105,0.03897012770175934,0.2332180291414261,0.03323958441615105,0.03323958441615105,0.561613917350769
2345,,0.5492516634312411,-0.0020415726262368963,0.034871917217969894,0.3995170593261719,0.028895122930407524,0.0773286521434784,0.028895119205117226,0.029017604887485504,0.372579425573349,0.028895119205117226
2346,,0.5481823327619543,-0.0019487841845939966,0.1249997466802597,0.1249997466802597,0.1249997466802597,0.12500174343585968,0.1249997466802597,0.1249997466802597,0.1249997466802597,0.1249997615814209
2347,,0.5482467605830805,0.00011752300553043633,0.12485645711421967,0.12485659122467041,0.12485645711421967,0.12485645711421967,0.12485645711421967,0.12485645711421967,0.12485715746879578,0.12600405514240265
2348,,0.547798570755777,-0.0008178308678838005,0.125,0.125,0.125,0.125,0.125,0.125,0.125,0.125
2349,,0.5476465435366478,-0.0002775624595367574,0.29206767678260803,0.08613667637109756,0.08613667637109756,0.19111225008964539,0.08613668382167816,0.08613667637109756,0.08613667637109756,0.08613668382167816
2350,,0.5459437505370514,-0.003114135860462453,0.125,0.125,0.125,0.125,0.125,0.125,0.125,0.125
2351,,0.5419822846860487,-0.007282633619080258,0.07994532585144043,0.07994532585144043,0.44038257002830505,0.07994532585144043,0.07994532585144043,0.07994545996189117,0.07994532585144043,0.07994532585144043
2352,,0.5435748188892335,0.0029340425121771744,0.1110834851861,0.11108338832855225,0.11108338832855225,0.12822860479354858,0.12008728832006454,0.1962670534849167,0.11108338832855225,0.11108338832855225
2353,,0.5430821347122544,-0.000906788861205994,0.12499994039535522,0.12499994039535522,0.12499994039535522,0.12499994039535522,0.12499995529651642,0.12499994039535522,0.12499994039535522,0.12500041723251343
2354,,0.543405003604975,0.0005943354335969974,0.12499989569187164,0.12499989569187164,0.12499991059303284,0.12499989569187164,0.1250007599592209,0.12499989569187164,0.12499989569187164,0.12499989569187164
2355,,0.5453203733985179,0.0035185581415902558,0.12499988079071045,0.12499988079071045,0.12499988079071045,0.12499988079071045,0.12499989569187164,0.12499988079071045,0.12499988079071045,0.12500084936618805
2356,,0.5459243254316164,0.0011069049781619,0.125,0.125,0.125,0.125,0.125,0.125,0.125,0.125
2357,,0.546514555300813,0.0010805729035058443,0.1249999850988388,0.12500008940696716,0.1249999850988388,0.1249999850988388,0.1249999850988388,0.1250000149011612,0.1249999850988388,0.1249999850988388
2358,,0.5479178025999827,0.002564339509883564,0.1249999850988388,0.1249999850988388,0.1249999850988388,0.1249999850988388,0.12500010430812836,0.1249999850988388,0.1249999850988388,0.1249999850988388
2359,,0.5481582933118321,0.00043882120339190856,0.12500034272670746,0.12499995529651642,0.12499995529651642,0.12499995529651642,0.12499995529651642,0.12499995529651642,0.12499995529651642,0.12499995529651642
2360,,0.5467491297992526,-0.0025740336778927388,0.08884226530790329,0.08804634213447571,0.08804634213447571,0.08804634213447571,0.11328335106372833,0.08804634213447571,0.3565537631511688,0.08913525193929672
2361,,0.5437129036429033,-0.005568711077474032,0.01937810145318508,0.2912267744541168,0.09510268270969391,0.3897736668586731,0.01937810145318508,0.01937810331583023,0.01937810331583023,0.14638447761535645
2362,,0.5430900240804793,-0.0011462604944017518,0.17114326357841492,0.02547452785074711,0.318388968706131,0.02547452785074711,0.0255296528339386,0.02547452785074711,0.3830397129058838,0.025474878028035164
2363,,0.5433242165142003,0.0004311291744854065,0.016099486500024796,0.24964389204978943,0.008729002438485622,0.25498032569885254,0.01393624022603035,0.21972204744815826,0.22795140743255615,0.008937587030231953
2364,,0.5422180339546216,-0.002038028353081231,0.12344086915254593,0.12344086915254593,0.12344086915254593,0.1359139233827591,0.12344086915254593,0.12344086915254593,0.12344086915254593,0.12344086915254593
2365,,0.5430812978154792,0.001590831243778461,0.12499338388442993,0.12499338388442993,0.12499338388442993,0.12499338388442993,0.1250462681055069,0.12499338388442993,0.12499338388442993,0.12499338388442993
2366,,0.5422249981426824,-0.0015779874375945898,0.12499995529651642,0.12499995529651642,0.12500032782554626,0.12499995529651642,0.12499995529651642,0.12499995529651642,0.12499995529651642,0.12499995529651642
2367,,0.5438695721481116,0.0030284200056340054,0.125,0.125,0.125,0.125,0.12500004470348358,0.125,0.125,0.125
2368,,0.5430249697651502,-0.0015541573177455833,0.12497354298830032,0.12497354298830032,0.12497354298830032,0.12497354298830032,0.12518516182899475,0.12497354298830032,0.12497354298830032,0.12497354298830032
2369,,0.5420272292349653,-0.0018390650925629156,0.12498955428600311,0.12498943507671356,0.12498942017555237,0.12498942017555237,0.12507392466068268,0.12498942017555237,0.12498942017555237,0.12498942017555237
2370,,0.5430059449112284,0.0018040295265091908,0.125,0.125,0.125,0.125,0.125,0.125,0.125,0.125
2371,,0.5443132678218099,0.0024046729336389032,0.1249879002571106,0.12508425116539001,0.1249879002571106,0.1249879002571106,0.12498822808265686,0.1249879002571106,0.12498793005943298,0.1249879002571106
2372,,0.543385391826644,-0.0017061273580000619,0.125,0.125,0.125,0.125,0.125,0.125,0.125,0.125
2373,,0.5445626833707686,0.002164243001104645,0.125,0.125,0.125,0.125,0.1250000298023224,0.125,0.125,0.125
2374,,0.5428984995447069,-0.0030606795926992956,0.12481912225484848,0.12626536190509796,0.12481912225484848,0.12481912225484848,0.12481998652219772,0.12481912225484848,0.12481912225484848,0.12481912225484848
2375,,0.5429973234867026,0.0001820136705061048,0.125,0.125,0.125,0.125,0.1250000298023224,0.125,0.125,0.125
2376,,0.5422811147877781,-0.0013198618486054002,0.125,0.125,0.125,0.125,0.125,0.125,0.125,0.125
2377,,0.5411697316719416,-0.0020515623930281337,0.125,0.125,0.125,0.125,0.125,0.125,0.125,0.125
2378,,0.5422332200665001,0.001963237656747703,0.125,0.125,0.125,0.125,0.125,0.125,0.125,0.125
2379,,0.5416025122595245,-0.0011638440390129732,0.12499991059303284,0.12500062584877014,0.12499991059303284,0.12499991059303284,0.12499991059303284,0.12499991059303284,0.12499991059303284,0.12499991059303284
2380,,0.5407940666755084,-0.0014938068912707125,0.12499895691871643,0.12500721216201782,0.12499900162220001,0.12499895691871643,0.12499895691871643,0.12499895691871643,0.12499895691871643,0.12499895691871643
2381,,0.5410334393821767,0.0004425339700358699,0.1249997466802597,0.12500014901161194,0.12500137090682983,0.1249997466802597,0.1249997466802597,0.1249997466802597,0.1249997466802597,0.1249997466802597
2382,,0.5416894194654661,0.0012117231259912242,0.12499997019767761,0.12500013411045074,0.12499997019767761,0.12499997019767761,0.12499997019767761,0.12499997019767761,0.12499997019767761,0.12499997019767761
2383,,0.5401501510179104,-0.0028456520324607716,0.12499973177909851,0.12500016391277313,0.12500213086605072,0.12499961256980896,0.12499961256980896,0.12499961256980896,0.12499962747097015,0.12499961256980896
2384,,0.5392178753006901,-0.0017274477774403632,0.10847442597150803,0.11216361820697784,0.10849734395742416,0.10847309231758118,0.10847309231758118,0.10847309231758118,0.23697230219841003,0.10847309231758118
2385,,0.5401051332476974,0.001644101237238443,0.12166731804609299,0.12166719883680344,0.14832951128482819,0.12166718393564224,0.12166718393564224,0.12166718393564224,0.12166718393564224,0.12166718393564224
2386,,0.541309454810111,0.0022273087002709787,0.08418102562427521,0.08855801075696945,0.0854489654302597,0.08418102562427521,0.40053051710128784,0.08873844891786575,0.08418102562427521,0.08418102562427521
2387,,0.5424626792950507,0.0021281686138714577,0.08030229061841965,0.19940665364265442,0.080304816365242,0.08030229061841965,0.26731568574905396,0.08133599907159805,0.13072998821735382,0.08030229061841965
2388,,0.5398087432964647,-0.004904391380555204,0.03369636833667755,0.251025915145874,0.033923208713531494,0.03369636833667755,0.033713020384311676,0.03369636833667755,0.03369636833667755,0.5465523600578308
2389,,0.5407056184522563,0.0016600896638055032,0.12425937503576279,0.12477906793355942,0.12425936013460159,0.12495554983615875,0.12896853685379028,0.12425942718982697,0.12425937503576279,0.12425936013460159
2390,,0.537683664643738,-0.005604584107411928,0.18519935011863708,0.10383911430835724,0.10996309667825699,0.15908661484718323,0.10024550557136536,0.2013782113790512,0.08054205030202866,0.05974600836634636
2391,,0.5388049665288471,0.002083258955409916,0.09983760863542557,0.09983760863542557,0.0998377874493599,0.09986226260662079,0.09983761608600616,0.09983833134174347,0.09983772784471512,0.30111104249954224
2392,,0.5380495383237841,-0.0014030276617308121,0.3444485664367676,0.07400103658437729,0.07398445159196854,0.07614700496196747,0.07398327440023422,0.16215330362319946,0.07398342341184616,0.12129896134138107
2393,,0.5370489446507661,-0.0018613996350454946,0.12499982118606567,0.12499982118606567,0.12499982118606567,0.12499982118606567,0.12499982118606567,0.12500129640102386,0.12499982118606567,0.12499982118606567
2394,,0.5332066055967474,-0.007180258137637419,0.01810392551124096,0.40732911229133606,0.014323312789201736,0.09372372180223465,0.1622934490442276,0.014952948316931725,0.2284778505563736,0.0607956238090992
2395,,0.531630072401902,-0.002961081974992457,0.12488554418087006,0.1258011907339096,0.12488554418087006,0.12488554418087006,0.12488554418087006,0.12488555908203125,0.12488554418087006,0.12488554418087006
2396,,0.5326533157396736,0.001922878181612574,0.059927068650722504,0.059926874935626984,0.29780611395835876,0.08392488211393356,0.31863051652908325,0.05993003770709038,0.059926874935626984,0.05992768332362175
2397,,0.5333910611787658,0.0013840803869691887,0.05899792164564133,0.07610085606575012,0.013977164402604103,0.013271814212203026,0.3434353470802307,0.013314426876604557,0.4676305055618286,0.013271939009428024
2398,,0.53434535668142,0.0017875118630188112,0.01958206109702587,0.019578536972403526,0.08888674527406693,0.019599048420786858,0.019578557461500168,0.4974672496318817,0.3071182370185852,0.028189565986394882
2399,,0.5334685500250577,-0.0016422465523551106,0.018140502274036407,0.050911787897348404,0.10433311760425568,0.43702155351638794,0.26622334122657776,0.017871685326099396,0.08762473613023758,0.017873315140604973
2400,,0.5353263215500375,0.0034763890534313755,0.1249053031206131,0.12570501863956451,0.12489864975214005,0.124898262321949,0.1248985305428505,0.12489809840917587,0.12489809840917587,0.12489809840917587
2401,,0.535291909920462,-6.428366074052956e-05,0.1249999850988388,0.12500013411045074,0.1249999850988388,0.1249999850988388,0.1249999850988388,0.1249999850988388,0.1249999850988388,0.1249999850988388
2402,,0.536550737382908,0.002348904560563887,0.125,0.125,0.125,0.125,0.125,0.125,0.125,0.125
2403,,0.5383581809614956,0.003362973831913681,0.1249999850988388,0.1249999850988388,0.1249999850988388,0.1249999850988388,0.12500011920928955,0.1249999850988388,0.1249999850988388,0.1249999850988388
2404,,0.5381315169561153,-0.0004211169120678575,0.125,0.125,0.125,0.125,0.125,0.125,0.125,0.125
2405,,0.5377299697865839,-0.0007464663307033031,0.12499234080314636,0.12499234080314636,0.12499234080314636,0.12499234080314636,0.12505364418029785,0.12499234080314636,0.12499234080314636,0.12499234080314636
2406,,0.5378763873423055,0.0002722511923726519,0.12499977648258209,0.12499977648258209,0.12499977648258209,0.12499977648258209,0.12499977648258209,0.12500156462192535,0.12499980628490448,0.12499977648258209
2407,,0.5376197267098548,-0.000477287893409554,0.125000461935997,0.12499994039535522,0.12499994039535522,0.12499994039535522,0.12499994039535522,0.12499994039535522,0.12499994039535522,0.12499994039535522
2408,,0.5392305774856117,0.0029917844123938777,0.125,0.125,0.125,0.125,0.12500004470348358,0.125,0.125,0.125
2409,,0.5390093882590163,-0.00041027829931209776,0.125,0.125,0.125,0.1250000149011612,0.125,0.1250000149011612,0.125,0.125
2410,,0.5397994259217004,0.0014646484039271092,0.12499746680259705,0.12499752640724182,0.12499746680259705,0.1250135451555252,0.12499746680259705,0.12500160932540894,0.12499746680259705,0.12499746680259705
2411,,0.5400725708563524,0.0005058839219688238,0.125,0.125,0.125,0.125,0.125,0.125,0.125,0.1250000149011612
2412,,0.5396780431743793,-0.0007307755965202008,0.11459238082170486,0.11459270119667053,0.11459238082170486,0.11459238082170486,0.1978529393672943,0.11459238082170486,0.11459238082170486,0.11459238082170486
2413,,0.5396286489654234,-9.152951491927037e-05,0.1249023824930191,0.1249023824930191,0.1249023824930191,0.1249023824930191,0.12568329274654388,0.1249023824930191,0.1249023824930191,0.1249023824930191
2414,,0.5387852034929247,-0.0015642336985127138,0.3788618743419647,0.0887337177991867,0.08873368054628372,0.08873368054628372,0.08873599767684937,0.08873368054628372,0.08873368054628372,0.08873368054628372
2415,,0.5385002597339994,-0.0005290032684870578,0.125,0.125,0.125,0.125,0.125,0.125,0.125,0.125
2416,,0.5391511706477145,0.0012080176846069061,0.12283384054899216,0.12283384054899216,0.12283384054899216,0.14016306400299072,0.12283384054899216,0.12283384054899216,0.12283384054899216,0.12283384054899216
2417,,0.5386872662389093,-0.0008608051477375842,0.11849582940340042,0.11849493533372879,0.170527383685112,0.1185033991932869,0.11849461495876312,0.11849461495876312,0.11849461495876312,0.11849461495876312
2418,,0.5393372999202506,0.0012059720724912066,0.12501166760921478,0.12519873678684235,0.12496493011713028,0.12496493011713028,0.12496493011713028,0.12496493011713028,0.12496493011713028,0.12496493011713028
2419,,0.534728086006288,-0.008582796296950246,0.07334031909704208,0.22864924371242523,0.09287219494581223,0.2698003649711609,0.07335154712200165,0.07334031909704208,0.07334031909704208,0.11530568450689316
2420,,0.5331545942237305,-0.0029469396787321555,0.047395702451467514,0.047395702451467514,0.047395702451467514,0.047395702451467514,0.047395702451467514,0.047395702451467514,0.6682300567626953,0.047395702451467514
2421,,0.5356381820182109,0.004647472026264821,0.32540416717529297,0.08520540595054626,0.011262115091085434,0.1165427416563034,0.011253886856138706,0.01125403307378292,0.30084583163261414,0.13823182880878448
2422,,0.5344672271735131,-0.0021884859229645884,0.12499071657657623,0.125064879655838,0.1249907910823822,0.12499077618122101,0.12499071657657623,0.12499071657657623,0.12499071657657623,0.12499071657657623
2423,,0.535655318355653,0.0022204777859558653,0.12356026470661163,0.12356067448854446,0.1350729912519455,0.12356503307819366,0.12356026470661163,0.12356026470661163,0.12356026470661163,0.12356026470661163
2424,,0.5345516224028157,-0.0020625849115478998,0.12499991059303284,0.12500059604644775,0.12499991059303284,0.12499991059303284,0.12499995529651642,0.12499991059303284,0.12499991059303284,0.12499991059303284
2425,,0.5377049408463244,0.005881666090135508,0.09007254987955093,0.09007254987955093,0.09007254987955093,0.09007254987955093,0.3435755968093872,0.09007731080055237,0.11598428338766098,0.09007254987955093
2426,,0.5372615409107945,-0.0008249558813248508,0.125,0.125,0.125,0.125,0.125,0.125,0.125,0.125
2427,,0.538883954308433,0.0030152328547474847,0.12499645352363586,0.12499652802944183,0.12502478063106537,0.12499645352363586,0.12499645352363586,0.12499645352363586,0.12499645352363586,0.12499645352363586
2428,,0.5401600837306855,0.002365297378460188,0.09674444794654846,0.32278895378112793,0.09674442559480667,0.09674442559480667,0.09674442559480667,0.09674442559480667,0.09674442559480667,0.09674442559480667
2429,,0.5398934354872863,-0.0004937685847453946,0.11556130647659302,0.1910686194896698,0.11556130647659302,0.11556130647659302,0.11556349694728851,0.11556130647659302,0.11556130647659302,0.11556130647659302
2430,,0.538910234243941,-0.0018227626456091986,0.05220496654510498,0.05220496654510498,0.05220496654510498,0.05220499262213707,0.6345651745796204,0.05220496654510498,0.05220496654510498,0.05220496654510498
2431,,0.538605748543507,-0.000565162305529834,0.07674985378980637,0.07675207406282425,0.43762922286987305,0.07674985378980637,0.10186941921710968,0.07674985378980637,0.07674985378980637,0.07674985378980637
2432,,0.5382128816829572,-0.0007296806852207011,0.11236158758401871,0.21293853223323822,0.11236169934272766,0.11236158758401871,0.11256103217601776,0.11236158758401871,0.1123618334531784,0.11269214004278183
2433,,0.5376706715044911,-0.0010079347765171171,0.10153801739215851,0.10153801739215851,0.10153801739215851,0.10153801739215851,0.28923383355140686,0.10153801739215851,0.10153801739215851,0.10153801739215851
2434,,0.5408558292548759,0.005906515988560862,0.12501804530620575,0.12499742209911346,0.12499742209911346,0.12499742209911346,0.12499742209911346,0.12499742209911346,0.12499742209911346,0.12499742209911346
2435,,0.541353075933658,0.0009189477399241975,0.12468075007200241,0.12753532826900482,0.1246306523680687,0.1246306523680687,0.1246306523680687,0.1246306523680687,0.1246306523680687,0.1246306523680687
2436,,0.5414846247135988,0.00024297044794326013,0.125,0.125,0.125,0.125,0.125,0.125,0.125,0.125
2437,,0.5419577371328234,0.0008733504724517556,0.1349095106124878,0.12325194478034973,0.12325194478034973,0.12538030743598938,0.12325194478034973,0.12345042824745178,0.12325198203325272,0.12325194478034973
2438,,0.5410941727148111,-0.0015946873703207643,0.07925079017877579,0.07925079017877579,0.07925079017877579,0.07925079017877579,0.07925079762935638,0.07925079017877579,0.4452444612979889,0.07925079762935638
2439,,0.5393759172537143,-0.00318057283685156,0.7856765985488892,0.018274793401360512,0.018274793401360512,0.09589282423257828,0.023671379312872887,0.021660007536411285,0.018274793401360512,0.018274793401360512
2440,,0.536258573978214,-0.0057963035375370245,0.04089609161019325,0.023752905428409576,0.0757201686501503,0.12660279870033264,0.15211614966392517,0.33523187041282654,0.008902357891201973,0.2367776781320572
2441,,0.5360833116266804,-0.0003268777531622009,0.12179949879646301,0.12179949879646301,0.12179949879646301,0.1474035680294037,0.12179949879646301,0.12179949879646301,0.12179949879646301,0.12179949879646301
2442,,0.5356793756659266,-0.0007537787696265956,0.12499873340129852,0.12500886619091034,0.12499873340129852,0.12499873340129852,0.12499873340129852,0.12499873340129852,0.12499873340129852,0.12499873340129852
2443,,0.5363521259040532,0.0012550943241023801,0.125,0.125,0.125,0.125,0.125,0.125,0.125,0.125
2444,,0.5366693561419001,0.0005912840560925964,0.12499916553497314,0.12499916553497314,0.12499916553497314,0.12500561773777008,0.12499916553497314,0.12499916553497314,0.12499947845935822,0.12499916553497314
2445,,0.5360474855251287,-0.0011594311980207374,0.125,0.125,0.125,0.125,0.125,0.125,0.125,0.125
2446,,0.5359852078130666,-0.00011618621804951605,0.12499994039535522,0.12499994039535522,0.12499994039535522,0.12500043213367462,0.12499994039535522,0.1250000149011612,0.12499994039535522,0.12499994039535522
2447,,0.5362534451550487,0.0005003314268427516,0.125,0.125,0.125,0.125,0.12500005960464478,0.125,0.125,0.125
2448,,0.5349714394083434,-0.0023935335656041904,0.125,0.125,0.125,0.125,0.125,0.125,0.125,0.125
2449,,0.5353965977881168,0.0007944153550150611,0.12421915680170059,0.12421915680170059,0.12421915680170059,0.12421915680170059,0.12421915680170059,0.13046593964099884,0.12421915680170059,0.12421915680170059
2450,,0.5319180931542524,-0.0065182592903766995,0.07133893668651581,0.5006274580955505,0.07133893668651581,0.07133893668651581,0.07133893668651581,0.07133893668651581,0.0713389441370964,0.07133893668651581
2451,,0.5302114088770018,-0.0032137055657694255,0.125,0.125,0.125,0.125,0.125,0.125,0.125,0.125
2452,,0.5287036747753234,-0.0028476978822085616,0.12499991059303284,0.12500058114528656,0.12499991059303284,0.12499991059303284,0.12499991059303284,0.12499991059303284,0.12499991059303284,0.12499991059303284
2453,,0.5284842173766878,-0.00041517199244702917,0.12499982118606567,0.12500053644180298,0.1250004917383194,0.12499982118606567,0.12499982118606567,0.12499982118606567,0.12499982118606567,0.12499982118606567
2454,,0.5289703082958882,0.0009193604862188714,0.12499961256980896,0.1250026673078537,0.12499962747097015,0.12499962747097015,0.12499961256980896,0.12499961256980896,0.12499961256980896,0.12499961256980896
2455,,0.5285502387709252,-0.0007944423363151091,0.12492872029542923,0.12492872029542923,0.12492872029542923,0.12549886107444763,0.12492872029542923,0.12492872029542923,0.12492872029542923,0.12492872029542923
2456,,0.5299309451502552,0.002608845926414094,0.125,0.125,0.125,0.125,0.12500004470348358,0.125,0.125,0.125
2457,,0.5302498906004408,0.0006016812397514429,0.12499970197677612,0.12499970197677612,0.12499970197677612,0.12499970197677612,0.12500207126140594,0.12499970197677612,0.12499970197677612,0.12499970197677612
2458,,0.5315500670209095,0.0024490056925838173,0.12385661154985428,0.12385661154985428,0.12385757267475128,0.13298551738262177,0.12387391179800034,0.12385661154985428,0.12385661154985428,0.12385661154985428
2459,,0.5299983802782992,-0.0029234423575940486,0.12499909102916718,0.12499909102916718,0.12499909102916718,0.12499909102916718,0.12500637769699097,0.12499909102916718,0.12499909102916718,0.12499909102916718
2460,,0.5305383886210866,0.001018368066610185,0.12499995529651642,0.12499995529651642,0.12499995529651642,0.12500031292438507,0.12499995529651642,0.12499995529651642,0.12499995529651642,0.12499995529651642
2461,,0.5321457425742749,0.003025085501447154,0.12499997019767761,0.12499997019767761,0.12499997019767761,0.12499997019767761,0.1250002086162567,0.12499997019767761,0.12499997019767761,0.12499997019767761
2462,,0.5327555019760887,0.0011451943953945968,0.12499958276748657,0.12499958276748657,0.12499959766864777,0.1250028759241104,0.12499958276748657,0.12499958276748657,0.12499958276748657,0.12499958276748657
2463,,0.5329340060171653,0.00033500197085024815,0.125,0.125,0.1250000298023224,0.125,0.125,0.125,0.125,0.125
2464,,0.5353313529265804,0.0044883060446864855,0.12418531626462936,0.13070207834243774,0.12418600171804428,0.12418531626462936,0.12418531626462936,0.12418531626462936,0.12418531626462936,0.12418531626462936
2465,,0.5351764490612512,-0.000289402592157981,0.125,0.125,0.125,0.125,0.125,0.125,0.125,0.125
2466,,0.534683137380706,-0.0009221989908923206,0.12422996014356613,0.12796549499034882,0.1266547292470932,0.12422996014356613,0.12422996014356613,0.12422996014356613,0.12422996014356613,0.12422996014356613
2467,,0.5341286307321172,-0.0010376133850366236,0.12499865889549255,0.12499865889549255,0.12499865889549255,0.12499865889549255,0.1250094473361969,0.12499865889549255,0.12499865889549255,0.12499865889549255
2468,,0.5336530214718292,-0.0008908362318448284,0.125,0.125,0.125,0.125,0.1250000298023224,0.125,0.125,0.125
2469,,0.5338605481638394,0.0003888038532292008,0.12499508261680603,0.12499508261680603,0.12499508261680603,0.12499508261680603,0.12500710785388947,0.12499508261680603,0.12502233684062958,0.12499508261680603
2470,,0.5332968782285773,-0.001056395192952239,0.125,0.125,0.125,0.125,0.125,0.125,0.125,0.125
2471,,0.5335207561078318,0.0004197116270585111,0.125,0.1250000149011612,0.125,0.125,0.125,0.125,0.125,0.125
2472,,0.5324585082526349,-0.001992999755848972,0.12433833628892899,0.12433833628892899,0.12434203922748566,0.12433867156505585,0.1296275556087494,0.12433833628892899,0.12433833628892899,0.12433833628892899
2473,,0.5313476948535639,-0.002088376246622387,0.08040200173854828,0.08040200173854828,0.4371799826622009,0.08040200173854828,0.0804077610373497,0.08040200173854828,0.08040225505828857,0.08040200173854828
2474,,0.5356811067046094,0.008122434313010745,0.07882318645715714,0.44612959027290344,0.08035507053136826,0.07882318645715714,0.0793994665145874,0.07882318645715714,0.07882318645715714,0.07882318645715714
2475,,0.5352928981936118,-0.0007249634934644454,0.12491720169782639,0.1255532056093216,0.12491720169782639,0.12491746991872787,0.12493717670440674,0.12491720169782639,0.12492331117391586,0.12491720169782639
2476,,0.5362809580249717,0.001844128812294095,0.06421423703432083,0.16531388461589813,0.10447633266448975,0.06421423703432083,0.409137099981308,0.064215749502182,0.06421423703432083,0.06421423703432083
2477,,0.5370705580218349,0.0014712796832973467,0.12231562286615372,0.14379049837589264,0.12231572717428207,0.12231562286615372,0.12231562286615372,0.12231562286615372,0.12231562286615372,0.12231562286615372
2478,,0.53790050977351,0.0015441381474314043,0.12497396022081375,0.12497400492429733,0.12518222630023956,0.12497396022081375,0.12497397512197495,0.12497396022081375,0.12497396022081375,0.12497396022081375
2479,,0.5376212333645355,-0.0005193319745197203,0.10714289546012878,0.24999602138996124,0.10714366286993027,0.10714289546012878,0.10714289546012878,0.10714289546012878,0.10714581608772278,0.10714289546012878
2480,,0.540338754349618,0.005041980728456241,0.12499994039535522,0.12500007450580597,0.12499994039535522,0.12500034272670746,0.12499994039535522,0.12499994039535522,0.12499994039535522,0.12499994039535522
2481,,0.5393278466146411,-0.00187262999427818,0.1232498288154602,0.13725119829177856,0.1232498288154602,0.1232498288154602,0.1232498288154602,0.1232498288154602,0.1232498288154602,0.1232498288154602
2482,,0.5400329443481543,0.0013065100005763828,0.06089405342936516,0.5136346220970154,0.1209927350282669,0.06089406833052635,0.06089405342936516,0.060894083231687546,0.06090233102440834,0.06089405342936516
2483,,0.5381275170764176,-0.003534593084562781,0.08714809268712997,0.08715245872735977,0.08714809268712997,0.08714809268712997,0.08714810758829117,0.08714809268712997,0.389958918094635,0.08714809268712997
2484,,0.5357027414910074,-0.004516132204810028,0.08116225153207779,0.42686089873313904,0.08162462711334229,0.08116225153207779,0.08116228133440018,0.08116225153207779,0.08570318669080734,0.08116225153207779
2485,,0.5342709722746927,-0.002676271486809501,0.05551115795969963,0.05551116168498993,0.05551115795969963,0.05551116168498993,0.590796947479248,0.05551115795969963,0.07613608241081238,0.05551115795969963
2486,,0.5321297562280428,-0.004015786686848455,0.125,0.125,0.125,0.125,0.125,0.125,0.125,0.125
2487,,0.5306907067087782,-0.0027079839894850475,0.3819219768047333,0.05073792114853859,0.049466755241155624,0.32048848271369934,0.049346212297677994,0.049346212297677994,0.04934625327587128,0.049346212297677994
2488,,0.5325355208020316,0.00347022279334029,0.23486727476119995,0.10930086672306061,0.10930453985929489,0.10930086672306061,0.10930086672306061,0.10930086672306061,0.10932383686304092,0.10930086672306061
2489,,0.534647158898871,0.0039574121523670855,0.12501731514930725,0.12498334050178528,0.1250825673341751,0.12498334050178528,0.12498334050178528,0.12498334050178528,0.12498334050178528,0.12498334050178528
2490,,0.5339810276269066,-0.0012467037022654472,0.09801182150840759,0.09801176935434341,0.0980117917060852,0.31376734375953674,0.09801176935434341,0.09816192090511322,0.09801176935434341,0.09801176935434341
2491,,0.535924157311285,0.003632343965037873,0.125,0.125,0.125,0.125,0.125,0.125,0.125,0.125
2492,,0.5368792745171397,0.0017806010493087848,0.125,0.125,0.125,0.125,0.125,0.125,0.125,0.125
2493,,0.5366760120711539,-0.0003786715988527494,0.3187931478023529,0.08365321904420853,0.083656445145607,0.17928412556648254,0.08365321904420853,0.08365335315465927,0.08365324884653091,0.08365321904420853
2494,,0.5353307344433524,-0.0025098318426870453,0.12759780883789062,0.05862807482481003,0.5206127762794495,0.0586489699780941,0.05862807482481003,0.05862807482481003,0.05862807482481003,0.05862807482481003
2495,,0.5363892489836568,0.0019753571844698097,0.07754476368427277,0.07749103009700775,0.45742493867874146,0.07762579619884491,0.07747837901115417,0.07747837901115417,0.07747837901115417,0.07747837901115417
2496,,0.5332697893958694,-0.005832640719041715,0.125,0.125,0.125,0.125,0.125,0.125,0.125,0.125
2497,,0.5319106614637361,-0.0025519219182523816,0.125,0.125,0.125,0.125,0.125,0.125,0.125,0.125
2498,,0.5330774850450473,0.002191243258464505,0.12493757903575897,0.12493757903575897,0.12493760883808136,0.12493757903575897,0.12493757903575897,0.12493757903575897,0.1254369169473648,0.12493757903575897
2499,,0.5322744976639093,-0.0015074595931336152,0.125,0.125,0.125,0.125,0.125,0.125,0.125,0.125
2500,,0.5318598847385416,-0.0007792492249183914,0.14418403804302216,0.1222580224275589,0.12226749211549759,0.1222580224275589,0.12225806713104248,0.12225828319787979,0.1222580224275589,0.1222580224275589
2501,,0.5300659082122492,-0.0033787261687003864,0.125,0.125,0.125,0.125,0.125,0.125,0.125,0.125
2502,,0.5294578743428204,-0.001147749481773573,0.125,0.125,0.125,0.125,0.1250000298023224,0.125,0.125,0.125
2503,,0.5311010096109243,0.0030986239569984224,0.125,0.125,0.125,0.125,0.125,0.125,0.125,0.125
2504,,0.5313837834509839,0.0005322878004139656,0.125,0.125,0.125,0.125,0.125,0.125,0.125,0.125
2505,,0.5306046405306694,-0.001467328725087337,0.125,0.125,0.125,0.125,0.125,0.125,0.125,0.125
2506,,0.5319844312990366,0.00259703695522253,0.11383264511823654,0.11383264511823654,0.20317144691944122,0.11383264511823654,0.11383264511823654,0.11383264511823654,0.11383264511823654,0.11383264511823654
2507,,0.531853808101745,-0.00024556966108232853,0.10503938049077988,0.10503938049077988,0.26472437381744385,0.10503938049077988,0.10503938049077988,0.10503938049077988,0.10503938049077988,0.10503938049077988
2508,,0.5327831699436985,0.0017458760069071074,0.08165784180164337,0.4283927381038666,0.08166026324033737,0.08165784180164337,0.08165784180164337,0.08165784180164337,0.08165784180164337,0.08165784180164337
2509,,0.5335945141285041,0.0015216828961840375,0.12499558925628662,0.12499558925628662,0.12499558925628662,0.12503094971179962,0.12499558925628662,0.12499558925628662,0.12499558925628662,0.12499558925628662
2510,,0.5323129624143813,-0.0024046220893313426,0.12499994039535522,0.12499994039535522,0.12499994039535522,0.12499994039535522,0.12500038743019104,0.12499994039535522,0.12499995529651642,0.12499994039535522
2511,,0.5316778699636672,-0.001193793229814662,0.08307786285877228,0.08307786285877228,0.08311009407043457,0.08307786285877228,0.08310230821371078,0.08307786285877228,0.4183982014656067,0.08307786285877228
2512,,0.5328508072568272,0.0022036752845196917,0.10453258454799652,0.24134361743927002,0.1314607560634613,0.10453258454799652,0.10453258454799652,0.10453258454799652,0.10453269630670547,0.10453258454799652
2513,,0.5339110094032004,0.00198770236970163,0.10836117714643478,0.10836117714643478,0.10836117714643478,0.24147170782089233,0.10836117714643478,0.10836117714643478,0.10836117714643478,0.10836117714643478
2514,,0.5353286862334845,0.002651749026529874,0.12583580613136292,0.12487518042325974,0.12487518042325974,0.12487858533859253,0.12487518042325974,0.12490974366664886,0.12487518042325974,0.12487518042325974
2515,,0.5367424375413287,0.0026374222679745895,0.12684719264507294,0.12473531812429428,0.12473618239164352,0.12473531812429428,0.12473531812429428,0.12473531812429428,0.1247401088476181,0.12473531812429428
2516,,0.5365633069097162,-0.00033379236848732607,0.28587719798088074,0.03855190798640251,0.4771776795387268,0.042054932564496994,0.03855190798640251,0.038551922887563705,0.040682561695575714,0.03855190798640251
2517,,0.536099955904102,-0.0008639263606697061,0.05957743525505066,0.06490112096071243,0.010311280377209187,0.24320007860660553,0.2520867884159088,0.010387036018073559,0.18124863505363464,0.17828761041164398
2518,,0.540145073709986,0.007517129915147339,0.0673285573720932,0.045070845633745193,0.045070841908454895,0.04507146403193474,0.04507116228342056,0.6621778011322021,0.045070841908454895,0.04513847082853317
2519,,0.5416720847599897,0.002823050184013935,0.07880696654319763,0.08447232842445374,0.07880696654319763,0.07960980385541916,0.07880696654319763,0.0788070559501648,0.4418824315071106,0.07880743592977524
2520,,0.5418335389154474,0.00029802181571494143,0.038802873343229294,0.25049012899398804,0.5012126564979553,0.038802869617938995,0.038802869617938995,0.05428287014365196,0.038802869617938995,0.038802873343229294
2521,,0.5427641805335678,0.0017161051140498782,0.4175320565700531,0.03325212001800537,0.033282019197940826,0.03325212001800537,0.03325212001800537,0.033428825438022614,0.382748544216156,0.03325219452381134
2522,,0.5425698105707669,-0.00035817539388225,0.304709792137146,0.05727231875061989,0.05727231875061989,0.05727241560816765,0.35165518522262573,0.05727330222725868,0.05727231875061989,0.05727231875061989
2523,,0.5413060664108998,-0.0023318993611097833,0.125,0.125,0.125,0.125,0.125,0.125,0.125,0.125
2524,,0.5408065119705956,-0.0009232948322982925,0.125,0.125,0.125,0.125,0.125,0.125,0.125,0.125
2525,,0.5420949128988477,0.002379536136151202,0.125,0.125,0.125,0.125,0.125,0.125,0.125,0.125
2526,,0.5437195050031505,0.0029923959192156282,0.12479890137910843,0.12479888647794724,0.12479888647794724,0.1247992292046547,0.12479888647794724,0.12479888647794724,0.1264074146747589,0.12479888647794724
2527,,0.5426358796826911,-0.0019949745638130267,0.11474182456731796,0.058249302208423615,0.06004208326339722,0.5339695811271667,0.058249302208423615,0.058249302208423615,0.058249302208423615,0.058249302208423615
2528,,0.5432550688834347,0.0011404262438499627,0.1202142983675003,0.12009116262197495,0.15607330203056335,0.12325605750083923,0.12009179592132568,0.12009116262197495,0.12009116262197495,0.12009116262197495
2529,,0.542235017695127,-0.0018794303166413044,0.12494679540395737,0.12494688481092453,0.12494728714227676,0.12498525530099869,0.12494853883981705,0.12494679540395737,0.1253315955400467,0.12494679540395737
2530,,0.543127807881931,0.0016451464286907035,0.12427035719156265,0.12426319718360901,0.12426318228244781,0.12426318228244781,0.12426319718360901,0.12426334619522095,0.13015036284923553,0.12426318228244781
2531,,0.5432997645311456,0.0003165542830774259,0.09502909332513809,0.09502918273210526,0.09502909332513809,0.09502909332513809,0.0959506407380104,0.09502974152565002,0.33387401700019836,0.09502909332513809
2532,,0.5447185182210897,0.0026079607605271568,0.12454207241535187,0.12454207241535187,0.12454207241535187,0.1282055526971817,0.12454207241535187,0.12454207241535187,0.12454207241535187,0.12454207241535187
2533,,0.5456595818937836,0.0017261240046059754,0.125,0.125,0.125,0.125,0.125,0.125,0.125,0.125
2534,,0.5453737694847065,-0.0005239297501841204,0.12400058656930923,0.12400058656930923,0.12400058656930923,0.13197191059589386,0.12400058656930923,0.12400058656930923,0.12402453273534775,0.12400058656930923
2535,,0.5472832309093567,0.0034950828443509026,0.12499547004699707,0.12499547004699707,0.12499547004699707,0.12503162026405334,0.12499547004699707,0.12499547004699707,0.12499566376209259,0.12499547004699707
2536,,0.5430771141202634,-0.0077151332066235255,0.08616273105144501,0.3501569330692291,0.08616271615028381,0.08616271615028381,0.08889906853437424,0.08629686385393143,0.12999628484249115,0.08616271615028381
2537,,0.5395196404841652,-0.006572135794383633,0.1009662002325058,0.10096605122089386,0.10096565634012222,0.10101180523633957,0.2930384874343872,0.10096565634012222,0.10112042725086212,0.10096565634012222
2538,,0.5409286166428218,0.002608134074093186,0.12351224571466446,0.13105639815330505,0.12351218611001968,0.12351367622613907,0.12351218611001968,0.12351218611001968,0.1278688907623291,0.12351218611001968
2539,,0.5407571053877728,-0.0003171184624021591,0.05311255156993866,0.051865313202142715,0.051865313202142715,0.051890645176172256,0.05187053978443146,0.6356649994850159,0.051865313202142715,0.051865313202142715
2540,,0.5361012926883229,-0.00864708250985412,0.005624081008136272,0.08240669965744019,0.08977517485618591,0.2774478495121002,0.12736007571220398,0.12497985363006592,0.16884766519069672,0.1235586479306221
2541,,0.5361298997644156,5.335990279113486e-05,0.021522223949432373,0.021398164331912994,0.021398160606622696,0.02392372488975525,0.021398160606622696,0.3066580891609192,0.3955141305923462,0.1881873458623886
2542,,0.5335914345375239,-0.004746039758914603,0.010396494530141354,0.011187310330569744,0.25682857632637024,0.10038893669843674,0.07113325595855713,0.3369285762310028,0.20273058116436005,0.010406224988400936
2543,,0.5262338490200201,-0.013884748429218007,0.17607632279396057,0.28252682089805603,0.011411413550376892,0.011836068704724312,0.16519583761692047,0.011305373162031174,0.011630955152213573,0.3300171494483948
2544,,0.5204270682618891,-0.011095934202914645,0.0343705452978611,0.12733232975006104,0.04215307906270027,0.40604883432388306,0.0343705490231514,0.03437589481472969,0.28697824478149414,0.0343705452978611
2545,,0.5195491265129343,-0.0016883885649018444,0.04385983571410179,0.06689479947090149,0.04385983571410179,0.6699461340904236,0.04385983571410179,0.04385983571410179,0.04385983571410179,0.04385983571410179
2546,,0.52215242528949,0.004998176668995829,0.12500517070293427,0.12513116002082825,0.12497726827859879,0.12497726827859879,0.12497726827859879,0.12497726827859879,0.12497726827859879,0.12497726827859879
2547,,0.5219459908930999,-0.0003954309208413621,0.08563937991857529,0.08563937246799469,0.08563937246799469,0.40052366256713867,0.08564015477895737,0.08563937246799469,0.08563937246799469,0.08563937246799469
2548,,0.5314252928974366,0.017998512106170997,0.03111281618475914,0.6723532676696777,0.030214134603738785,0.03019985370337963,0.1454872339963913,0.030199870467185974,0.030233146622776985,0.03019966557621956
2549,,0.5336844690012431,0.004242153386640712,0.125,0.125,0.125,0.125,0.125,0.125,0.125,0.125
2550,,0.5345022563102166,0.0015311695031762938,0.125,0.12500005960464478,0.125,0.125,0.125,0.125,0.125,0.125
2551,,0.5323753214715328,-0.003987219716296972,0.1233932375907898,0.12521804869174957,0.1274484395980835,0.1233932375907898,0.1303672194480896,0.1233932375907898,0.1233932375907898,0.1233932375907898
2552,,0.5307715262579306,-0.0030170741391074784,0.11515328288078308,0.18669739365577698,0.11601073294878006,0.11515328288078308,0.12152547389268875,0.11515328288078308,0.11515328288078308,0.11515328288078308
2553,,0.5317979330079055,0.0019319340684382912,0.12499994039535522,0.12499995529651642,0.12499994039535522,0.12499994039535522,0.12500037252902985,0.12499994039535522,0.12499994039535522,0.12499994039535522
2554,,0.5355833071160093,0.007092854615631563,0.12499925494194031,0.12499937415122986,0.12500517070293427,0.12499925494194031,0.1249992698431015,0.12499925494194031,0.12499925494194031,0.12499925494194031
2555,,0.537555440150637,0.0036754525167805047,0.12463207542896271,0.12463207542896271,0.12757544219493866,0.12463207542896271,0.12463207542896271,0.12463207542896271,0.12463207542896271,0.12463207542896271
2556,,0.533645565377347,-0.007300015807070516,0.11697392165660858,0.11697392165660858,0.18118159472942352,0.11697392165660858,0.11697491258382797,0.11697392165660858,0.11697392165660858,0.11697392165660858
2557,,0.5317035870522354,-0.003645716470746416,0.12499573826789856,0.12499573826789856,0.12499573826789856,0.12499573826789856,0.12502989172935486,0.12499573826789856,0.12499573826789856,0.12499573826789856
2558,,0.5301801666690433,-0.002869280979236752,0.0732775330543518,0.48705726861953735,0.0732775330543518,0.0732775405049324,0.0732775330543518,0.0732775330543518,0.0732775330543518,0.0732775330543518
2559,,0.530292249429742,0.00021138269966177738,0.125,0.125,0.125,0.125,0.125,0.125,0.125,0.125
2560,,0.531263171454069,0.001829244664880709,0.12499962747097015,0.1250024288892746,0.12499973177909851,0.12499967217445374,0.12499962747097015,0.12499962747097015,0.12499962747097015,0.12499962747097015
2561,,0.5329752746451669,0.0032175207997986303,0.125,0.125,0.125,0.125,0.125,0.125,0.125,0.125
2562,,0.5315855008386247,-0.0026109821591808126,0.1249999850988388,0.1249999850988388,0.125,0.12500010430812836,0.1249999850988388,0.1249999850988388,0.1249999850988388,0.1249999850988388
2563,,0.5322638930628355,0.0012753540492700453,0.12499912083148956,0.12499912083148956,0.12500612437725067,0.12499912083148956,0.12499912083148956,0.12499912083148956,0.12499912083148956,0.12499912083148956
2564,,0.5352375025982782,0.00557117253196498,0.125,0.125,0.125,0.125,0.1250000298023224,0.125,0.125,0.125
2565,,0.5354180880045701,0.0003373361323463195,0.1249847561120987,0.1249847561120987,0.1249847561120987,0.1249847561120987,0.12510667741298676,0.1249847561120987,0.1249847561120987,0.1249847561120987
2566,,0.5342820201078164,-0.0021240875181289523,0.12499848008155823,0.12499848008155823,0.12501053512096405,0.12499858438968658,0.12499848008155823,0.12499848008155823,0.12499848008155823,0.12499848008155823
2567,,0.5369057401868863,0.004898721630713385,0.04079320654273033,0.040790706872940063,0.7144625782966614,0.040790706872940063,0.040790706872940063,0.040790706872940063,0.040790706872940063,0.040790706872940063
2568,,0.5360281457790393,-0.0016358782494181323,0.11312375217676163,0.11312330514192581,0.11312329024076462,0.11312329024076462,0.11314008384943008,0.11312329024076462,0.208119735121727,0.11312329024076462
2569,,0.5343149492204443,-0.0032012128253728865,0.04190639406442642,0.04190623015165329,0.538136899471283,0.041906293481588364,0.04190680757164955,0.21042485535144806,0.04190623015165329,0.04190623015165329
2570,,0.5314912862355659,-0.0052986546659421875,0.10454344749450684,0.10454344749450684,0.10454344749450684,0.10454344749450684,0.10454344749450684,0.10454344749450684,0.10454344749450684,0.2681958079338074
2571,,0.5325699127389661,0.002027377511542892,0.12499961256980896,0.1249997466802597,0.12499961256980896,0.12499961256980896,0.12499961256980896,0.12499961256980896,0.12500251829624176,0.12499961256980896
2572,,0.5358817856253916,0.0061994070457134344,0.09443610161542892,0.09476152062416077,0.13839013874530792,0.09443610161542892,0.2843877077102661,0.09443611651659012,0.10471618175506592,0.09443610161542892
2573,,0.5313932237095845,-0.008411306065175702,0.1251237839460373,0.12493839859962463,0.12493842840194702,0.12493839859962463,0.12493909895420074,0.12496517598628998,0.12521830201148987,0.1249384880065918
2574,,0.5294414446791577,-0.003679708612256628,0.1831972897052765,0.006824229843914509,0.19899946451187134,0.08937790244817734,0.1798446923494339,0.006805073469877243,0.13149507343769073,0.20345623791217804
2575,,0.5339571257875543,0.008492974087068268,0.28358569741249084,0.011845034547150135,0.13720908761024475,0.010578375309705734,0.08177552372217178,0.33901217579841614,0.010578474961221218,0.1254156529903412
2576,,0.5301790278399451,-0.007100809063753497,0.009210789576172829,0.30066803097724915,0.09698998183012009,0.32899364829063416,0.009314516559243202,0.16748598217964172,0.009764241054654121,0.07757275551557541
2577,,0.5287579245287058,-0.00268402034926039,0.125,0.125,0.125,0.125,0.125,0.125,0.125,0.125
2578,,0.5321215544017325,0.006341231423788536,0.12471220642328262,0.12471220642328262,0.12471220642328262,0.12471220642328262,0.12701450288295746,0.12471220642328262,0.12471220642328262,0.12471220642328262
2579,,0.529225532433837,-0.005457270653887358,0.12499937415122986,0.12499937415122986,0.12499937415122986,0.12499937415122986,0.12499973177909851,0.12499937415122986,0.12500408291816711,0.12499937415122986
2580,,0.5303427110487079,0.0021087438883374515,0.125,0.125,0.125,0.125,0.125,0.125,0.125,0.125
2581,,0.5308258972204951,0.0009106681095065019,0.1249999850988388,0.1250000298023224,0.12500005960464478,0.1249999850988388,0.1249999850988388,0.1249999850988388,0.1249999850988388,0.1249999850988388
2582,,0.5313194831031096,0.0009294131053780434,0.125,0.125,0.125,0.125,0.125,0.125,0.125,0.125
2583,,0.5287601315239527,-0.004828611958107307,0.1249997466802597,0.1249997466802597,0.12500178813934326,0.1249997466802597,0.1249997466802597,0.1249997466802597,0.1249997466802597,0.1249997466802597
2584,,0.5303920989657764,0.003081650939972835,0.125,0.125,0.125,0.125,0.125,0.125,0.125,0.125
2585,,0.5306598670865519,0.0005047219835160493,0.03823016211390495,0.03822978958487511,0.03822978958487511,0.038229938596487045,0.03822978958487511,0.03822978958487511,0.0382298044860363,0.7323909401893616
2586,,0.5309013247082129,0.00045491042380105143,0.056781645864248276,0.056754209101200104,0.05675419792532921,0.08999432623386383,0.056754209101200104,0.05675420165061951,0.05675552412867546,0.569451630115509
2587,,0.5300389706514319,-0.0016256414248104558,0.02841516025364399,0.02841515652835369,0.02841515652835369,0.1185540184378624,0.25940293073654175,0.02841515652835369,0.02841515652835369,0.47996726632118225
2588,,0.5293134518091989,-0.001369740494824285,0.124748095870018,0.124748095870018,0.124748095870018,0.12676262855529785,0.12474864721298218,0.124748095870018,0.124748095870018,0.12474830448627472
2589,,0.5296917604681455,0.0007144604590292521,0.125,0.125,0.125,0.125,0.125,0.125,0.125,0.125
2590,,0.5308510652303939,0.0021862487698108787,0.125,0.125,0.125,0.125,0.125,0.125,0.12500005960464478,0.125
2591,,0.5322389556572223,0.0026110511585367515,0.125,0.125,0.125,0.125,0.125,0.125,0.125,0.125
2592,,0.5305359049260387,-0.003204916209605122,0.125,0.125,0.125,0.125,0.125,0.125,0.125,0.125
2593,,0.5282544659455567,-0.0043095263692535185,0.1249992847442627,0.12500499188899994,0.1249992847442627,0.1249992847442627,0.1249992847442627,0.1249992847442627,0.1249992847442627,0.1249992847442627
2594,,0.5269532969494797,-0.0024661866625985923,0.11051035672426224,0.22008436918258667,0.11051064729690552,0.11051035672426224,0.11051035672426224,0.11051035672426224,0.11685315519571304,0.11051035672426224
2595,,0.5251398862068863,-0.0034472470070757077,0.12456386536359787,0.1280529797077179,0.12456386536359787,0.12456386536359787,0.12456386536359787,0.12456386536359787,0.12456386536359787,0.12456386536359787
2596,,0.5218707976585277,-0.006244633836173196,0.048675280064344406,0.6070882678031921,0.1008598804473877,0.048675280064344406,0.048675283789634705,0.048675280064344406,0.04867544770240784,0.048675280064344406
2597,,0.5240842166293738,0.004232346983659007,0.125,0.125,0.125,0.125,0.125,0.125,0.125,0.125
2598,,0.5252296678926887,0.0021832394199616995,0.12480269372463226,0.12480269372463226,0.12638109922409058,0.12480269372463226,0.12480269372463226,0.12480269372463226,0.12480269372463226,0.12480269372463226
2599,,0.5243949649765396,-0.0015904792360378313,0.12499743700027466,0.12501800060272217,0.12499743700027466,0.12499743700027466,0.12499743700027466,0.12499743700027466,0.12499743700027466,0.12499743700027466
2600,,0.5235715779017142,-0.0015713998693055494,0.12499633431434631,0.1250256597995758,0.12499633431434631,0.12499633431434631,0.12499633431434631,0.12499633431434631,0.12499633431434631,0.12499633431434631
2601,,0.5228067285857401,-0.001461898526466728,0.125,0.125,0.125,0.1250000149011612,0.125,0.1250000298023224,0.125,0.125
2602,,0.5233307000528394,0.0010017259617532818,0.12499991059303284,0.12499991059303284,0.12499991059303284,0.12500067055225372,0.12499991059303284,0.12499991059303284,0.12499991059303284,0.12499991059303284
2603,,0.5252608245321402,0.003681369940303602,0.12499995529651642,0.12499995529651642,0.12500032782554626,0.12499995529651642,0.12499995529651642,0.12499995529651642,0.12499995529651642,0.12499995529651642
2604,,0.5251714083844414,-0.00017024639022448652,0.125,0.125,0.125,0.125,0.125,0.125,0.125,0.125
2605,,0.5258270106402276,0.001247580070442368,0.12499991059303284,0.125,0.12499992549419403,0.12499991059303284,0.12499991059303284,0.12499991059303284,0.12500053644180298,0.12499991059303284
2606,,0.52672853706749,0.0017130243618646759,0.12498492002487183,0.12498492002487183,0.12498492002487183,0.12498492002487183,0.12498492002487183,0.12498493492603302,0.12510547041893005,0.12498492002487183
2607,,0.5285049014221835,0.003366773583642729,0.09737887233495712,0.09737905114889145,0.09737887233495712,0.09737887233495712,0.09947569668292999,0.09737888723611832,0.31625083088874817,0.09737887233495712
2608,,0.5279289342084771,-0.001090399135938205,0.1249999850988388,0.1249999850988388,0.12500007450580597,0.1249999850988388,0.1249999850988388,0.1249999850988388,0.1249999850988388,0.1249999850988388
2609,,0.5280027976993361,0.00013990201969975836,0.12495061010122299,0.12524278461933136,0.12495062500238419,0.12495061010122299,0.12495392560958862,0.12495061010122299,0.12505017220973969,0.12495061010122299
2610,,0.5231219450090703,-0.00928698102560293,0.10207460820674896,0.22852955758571625,0.10207463055849075,0.10207460820674896,0.10210983455181122,0.1589612513780594,0.10210089385509491,0.10207460820674896
2611,,0.5268035447753677,0.007013097389508148,0.07700175046920776,0.45659253001213074,0.07700176537036896,0.07709366828203201,0.07700175046920776,0.08130506426095963,0.07700175046920776,0.07700175046920776
2612,,0.525306831804623,-0.00284516532431345,0.1249501034617424,0.1249501034617424,0.1249501034617424,0.12496542930603027,0.1249501034617424,0.1249501034617424,0.1253339797258377,0.1249501034617424
2613,,0.5253152092080561,1.5947511295639604e-05,0.12499530613422394,0.12499530613422394,0.12499542534351349,0.12503211200237274,0.12499530613422394,0.12499530613422394,0.12499593198299408,0.12499530613422394
2614,,0.5268134998610295,0.00284811478457472,0.12417581677436829,0.12417583167552948,0.12417581677436829,0.13076135516166687,0.12418375164270401,0.12417581677436829,0.12417581677436829,0.12417581677436829
2615,,0.5267777791847686,-6.780746383339687e-05,0.11057639122009277,0.11057642847299576,0.11057639122009277,0.11964739859104156,0.21689428389072418,0.11057639122009277,0.11057639122009277,0.11057639122009277
2616,,0.5281182588439313,0.0025414454739531127,0.12499836087226868,0.12499836087226868,0.12499836087226868,0.12499836087226868,0.12501022219657898,0.12499836087226868,0.1249995231628418,0.12499837577342987
2617,,0.5293570089788602,0.0023428457179837407,0.08301199972629547,0.08301199972629547,0.08301199972629547,0.08301199972629547,0.09505961090326309,0.4068683385848999,0.08301199972629547,0.08301199972629547
2618,,0.5243507069405846,-0.009502330926546062,0.05626186355948448,0.05626560002565384,0.05626186355948448,0.05639540031552315,0.6054555177688599,0.05683593079447746,0.05626189708709717,0.056261878460645676
2619,,0.5234118820754977,-0.001792056952938226,0.11823207139968872,0.11823207139968872,0.1723507195711136,0.11823207139968872,0.11823207139968872,0.11823207139968872,0.11825690418481827,0.11823207139968872
2620,,0.5248780394965449,0.0027972383343135114,0.12499865889549255,0.12499845027923584,0.1249983161687851,0.1249983012676239,0.12499842047691345,0.1249983012676239,0.1249983012676239,0.12501130998134613
2621,,0.523868447278529,-0.001925331894063571,0.12499986588954926,0.12499986588954926,0.1250009536743164,0.12499986588954926,0.12499986588954926,0.12499986588954926,0.12499986588954926,0.12499986588954926
2622,,0.5245272534808837,0.0012567893756028363,0.12499997019767761,0.12499997019767761,0.12499997019767761,0.12499997019767761,0.12500019371509552,0.12499997019767761,0.12499997019767761,0.12499997019767761
2623,,0.5242273450183473,-0.0005719325972743755,0.125,0.125,0.125,0.125,0.125,0.125,0.125,0.125
2624,,0.5243294481419061,0.0001947498209871883,0.12499603629112244,0.12499603629112244,0.12499603629112244,0.1250276118516922,0.12499617040157318,0.12499603629112244,0.12499603629112244,0.12499603629112244
2625,,0.5255454229041253,0.00231641948860191,0.125,0.125,0.125,0.125,0.125,0.125,0.125,0.125
2626,,0.5253506835895082,-0.0003706157357380282,0.12499941885471344,0.12499941885471344,0.12499941885471344,0.12500405311584473,0.12499943375587463,0.12499941885471344,0.12499941885471344,0.12499941885471344
2627,,0.5252362352159623,-0.00021787511713690916,0.12499925494194031,0.12499925494194031,0.12499925494194031,0.12500499188899994,0.12499941885471344,0.12499925494194031,0.12499925494194031,0.12499925494194031
2628,,0.5254357207569559,0.0003797294526738529,0.12498947978019714,0.12498947978019714,0.12498947978019714,0.12507364153862,0.12498947978019714,0.12498947978019714,0.12498947978019714,0.12498947978019714
2629,,0.5252666790972199,-0.000321768868554797,0.125,0.125,0.125,0.125,0.125,0.125,0.125,0.125
2630,,0.5249244020979338,-0.0006518375894334371,0.125,0.125,0.125,0.1250000149011612,0.125,0.125,0.1250000149011612,0.125
2631,,0.5256248358001413,0.0013334621181524898,0.125,0.125,0.125,0.125,0.125,0.125,0.125,0.125
2632,,0.5223406063567337,-0.0062678406429382515,0.1249999850988388,0.1249999850988388,0.1249999850988388,0.12500010430812836,0.1249999850988388,0.1249999850988388,0.1249999850988388,0.1249999850988388
2633,,0.5218047067454831,-0.0010264848227180229,0.12498205900192261,0.12498205900192261,0.12498205900192261,0.1249823272228241,0.1251251995563507,0.12498213350772858,0.12498205900192261,0.12498205900192261
2634,,0.5204887625044681,-0.002525094858702945,0.125,0.1250000149011612,0.125,0.1250000298023224,0.1250000149011612,0.125,0.125,0.125
2635,,0.5200337667890393,-0.0008745524130796244,0.125,0.125,0.125,0.125,0.125,0.125,0.125,0.125
2636,,0.5181709859868543,-0.0035884690301025476,0.12499980628490448,0.12499980628490448,0.12499980628490448,0.1250000298023224,0.12500110268592834,0.12499980628490448,0.12499980628490448,0.12499980628490448
2637,,0.5201813222862307,0.0038721709293169774,0.12499979138374329,0.12499979138374329,0.12499979138374329,0.12499979138374329,0.12500040233135223,0.12500086426734924,0.12499979138374329,0.12499979138374329
2638,,0.517346744521486,-0.005464112071715122,0.1249997466802597,0.1249997466802597,0.12500151991844177,0.1249997466802597,0.1249997466802597,0.12499997019767761,0.1249997466802597,0.1249997466802597
2639,,0.5177867533383528,0.0008501489793885984,0.1190289780497551,0.1667766571044922,0.1190289780497551,0.11902918666601181,0.1190289780497551,0.11904928088188171,0.11902899295091629,0.1190289780497551
2640,,0.5151029681610103,-0.005196665551387653,0.05030394345521927,0.05012860894203186,0.050130877643823624,0.05012860894203186,0.05012860894203186,0.6489216685295105,0.050129055976867676,0.05012860894203186
2641,,0.5147795221390484,-0.0006281222093638513,0.09301497042179108,0.09301497042179108,0.09301497042179108,0.09316617995500565,0.09301497042179108,0.3487440049648285,0.09301497042179108,0.09301497042179108
2642,,0.5121614417751638,-0.005098805341125352,0.032171107828617096,0.04368574917316437,0.03217107802629471,0.2352265566587448,0.03217107802629471,0.03756394609808922,0.5548394322395325,0.03217107802629471
2643,,0.5094401184042054,-0.005327575668740687,0.1252211034297943,0.12496782094240189,0.124969981610775,0.12496980279684067,0.12496782094240189,0.12496782094240189,0.12496783584356308,0.12496782094240189
2644,,0.5099993648840162,0.0010971647558859438,0.125,0.125,0.125,0.125,0.125,0.125,0.125,0.125
2645,,0.511154392173541,0.0022622015031884294,0.12624916434288025,0.12482154369354248,0.12482154369354248,0.12482154369354248,0.12482154369354248,0.12482154369354248,0.12482154369354248,0.12482154369354248
2646,,0.5129500478355099,0.0035067858940884596,0.1249999850988388,0.12500007450580597,0.1249999850988388,0.1249999850988388,0.1249999850988388,0.1249999850988388,0.1249999850988388,0.1249999850988388
2647,,0.5148385723599088,0.0036749320097279763,0.125,0.125,0.125,0.125,0.125,0.125,0.125,0.125
2648,,0.5146795728606703,-0.00030888139512785047,0.125,0.125,0.125,0.125,0.125,0.125,0.125,0.125
2649,,0.5106299348173289,-0.00789938856750329,0.125,0.125,0.125,0.125,0.125,0.125,0.125,0.125
2650,,0.5129245645630955,0.004483656886403253,0.12492819130420685,0.12492819130420685,0.12492819130420685,0.12547525763511658,0.12495558708906174,0.12492819130420685,0.12492819130420685,0.12492819130420685
2651,,0.5127774377981864,-0.0002868801378558887,0.10015726089477539,0.10015726089477539,0.10039710253477097,0.29389888048171997,0.1049177497625351,0.10015726089477539,0.10015726089477539,0.10015726089477539
2652,,0.5103791600474691,-0.00468800601607093,0.125,0.125,0.125,0.125,0.125,0.125,0.125,0.125
2653,,0.510668414669424,0.0005665840394815118,0.125,0.125,0.125,0.125,0.1250000298023224,0.12500004470348358,0.125,0.125
2654,,0.5112011346399046,0.0010426380140210877,0.12348566204309464,0.12348566204309464,0.12348566204309464,0.12348566204309464,0.135600283741951,0.12348566204309464,0.12348569929599762,0.12348566204309464
2655,,0.5103457493698077,-0.0016746866607931354,0.12497181445360184,0.12497181445360184,0.12497181445360184,0.12497182935476303,0.12519285082817078,0.12497628480195999,0.12497181445360184,0.12497181445360184
2656,,0.5107933811520303,0.0008767303054320833,0.125,0.125,0.125,0.125,0.1250000149011612,0.125,0.125,0.125
2657,,0.5101573756415734,-0.0012459084603185261,0.07078048586845398,0.07930690795183182,0.0707821398973465,0.278695672750473,0.28800472617149353,0.07078929245471954,0.07086028158664703,0.07078048586845398
2658,,0.511681705458283,0.0029835048895929363,0.08668555319309235,0.08668562769889832,0.39299747347831726,0.08688917756080627,0.08668557554483414,0.08668555319309235,0.08668555319309235,0.08668555319309235
2659,,0.5139188707168179,0.004362651228525211,0.12424664944410324,0.12424663454294205,0.12424663454294205,0.12424663454294205,0.13027217984199524,0.12424663454294205,0.12424801290035248,0.12424663454294205
2660,,0.5128704925976222,-0.002042051702056409,0.12497477978467941,0.12497477978467941,0.1249747946858406,0.1251765638589859,0.12497477978467941,0.12497477978467941,0.12497477978467941,0.12497477978467941
2661,,0.5124564490128911,-0.0008076323569269262,0.125,0.125,0.125,0.1250000149011612,0.125,0.125,0.125,0.125
2662,,0.5118650752824766,-0.00115466439412255,0.12474056333303452,0.12472482770681381,0.12472482770681381,0.12690936028957367,0.12472482770681381,0.12472482770681381,0.12472588568925858,0.12472482770681381
2663,,0.5129536997385578,0.0021245217048761404,0.125,0.125,0.125,0.12500007450580597,0.125,0.125,0.125,0.125
2664,,0.5112487038466677,-0.0033294150861433,0.0783519521355629,0.0783519521355629,0.0783519521355629,0.4515363574028015,0.0783519521355629,0.0783519521355629,0.0783519521355629,0.0783519521355629
2665,,0.5109726430820285,-0.0005401193629536051,0.12482545524835587,0.12482548505067825,0.1262120008468628,0.12482745945453644,0.12482627481222153,0.12483242899179459,0.12482545524835587,0.12482545524835587
2666,,0.5126154224479502,0.003209847460560954,0.12499073147773743,0.12499073147773743,0.12499073147773743,0.12499074637889862,0.12499336898326874,0.12506012618541718,0.12499073147773743,0.12499280273914337
2667,,0.5124138572065264,-0.0003932868026752533,0.12489060312509537,0.12489060312509537,0.12489060312509537,0.12489061802625656,0.12489088624715805,0.12514816224575043,0.12489060312509537,0.12550793588161469
2668,,0.5135092796993485,0.0021354872888707426,0.125,0.125,0.125,0.125,0.125,0.125,0.125,0.125
2669,,0.5127552562404805,-0.001469452695950763,0.125,0.125,0.125,0.125,0.125,0.125,0.125,0.125
2670,,0.5123726708935186,-0.0007464148709598509,0.07988262921571732,0.07988262921571732,0.07988262921571732,0.10391865670681,0.07988264411687851,0.4167855978012085,0.07988262921571732,0.07988262921571732
2671,,0.5111849327705726,-0.002320804714466206,0.11560609936714172,0.11560609936714172,0.11560609936714172,0.11560609936714172,0.190757155418396,0.11560624092817307,0.11560609936714172,0.11560609936714172
2672,,0.5083594154221666,-0.0055427203086299715,0.12499915063381195,0.12499907612800598,0.12499907612800598,0.12500642240047455,0.12499907612800598,0.12499907612800598,0.12499907612800598,0.12499907612800598
2673,,0.5095155449467156,0.0022716543126388403,0.12180884927511215,0.12180884927511215,0.12180884927511215,0.13772954046726227,0.12205438315868378,0.1311611533164978,0.12181150913238525,0.12181686609983444
2674,,0.5054792674309636,-0.007953338761807196,0.10564830154180527,0.10564830154180527,0.10564830154180527,0.2604616582393646,0.10564833134412766,0.10564830154180527,0.10564837604761124,0.10564841330051422
2675,,0.5066923881654828,0.002397066364557739,0.12422676384449005,0.12422676384449005,0.12422676384449005,0.12422802299261093,0.12422815710306168,0.12422716617584229,0.1304096281528473,0.12422676384449005
2676,,0.5081676884465459,0.0029073984764678854,0.08322134613990784,0.08322134613990784,0.08322134613990784,0.08322136849164963,0.41684186458587646,0.0838300883769989,0.08322134613990784,0.08322134613990784
2677,,0.509066697258396,0.0017675553609758999,0.12499338388442993,0.12499338388442993,0.12499338388442993,0.12499779462814331,0.12504087388515472,0.12499433755874634,0.12499339878559113,0.12499338388442993
2678,,0.5098156731069757,0.0014701912708884252,0.12485890835523605,0.12485890835523605,0.12485892325639725,0.12598763406276703,0.12485890835523605,0.12485890835523605,0.12485890835523605,0.12485890835523605
2679,,0.5114416054344731,0.0031841803930098304,0.125,0.125,0.125,0.125,0.12500004470348358,0.125,0.125,0.125
2680,,0.5100978516731144,-0.002630842160929231,0.12498883903026581,0.12498883903026581,0.12498883903026581,0.12498883903026581,0.12507809698581696,0.12498883903026581,0.12498883903026581,0.12498883903026581
2681,,0.513201351035264,0.006065691968524672,0.12890012562274933,0.12443803995847702,0.12443803995847702,0.12443803995847702,0.12446355074644089,0.12443803995847702,0.12443803995847702,0.1244460791349411
2682,,0.5139070068116988,0.00137406317857262,0.08975125104188919,0.08975125104188919,0.08975125104188919,0.37174105644226074,0.08975142240524292,0.08975125104188919,0.08975125104188919,0.08975125104188919
2683,,0.5122443258416879,-0.0032406183613870702,0.12484337389469147,0.12484337389469147,0.12484337389469147,0.12609630823135376,0.12484337389469147,0.12484337389469147,0.12484337389469147,0.12484337389469147
2684,,0.5139201054413643,0.0032661063632311482,0.12498438358306885,0.12498438358306885,0.12498438358306885,0.1251092404127121,0.12498438358306885,0.12498438358306885,0.12498438358306885,0.12498438358306885
2685,,0.5122809387602756,-0.0031946334188963374,0.046889472752809525,0.046889472752809525,0.046889472752809525,0.6717103719711304,0.0469527393579483,0.046889472752809525,0.046889472752809525,0.046889472752809525
2686,,0.5122816272916152,1.3440493775149747e-06,0.125,0.125,0.125,0.125,0.125,0.125,0.125,0.125
2687,,0.5099911794695204,-0.004481096708571305,0.125,0.125,0.125,0.125,0.12500004470348358,0.125,0.125,0.125
2688,,0.5083992319333384,-0.0031264018495257987,0.1249999850988388,0.1249999850988388,0.1249999850988388,0.1249999850988388,0.1249999850988388,0.1249999850988388,0.12500013411045074,0.1249999850988388
2689,,0.5083314286086026,-0.0001333751945674583,0.125,0.125,0.125,0.125,0.125,0.125,0.125,0.125
2690,,0.5073637100455411,-0.0019055301518187213,0.12493113428354263,0.12548209726810455,0.12493113428354263,0.12493113428354263,0.12493113428354263,0.12493113428354263,0.12493113428354263,0.12493113428354263
2691,,0.5072670497348989,-0.00019053297961441862,0.125,0.125,0.125,0.125,0.125,0.125,0.125,0.125
2692,,0.5078246702674725,0.0010986605006730761,0.125,0.125,0.125,0.125,0.125,0.125,0.125,0.125
2693,,0.5092056355438198,0.0027156833324774787,0.125,0.125,0.125,0.125,0.125,0.125,0.125,0.125
2694,,0.5095677933817352,0.0007109683917698473,0.125,0.125,0.125,0.125,0.125,0.125,0.125,0.125
2695,,0.5077020230460928,-0.003668195787605862,0.0878266915678978,0.0878266915678978,0.0878266915678978,0.0878266915678978,0.385042279958725,0.0878266915678978,0.08799754083156586,0.0878266915678978
2696,,0.5067888642253064,-0.0018002311876029636,0.09016290307044983,0.09016290307044983,0.09016290307044983,0.09016290307044983,0.3688596785068512,0.09016290307044983,0.09016290307044983,0.09016290307044983
2697,,0.5074135526071624,0.0012318812309786416,0.125,0.125,0.125,0.125,0.1250000149011612,0.125,0.125,0.125
2698,,0.50846919464826,0.0020782761079722657,0.12499929964542389,0.12499929964542389,0.12499929964542389,0.12499929964542389,0.12500493228435516,0.12499929964542389,0.12499929964542389,0.12499929964542389
2699,,0.5098536977598662,0.002719184602464597,0.125,0.125,0.125,0.125,0.125,0.125,0.125,0.125
2700,,0.5099797325576688,0.000247167419104982,0.125,0.125,0.125,0.125,0.125,0.1250000149011612,0.125,0.125
2701,,0.5121068014378977,0.004162214998953412,0.06088541820645332,0.06088541820645332,0.06088541820645332,0.06089967489242554,0.4054683744907379,0.06088541820645332,0.22920478880405426,0.06088541820645332
2702,,0.5120949518799681,-2.3139108855580372e-05,0.12499946355819702,0.12499946355819702,0.12499946355819702,0.12499946355819702,0.12499946355819702,0.12499946355819702,0.12500371038913727,0.12499946355819702
2703,,0.5119374763460129,-0.00030755966482308043,0.1653350293636322,0.6192895174026489,0.03589533641934395,0.03589878976345062,0.03589533641934395,0.03589537739753723,0.03589533641934395,0.03589533641934395
2704,,0.5099560395687857,-0.0038779759917325993,0.07449927181005478,0.07449927181005478,0.07449927181005478,0.07449927181005478,0.07449927181005478,0.47850507497787476,0.07449927181005478,0.07449927181005478
2705,,0.5102816933068322,0.00063838797294492,0.12499162554740906,0.12499167025089264,0.12504933774471283,0.12499162554740906,0.12499186396598816,0.12499162554740906,0.12499162554740906,0.12500061094760895
2706,,0.5114064515757379,0.0022017652429856456,0.12246181815862656,0.12246181815862656,0.12246181815862656,0.1427127569913864,0.12251637130975723,0.12246181815862656,0.12246181815862656,0.12246181815862656
2707,,0.5072738691959404,-0.008113644617623445,0.050320859998464584,0.6455142498016357,0.050320859998464584,0.050320859998464584,0.050320859998464584,0.050320859998464584,0.05256053805351257,0.050320859998464584
2708,,0.5054921636556905,-0.003518497502000656,0.12499988079071045,0.12499989569187164,0.12499988079071045,0.12499988079071045,0.12499988079071045,0.12499988079071045,0.1250007599592209,0.12499988079071045
2709,,0.502038990483957,-0.006854749213244792,0.1176891028881073,0.11769039183855057,0.17614799737930298,0.1176891028881073,0.1176891028881073,0.11770691722631454,0.1176983192563057,0.1176891028881073
2710,,0.4999041307592562,-0.004261445405784015,0.06697297096252441,0.4582197368144989,0.13628745079040527,0.06697297096252441,0.0694606602191925,0.06697297096252441,0.06814028322696686,0.06697297096252441
2711,,0.498498414506768,-0.0028159326877444713,0.12499763071537018,0.12499789893627167,0.12499763071537018,0.12501630187034607,0.12499763071537018,0.12499763071537018,0.12499763071537018,0.12499763071537018
2712,,0.49937973267152663,0.0017663847963839878,0.125,0.125,0.1250000298023224,0.125,0.125,0.125,0.125,0.125
2713,,0.49557381954924107,-0.007650471073792315,0.05190715193748474,0.08177947252988815,0.14527270197868347,0.061435114592313766,0.13197091221809387,0.14980192482471466,0.029237136244773865,0.34859561920166016
2714,,0.49487286511001927,-0.0014154311728346999,0.07191652059555054,0.25835081934928894,0.08703296631574631,0.20098131895065308,0.16366137564182281,0.19069235026836395,0.013748074881732464,0.013616548851132393
2715,,0.49774235097611486,0.005781684207514118,0.12500007450580597,0.12499995529651642,0.12499997019767761,0.12499995529651642,0.12499995529651642,0.12500016391277313,0.12499995529651642,0.12499995529651642
2716,,0.4947002282502156,-0.0061305960013238485,0.034363508224487305,0.4790908396244049,0.03393430635333061,0.06973882764577866,0.12991821765899658,0.03446093946695328,0.1846180409193039,0.033875349909067154
2717,,0.4973022964833858,0.005246103988746501,0.10771284252405167,0.10862577706575394,0.10771284252405167,0.10771284252405167,0.10771284252405167,0.10771284252405167,0.24509716033935547,0.10771284252405167
2718,,0.4958192604821855,-0.002986617485390627,0.12203718721866608,0.12203718721866608,0.12203718721866608,0.12203718721866608,0.12203718721866608,0.12203720211982727,0.14573971927165985,0.12203718721866608
2719,,0.49267314652638416,-0.006365500749951857,0.125,0.1250000149011612,0.125,0.125,0.125,0.125,0.125,0.125
2720,,0.4935600213944637,0.0017985099994337278,0.1046404093503952,0.1046404093503952,0.10536742210388184,0.1046404093503952,0.26679009199142456,0.1046404093503952,0.1046404093503952,0.1046404093503952
2721,,0.49387257360296255,0.0006330603638580409,0.125,0.125,0.12500004470348358,0.125,0.125,0.125,0.125,0.125
2722,,0.49051921673810445,-0.00681307964798167,0.10630444437265396,0.10630621761083603,0.10630444437265396,0.10630444437265396,0.25427502393722534,0.10630444437265396,0.10789652913808823,0.10630444437265396
2723,,0.4869610866232242,-0.0072802404678011315,0.10077620297670364,0.10057138651609421,0.1005716323852539,0.10209546238183975,0.2942669093608856,0.10057616978883743,0.10057111084461212,0.10057111084461212
2724,,0.4891583376217426,0.0045020202551707324,0.12218938022851944,0.12218938022851944,0.12218938022851944,0.12223565578460693,0.12218955904245377,0.12218938022851944,0.14443013072013855,0.12238708883523941
2725,,0.48797850814413135,-0.0024148716857459256,0.1249999850988388,0.1249999850988388,0.1249999850988388,0.1249999850988388,0.1249999850988388,0.1249999850988388,0.1249999850988388,0.12500010430812836
2726,,0.48570984757729857,-0.004659940028734386,0.12479522079229355,0.12479523569345474,0.12479522079229355,0.1251826286315918,0.12479522079229355,0.1247972771525383,0.12479522079229355,0.12604397535324097
2727,,0.4871073311989322,0.0028730672389798264,0.10771437734365463,0.10771437734365463,0.10771437734365463,0.24599935114383698,0.10771437734365463,0.10771437734365463,0.10771437734365463,0.10771437734365463
2728,,0.48678150519007335,-0.0006691236388409572,0.12498024106025696,0.12500108778476715,0.12498024106025696,0.12511740624904633,0.12498024106025696,0.12498024106025696,0.12498024106025696,0.12498024106025696
2729,,0.48951788286817416,0.00560562646461008,0.009633505716919899,0.1840427815914154,0.15074200928211212,0.009938194416463375,0.13902999460697174,0.10439474135637283,0.18561358749866486,0.21660523116588593
2730,,0.4857897768858691,-0.0076450217587316505,0.04605572670698166,0.02258610911667347,0.48416733741760254,0.022912317886948586,0.022589173167943954,0.027623366564512253,0.022638101130723953,0.35142791271209717
2731,,0.48504596752227574,-0.0015323076296153539,0.010160970501601696,0.08806553483009338,0.15249796211719513,0.011521327309310436,0.2942202687263489,0.32454028725624084,0.10883162170648575,0.010162090882658958
2732,,0.48415563739379247,-0.001837244953799895,0.09616103023290634,0.09068096429109573,0.0906810611486435,0.09068095684051514,0.24860942363739014,0.09068095684051514,0.2017328143119812,0.09077282249927521
2733,,0.48377868837459936,-0.000778873169829976,0.037257563322782516,0.037257563322782516,0.037257563322782516,0.037257563322782516,0.6184273362159729,0.037257563322782516,0.15802720189094543,0.037257611751556396
2734,,0.4812903884313843,-0.005156740625272638,0.12499937415122986,0.12499937415122986,0.12499937415122986,0.1250043362379074,0.12499947845935822,0.12499937415122986,0.12499937415122986,0.12499937415122986
2735,,0.47851602221209827,-0.0057811115146035805,0.12499947845935822,0.12500092387199402,0.12499947845935822,0.12499947845935822,0.12499947845935822,0.12499947845935822,0.12499947845935822,0.12500225007534027
2736,,0.47588561625394654,-0.005512171212469602,0.10957486182451248,0.23297587037086487,0.10957490652799606,0.10957490652799606,0.10957486182451248,0.10957486182451248,0.10957486182451248,0.10957486182451248
2737,,0.4744041328126789,-0.0031179640587178847,0.12499675154685974,0.1250196397304535,0.12499675154685974,0.12499722838401794,0.12499675154685974,0.12499675154685974,0.12499941885471344,0.12499675154685974
2738,,0.47514172514536285,0.001553568950578289,0.1238376796245575,0.13313618302345276,0.1238376796245575,0.1238376796245575,0.1238376796245575,0.1238376796245575,0.1238376796245575,0.1238376796245575
2739,,0.47701369419495027,0.0039320712217101005,0.11866636574268341,0.11884569376707077,0.16915614902973175,0.11866636574268341,0.11866636574268341,0.11866636574268341,0.11866636574268341,0.11866636574268341
2740,,0.4782440739531141,0.0025760176563345517,0.11728785187005997,0.08460639417171478,0.37813127040863037,0.08103089779615402,0.08103436231613159,0.08102229982614517,0.08102229982614517,0.09586462378501892
2741,,0.47607845829327317,-0.004538548140735739,0.17517153918743134,0.05162707343697548,0.05157608911395073,0.051531076431274414,0.051420923322439194,0.05138646438717842,0.282387912273407,0.28489893674850464
2742,,0.47331570278193486,-0.005820055406246653,0.12516441941261292,0.029787151142954826,0.03930756822228432,0.556671679019928,0.02978684939444065,0.02978684939444065,0.1597050577402115,0.02979046106338501
2743,,0.47505757262727016,0.00367338863125295,0.12176091223955154,0.13137716054916382,0.12176091223955154,0.12176689505577087,0.12176091223955154,0.12176091223955154,0.12176092714071274,0.13805128633975983
2744,,0.47200316994906955,-0.006450300664144756,0.125,0.125,0.125,0.125,0.125,0.125,0.125,0.125
2745,,0.47415301564702067,0.004544385864538845,0.12499882280826569,0.1250053495168686,0.12499880790710449,0.12499880790710449,0.12499880790710449,0.12499880790710449,0.12500181794166565,0.12499880790710449
2746,,0.47438970796521523,0.0004990651811777684,0.12477272748947144,0.12657900154590607,0.12477272748947144,0.12477277219295502,0.12477272748947144,0.12477272748947144,0.12478459626436234,0.12477272748947144
2747,,0.4765944897961463,0.004636850510080494,0.11370448023080826,0.11370448023080826,0.11370448023080826,0.11370448023080826,0.11370448023080826,0.11373652517795563,0.20403660833835602,0.11370448023080826
2748,,0.47631808630667316,-0.0005801235163783806,0.09130147099494934,0.09176771342754364,0.09130147099494934,0.09130147099494934,0.09132884442806244,0.09130147099494934,0.3603961169719696,0.09130147099494934
2749,,0.4766057189633702,0.0006036844999391677,0.10918433219194412,0.10918457061052322,0.10918533802032471,0.11070118099451065,0.12328173220157623,0.1091851145029068,0.22009341418743134,0.10918434709310532
2750,,0.48112960272581407,0.009447114052414399,0.12499994039535522,0.12499994039535522,0.12499994039535522,0.12500040233135223,0.12499994039535522,0.12499994039535522,0.12499994039535522,0.12499994039535522
2751,,0.47887004715440395,-0.004707417850195261,0.12500490248203278,0.12499895691871643,0.12499895691871643,0.12499895691871643,0.12499895691871643,0.12499895691871643,0.12499895691871643,0.12500131130218506
2752,,0.47775172414196687,-0.002338068305449856,0.125,0.125,0.1250000298023224,0.125,0.125,0.125,0.125,0.125
2753,,0.47584666260353586,-0.003995527046425575,0.03998527675867081,0.04002949222922325,0.03998527675867081,0.03998527675867081,0.03998527675867081,0.039985284209251404,0.720058798789978,0.03998527675867081
2754,,0.47432357618677656,-0.0032059259679965237,0.1395278424024582,0.12292458862066269,0.12292458862066269,0.12292458862066269,0.12292458862066269,0.12292458862066269,0.12292458862066269,0.12292458862066269
2755,,0.47468645444878677,0.0007647511996322697,0.43581435084342957,0.08059769123792648,0.08059771358966827,0.08059769123792648,0.08059769123792648,0.08059769123792648,0.08059769123792648,0.08059947192668915
2756,,0.47534586149427804,0.0013881783604985823,0.16261453926563263,0.11716721206903458,0.11716721206903458,0.11716743558645248,0.11716777086257935,0.11727330833673477,0.13427522778511047,0.11716732382774353
2757,,0.4750904760003052,-0.0005374068520832868,0.6200448274612427,0.05301818624138832,0.05301731452345848,0.05301731452345848,0.05301731452345848,0.061847954988479614,0.05301973223686218,0.05301731452345848
2758,,0.47242814043832065,-0.005619610047074629,0.036896541714668274,0.035974904894828796,0.08224285393953323,0.6819179058074951,0.035927679389715195,0.035927679389715195,0.035927679389715195,0.05518477410078049
2759,,0.469773885798608,-0.0056341667437536285,0.125,0.125,0.125,0.125,0.1250000298023224,0.125,0.125,0.125
2760,,0.4692678426281748,-0.001077786437173546,0.12491991370916367,0.12491991370916367,0.12491991370916367,0.12491991370916367,0.12556058168411255,0.12491991370916367,0.12491991370916367,0.12491991370916367
2761,,0.4675754575552593,-0.0036129562191230956,0.1249999850988388,0.1249999850988388,0.12500005960464478,0.1249999850988388,0.125,0.1250000149011612,0.1249999850988388,0.1249999850988388
2762,,0.47063376872831275,0.006519488233192814,0.03446226567029953,0.3007337749004364,0.07677657902240753,0.034853145480155945,0.03446180745959282,0.44978880882263184,0.03446180745959282,0.03446180745959282
2763,,0.46790467804371383,-0.005815634694206948,0.12455908209085464,0.12458134442567825,0.12455908209085464,0.12806418538093567,0.12455909699201584,0.12455908209085464,0.12455908209085464,0.12455908209085464
2764,,0.465445630045881,-0.0052693049249716755,0.12499986588954926,0.12499986588954926,0.12499986588954926,0.1250009685754776,0.12499986588954926,0.12499986588954926,0.12499986588954926,0.12499986588954926
2765,,0.47125555286966486,0.012405231117165304,0.12493729591369629,0.12493729591369629,0.12493729591369629,0.12493729591369629,0.12493729591369629,0.12493729591369629,0.12493729591369629,0.1254388988018036
2766,,0.47130376675338015,0.00010230418978106498,0.12499994039535522,0.12500038743019104,0.12499994039535522,0.12499994039535522,0.12499994039535522,0.12499994039535522,0.12499994039535522,0.12499994039535522
2767,,0.4718135625998474,0.0010810869024512333,0.14137546718120575,0.09633102267980576,0.09633267670869827,0.09633102267980576,0.09633118659257889,0.09633180499076843,0.09633102267980576,0.2806357741355896
2768,,0.47215617588995473,0.0007258989164205772,0.1968957632780075,0.11363881081342697,0.1279728263616562,0.00824984721839428,0.12713535130023956,0.061194244772195816,0.34043872356414795,0.024474449455738068
2769,,0.4725935721331262,0.0009259516085358143,0.5481992959976196,0.0592634379863739,0.09622009098529816,0.0592634379863739,0.0592634379863739,0.0592634379863739,0.0592634379863739,0.0592634454369545
2770,,0.4736328773540652,0.002196737661362813,0.005672983825206757,0.11700116842985153,0.1725350022315979,0.2595497667789459,0.1704995334148407,0.24086320400238037,0.0056226239539682865,0.028255721554160118
2771,,0.4776177576871327,0.00837824122500104,0.125,0.125,0.125,0.125,0.125,0.125,0.125,0.125
2772,,0.478975575461689,0.002838862951282697,0.12502172589302063,0.12498991191387177,0.12499387562274933,0.12498991191387177,0.1250234842300415,0.12500125169754028,0.12498991191387177,0.12498991191387177
2773,,0.48004293180586605,0.0022259357390894316,0.10015915334224701,0.10015915334224701,0.10015915334224701,0.10015932470560074,0.10017357766628265,0.10015920549631119,0.10015915334224701,0.298871248960495
2774,,0.4794646110350781,-0.0012054534539798593,0.02449043281376362,0.022749630734324455,0.36635610461235046,0.02344861999154091,0.023124009370803833,0.022749630734324455,0.12733875215053558,0.38974282145500183
2775,,0.47912903255826644,-0.0007001475396024655,0.2615920603275299,0.021198570728302002,0.020235275849699974,0.020235950127243996,0.4400242567062378,0.03647787123918533,0.17999699711799622,0.020239070057868958
2776,,0.47767992528040104,-0.0030290443540894676,0.0702437087893486,0.0702437087893486,0.0702437087893486,0.5082941055297852,0.0702437087893486,0.0702437087893486,0.0702437087893486,0.0702437087893486
2777,,0.4756721400756127,-0.004212060258046207,0.1249999850988388,0.1249999850988388,0.1249999850988388,0.12500013411045074,0.1249999850988388,0.1249999850988388,0.1249999850988388,0.1249999850988388
2778,,0.4773475621304842,0.003516031781974022,0.12499938905239105,0.12499938905239105,0.12499938905239105,0.12499938905239105,0.12500430643558502,0.12499938905239105,0.12499938905239105,0.12499938905239105
2779,,0.47893637902786446,0.0033229008476040544,0.12499994039535522,0.12499991059303284,0.12499991059303284,0.12499991059303284,0.12499991059303284,0.12499991059303284,0.12500055134296417,0.12499991059303284
2780,,0.4797767441857713,0.0017531112337785357,0.12428745627403259,0.12428745627403259,0.12428745627403259,0.12428745627403259,0.12998776137828827,0.12428745627403259,0.12428745627403259,0.12428745627403259
2781,,0.48094253149893945,0.0024269064124529806,0.1249999850988388,0.1249999850988388,0.1249999850988388,0.1249999850988388,0.12500010430812836,0.1249999850988388,0.1249999850988388,0.1249999850988388
2782,,0.4789364343907031,-0.0041799020508456915,0.125,0.125,0.125,0.125,0.125,0.125,0.125,0.125
2783,,0.479457702341712,0.0010877946398699008,0.125,0.125,0.1250000149011612,0.125,0.125,0.125,0.125,0.125
2784,,0.4809926120529154,0.003196232006811488,0.125,0.125,0.125,0.125,0.1250000298023224,0.125,0.125,0.125
2785,,0.48281168910561867,0.0037747895719579716,0.125,0.125,0.125,0.125,0.125,0.125,0.125,0.125
2786,,0.4810215701443079,-0.0037145865272686096,0.125,0.125,0.125,0.125,0.125,0.125,0.125,0.125
2787,,0.4822883623587205,0.002630083843020519,0.125,0.125,0.125,0.125,0.125,0.125,0.125,0.125
2788,,0.4835992207721937,0.00271431011471159,0.08604897558689117,0.0860474705696106,0.08634509146213531,0.10061608254909515,0.08605645596981049,0.08605101704597473,0.3827873766422272,0.0860474705696106
2789,,0.4861039294262268,0.005165940161725853,0.6197654008865356,0.032782115042209625,0.032782115042209625,0.1718166321516037,0.032782115042209625,0.032782115042209625,0.04450739920139313,0.032782115042209625
2790,,0.48427850406202655,-0.00376228475374752,0.09685319662094116,0.3220147490501404,0.09685319662094116,0.09686008095741272,0.09685319662094116,0.09685319662094116,0.09685344249010086,0.09685897082090378
2791,,0.48442840760369865,0.0003094920477254863,0.125,0.125,0.125,0.125,0.1250000298023224,0.125,0.125,0.125
2792,,0.48597815388393206,0.0031940171454884285,0.08692748844623566,0.08692748844623566,0.3914955258369446,0.08692815899848938,0.08693883568048477,0.08692748844623566,0.08692748844623566,0.08692748844623566
2793,,0.4847210108027537,-0.0025901820662147246,0.125,0.125,0.125,0.125,0.125,0.125,0.125,0.125
2794,,0.48347983463326216,-0.002563883010942976,0.12500782310962677,0.12499867379665375,0.12499982118606567,0.12499867379665375,0.12499906122684479,0.12499867379665375,0.12499867379665375,0.12499867379665375
2795,,0.4837767589574591,0.000613951531560941,0.23377574980258942,0.10945999622344971,0.10946229845285416,0.10945999622344971,0.10946202278137207,0.10945999622344971,0.10945999622344971,0.10945999622344971
2796,,0.4828606678822864,-0.0018954187454359867,0.125,0.125,0.125,0.125,0.125,0.125,0.125,0.125
2797,,0.4845398564289609,0.0034715512156421264,0.12499947845935822,0.12499946355819702,0.12499946355819702,0.1250036358833313,0.1249995082616806,0.12499946355819702,0.12499946355819702,0.12499946355819702
2798,,0.4843916155301889,-0.0003059884093328287,0.1249983012676239,0.1249983012676239,0.12499880790710449,0.12500329315662384,0.12500637769699097,0.1249983012676239,0.1249983012676239,0.1249983012676239
2799,,0.48522804529289776,0.0017252743606152256,0.12499919533729553,0.12499919533729553,0.12499919533729553,0.1250055730342865,0.12499919533729553,0.12499919533729553,0.12499919533729553,0.12499919533729553
2800,,0.48743120313192556,0.00453018178866225,0.12499913573265076,0.12499913573265076,0.12499913573265076,0.12499913573265076,0.12499913573265076,0.1250060647726059,0.12499913573265076,0.12499913573265076
2801,,0.4890788514026093,0.003374568088901554,0.125,0.125,0.125,0.125,0.125,0.1250000149011612,0.125,0.125
2802,,0.48954915945265426,0.0009611580315196968,0.12497366219758987,0.12518440186977386,0.12497366219758987,0.12497366219758987,0.12497366219758987,0.12497366219758987,0.12497366219758987,0.12497366219758987
2803,,0.48811226138047464,-0.002939461609467349,0.1219727024435997,0.14616049826145172,0.1219727024435997,0.12199469655752182,0.12198129296302795,0.1219727024435997,0.1219727024435997,0.1219727024435997
2804,,0.49002009299160526,0.0039009731596871236,0.12499973177909851,0.12499973177909851,0.125001922249794,0.12499973177909851,0.12499973177909851,0.12499973177909851,0.12499973177909851,0.12499973177909851
2805,,0.4896232400741104,-0.000810198826059607,0.12499970197677612,0.12499970197677612,0.12499970197677612,0.12500201165676117,0.12499970197677612,0.12499970197677612,0.12499970197677612,0.12499970197677612
2806,,0.48991398820835186,0.0005936438848573958,0.12499997019767761,0.12499997019767761,0.12500016391277313,0.12499997019767761,0.12499997019767761,0.12499997019767761,0.12499997019767761,0.12499997019767761
2807,,0.4885998042479528,-0.002686083243155621,0.12499980628490448,0.12499980628490448,0.12499986588954926,0.12499980628490448,0.12500129640102386,0.12499980628490448,0.12499982118606567,0.12499980628490448
2808,,0.48697696293628695,-0.00332694025345026,0.11811278015375137,0.11811278015375137,0.11812568455934525,0.12998010218143463,0.16106979548931122,0.1183733195066452,0.11811278015375137,0.11811278015375137
2809,,0.4819727411251871,-0.010329259162257578,0.16441452503204346,0.03171031177043915,0.16983884572982788,0.031710393726825714,0.031710315495729446,0.507194995880127,0.03171031177043915,0.03171031177043915
2810,,0.48187619660758346,-0.0002003312223461717,0.13126349449157715,0.12409807741641998,0.12409806251525879,0.12414812296628952,0.12409806251525879,0.12409806251525879,0.12409806251525879,0.12409806251525879
2811,,0.48303502464881815,0.0024019382775174684,0.12499997019767761,0.12499997019767761,0.125,0.12499997019767761,0.1250002682209015,0.12499997019767761,0.12499997019767761,0.12499997019767761
2812,,0.4816724075414528,-0.0028249352457901796,0.10110829025506973,0.10110829025506973,0.1149715855717659,0.10110829025506973,0.2783786356449127,0.10110829025506973,0.10110829025506973,0.10110829025506973
2813,,0.4805256470640519,-0.002383627808999713,0.11556847393512726,0.13338768482208252,0.11556847393512726,0.11557096987962723,0.17301325500011444,0.11556847393512726,0.11575421690940857,0.11556847393512726
2814,,0.48052856605671884,6.074564009203748e-06,0.12451054155826569,0.12451054155826569,0.12451054155826569,0.12839606404304504,0.12451101839542389,0.12454020231962204,0.12451054155826569,0.12451054155826569
2815,,0.4821709828855272,0.0034121100900035496,0.1249999850988388,0.1249999850988388,0.12500007450580597,0.1249999850988388,0.1249999850988388,0.1249999850988388,0.1249999850988388,0.1249999850988388
2816,,0.4838907551520841,0.0035603813204483368,0.12495139986276627,0.12495139986276627,0.12495139986276627,0.1253400593996048,0.12495157867670059,0.12495139986276627,0.12495139986276627,0.12495139986276627
2817,,0.48494591902108936,0.0021782088030460212,0.12448172271251678,0.1243748813867569,0.12468886375427246,0.12443874031305313,0.1288912147283554,0.1243748813867569,0.1243748813867569,0.1243748813867569
2818,,0.48242345062131925,-0.005215120916566809,0.08335466682910919,0.08335466682910919,0.4165170192718506,0.08335497975349426,0.08335466682910919,0.08335466682910919,0.08335466682910919,0.08335466682910919
2819,,0.4839799077644713,0.0032211363411068154,0.125,0.125,0.125,0.125,0.125,0.125,0.125,0.125
2820,,0.48507111217308113,0.0022521102550325184,0.12499983608722687,0.1249997615814209,0.1249997615814209,0.12500163912773132,0.1249997615814209,0.1249997615814209,0.1249997615814209,0.1249997615814209
2821,,0.4852561148791069,0.0003813202456031228,0.1249999850988388,0.12499995529651642,0.1250000298023224,0.1250002086162567,0.12499995529651642,0.12499995529651642,0.12499995529651642,0.12499995529651642
2822,,0.4879074703934702,0.005448954553220721,0.06943480670452118,0.06943484395742416,0.5138434171676636,0.06943481415510178,0.06943480670452118,0.06943480670452118,0.06943480670452118,0.06954770535230637
2823,,0.4884065487711944,0.001022372743603242,0.15351301431655884,0.12092670053243637,0.12092670053243637,0.12092670053243637,0.12092670053243637,0.12092670053243637,0.12092670053243637,0.12092670053243637
2824,,0.48597665211481056,-0.004987568938619657,0.1249978244304657,0.1249978244304657,0.12499852478504181,0.12499783933162689,0.12501347064971924,0.1249978244304657,0.1249978244304657,0.12499889731407166
2825,,0.48690964587069907,0.0019179919458971895,0.12440567463636398,0.12440567463636398,0.12440567463636398,0.12440567463636398,0.12916025519371033,0.12440567463636398,0.12440567463636398,0.12440567463636398
2826,,0.4876436414384177,0.0015063223654647503,0.12495427578687668,0.12493277341127396,0.1249329075217247,0.12493360787630081,0.12495698779821396,0.12493277341127396,0.12493277341127396,0.1254238337278366
2827,,0.48673112248125966,-0.0018730354227705632,0.12499858438968658,0.12499858438968658,0.12500987946987152,0.12499858438968658,0.12499861419200897,0.12499858438968658,0.12499858438968658,0.12499858438968658
2828,,0.486908195350847,0.00036373401997343013,0.18694834411144257,0.11577250808477402,0.11576904356479645,0.11576953530311584,0.11843349784612656,0.11576904356479645,0.11576904356479645,0.11576904356479645
2829,,0.4881325585242726,0.00251141054788331,0.13902397453784943,0.12157956510782242,0.12157956510782242,0.13149817287921906,0.12158001959323883,0.12157956510782242,0.12157956510782242,0.12157956510782242
2830,,0.4883669685087825,0.00048010261658742374,0.07322579622268677,0.07322575151920319,0.07322609424591064,0.48741933703422546,0.07322575896978378,0.07322575151920319,0.07322575151920319,0.07322575151920319
2831,,0.4884659449510699,0.00020264764068108287,0.12499994039535522,0.12499994039535522,0.12499994039535522,0.12500041723251343,0.12499994039535522,0.12499994039535522,0.12499994039535522,0.12499994039535522
2832,,0.48833805267180197,-0.0002618586334821376,0.12497467547655106,0.12497467547655106,0.12497467547655106,0.1251770704984665,0.12497494369745255,0.12497467547655106,0.12497467547655106,0.12497467547655106
2833,,0.48941807878082844,0.002209194120175916,0.1248125284910202,0.1248125284910202,0.1248125284910202,0.12631231546401978,0.1248125284910202,0.1248125284910202,0.1248125284910202,0.1248125284910202
2834,,0.4903779695144251,0.0019593690796404018,0.10335971415042877,0.10335971415042877,0.10335971415042877,0.2764820456504822,0.10335971415042877,0.10335971415042877,0.10335971415042877,0.10335971415042877
2835,,0.49029070086158627,-0.0001779778547136548,0.125,0.125,0.125,0.1250000298023224,0.125,0.125,0.125,0.125
2836,,0.4902410148784762,-0.00010134497916798175,0.125,0.125,0.125,0.125,0.125,0.125,0.125,0.125
2837,,0.49183395397593677,0.003244030333632409,0.12499618530273438,0.12499618530273438,0.12499631941318512,0.12502650916576385,0.12499618530273438,0.12499618530273438,0.12499618530273438,0.12499618530273438
2838,,0.4898990262101457,-0.003941866699605281,0.12148427963256836,0.12148427963256836,0.1494329571723938,0.12166113406419754,0.12148451060056686,0.12148427963256836,0.12148427963256836,0.12148427963256836
2839,,0.49034019765055187,0.0009001302120032447,0.125,0.125,0.1250000149011612,0.125,0.125,0.125,0.125,0.125
2840,,0.4898501888833857,-0.000999823737750642,0.12499386072158813,0.12499386072158813,0.12499406933784485,0.1250428408384323,0.12499386072158813,0.12499386072158813,0.12499386072158813,0.12499386072158813
2841,,0.48924170922967525,-0.0012429471293159302,0.12317755073308945,0.12317755073308945,0.13734394311904907,0.12354221194982529,0.12322608381509781,0.12317755073308945,0.12317755073308945,0.12317755073308945
2842,,0.48876792930532503,-0.0009688656281984787,0.12499849498271942,0.12499849498271942,0.12500722706317902,0.12499849498271942,0.12500183284282684,0.12499849498271942,0.12499849498271942,0.12499849498271942
2843,,0.4897735046864464,0.0020552542798065814,0.12499567866325378,0.12499567866325378,0.12499567866325378,0.12499567866325378,0.12503017485141754,0.12499567866325378,0.12499567866325378,0.12499567866325378
2844,,0.4889621524663363,-0.0016579602470524026,0.11384831368923187,0.11384842544794083,0.20306026935577393,0.11384966969490051,0.11384832859039307,0.11384831368923187,0.11384831368923187,0.11384831368923187
2845,,0.4894941727484367,0.00108746874197717,0.06773295253515244,0.06773295253515244,0.06773852556943893,0.06779174506664276,0.525804877281189,0.06773295253515244,0.06773295253515244,0.06773308664560318
2846,,0.48880639106000934,-0.0014060746302026993,0.11617454886436462,0.11636421084403992,0.11617454886436462,0.17931582033634186,0.12340709567070007,0.11617454886436462,0.11617454886436462,0.11621467024087906
2847,,0.4881531668377031,-0.0013372596938538857,0.08484739810228348,0.08484753221273422,0.08484739810228348,0.08484739810228348,0.40606769919395447,0.08484775573015213,0.08484739810228348,0.08484739810228348
2848,,0.488542738961567,0.0007977347754003972,0.1034785807132721,0.1034785807132721,0.10348186641931534,0.27564647793769836,0.1034785807132721,0.1034785807132721,0.10347878932952881,0.1034785807132721
2849,,0.4878042897769531,-0.0015126779796271156,0.1249876618385315,0.1249876618385315,0.1249876618385315,0.12508544325828552,0.12498767673969269,0.1249876618385315,0.1249886304140091,0.1249876618385315
2850,,0.4883336455416211,0.0010845922433843284,0.12499167025089264,0.12499167025089264,0.12501151859760284,0.1250384896993637,0.12499167025089264,0.12499167025089264,0.12499167025089264,0.12499167025089264
2851,,0.4868913605865375,-0.0029578527981818387,0.125,0.125,0.125,0.125,0.125,0.125,0.125,0.125
2852,,0.48584685265451855,-0.0021475630734816473,0.125,0.125,0.125,0.125,0.125,0.125,0.125,0.125
2853,,0.4876791932294729,0.0037643425082083755,0.12498684227466583,0.12498684227466583,0.12498843669891357,0.1250734031200409,0.12500393390655518,0.12498684227466583,0.12498684227466583,0.12498684227466583
2854,,0.4867254204274244,-0.0019576531007437148,0.125,0.125,0.125,0.125,0.125,0.125,0.125,0.125
2855,,0.4841287659221801,-0.005349229026413841,0.1249961405992508,0.12499606609344482,0.12499606609344482,0.1250019669532776,0.12499606609344482,0.12499606609344482,0.12499628961086273,0.12502141296863556
2856,,0.48366181168838634,-0.0009649903209070902,0.125,0.125,0.125,0.125,0.125,0.125,0.125,0.125
2857,,0.48229504687385694,-0.002829869086844006,0.09218856692314148,0.0921577513217926,0.0921577513217926,0.0921577513217926,0.09227654337882996,0.0921577513217926,0.35474610328674316,0.0921577662229538
2858,,0.4830555974191442,0.0015756983374756758,0.13205094635486603,0.12399272620677948,0.12399272620677948,0.12399272620677948,0.12399272620677948,0.12399272620677948,0.12399272620677948,0.12399272620677948
2859,,0.4798193483598846,-0.006722080078270512,0.124997079372406,0.12500502169132233,0.124997079372406,0.124997079372406,0.12501148879528046,0.124997079372406,0.124997079372406,0.1249980479478836
2860,,0.4814559685297051,0.0034051051190301584,0.08848048001527786,0.08848053216934204,0.08848048001527786,0.08848048001527786,0.09081106632947922,0.08848048001527786,0.37830600142478943,0.08848048001527786
2861,,0.48267158474901434,0.002521693025666432,0.125,0.125,0.125,0.125,0.125,0.125,0.12500004470348358,0.125
2862,,0.482951503787852,0.0005797687524283707,0.125,0.125,0.125,0.125,0.125,0.125,0.125,0.125
2863,,0.48081974882952083,-0.00442378506114483,0.1212807223200798,0.12128075957298279,0.1212807223200798,0.1212807223200798,0.1212807223200798,0.1212807223200798,0.1510348916053772,0.1212807223200798
2864,,0.48014914340305226,-0.0013956862511311327,0.125,0.125,0.125,0.125,0.125,0.125,0.125,0.125
2865,,0.4815240126241553,0.0028593293869195093,0.13185054063796997,0.12398762255907059,0.1239876002073288,0.12399200350046158,0.1239876002073288,0.12398985773324966,0.12421716749668121,0.1239876002073288
2866,,0.4805783192609705,-0.001965889981582457,0.12499964237213135,0.12499964237213135,0.12499964237213135,0.12500245869159698,0.12499964237213135,0.12499964237213135,0.12499977648258209,0.12499964237213135
2867,,0.47864698720550053,-0.0040268634537958935,0.125,0.125,0.125,0.125,0.125,0.125,0.125,0.125
2868,,0.4781563112955706,-0.001025656900876889,0.05837344005703926,0.05837344005703926,0.05837387219071388,0.05837344005703926,0.10732977837324142,0.05837344005703926,0.5424291491508484,0.05837344005703926
2869,,0.47835147291442176,0.00040807116216115124,0.12494736164808273,0.12494736164808273,0.12494739145040512,0.12494830042123795,0.12494736164808273,0.12501664459705353,0.1252981722354889,0.12494736164808273
2870,,0.47811840515417275,-0.0004873499316729076,0.1574949473142624,0.08356411010026932,0.08356428891420364,0.08356411010026932,0.08356411755084991,0.08356411010026932,0.341120183467865,0.08356411010026932
2871,,0.4788783548383169,0.0015881973182222944,0.125,0.125,0.125,0.125,0.125,0.125,0.125,0.125
2872,,0.4765554957891132,-0.004862426895022265,0.08259963244199753,0.28632932901382446,0.08260391652584076,0.08259963989257812,0.21164804697036743,0.08260419219732285,0.08901485055685043,0.08260039240121841
2873,,0.4776616164449841,0.0023183846467025792,0.125,0.125,0.125,0.125,0.125,0.125,0.125,0.125
2874,,0.4777125794439408,0.00010668699076097474,0.05788133665919304,0.12727467715740204,0.02896137535572052,0.030977565795183182,0.02966897189617157,0.02896139957010746,0.028962014243006706,0.6673125624656677
2875,,0.47543652667026837,-0.004775867878931973,0.010162292048335075,0.010061661712825298,0.1813293695449829,0.3377489447593689,0.17939533293247223,0.010982558131217957,0.13690906763076782,0.13341081142425537
2876,,0.4768368346657576,0.0029409811544863214,0.125,0.125,0.125,0.125,0.12500005960464478,0.125,0.125,0.125
2877,,0.4783832232888347,0.003237766965038053,0.22640107572078705,0.022873900830745697,0.02288946509361267,0.36585062742233276,0.23112474381923676,0.022907644510269165,0.085079126060009,0.022873442620038986
2878,,0.4776397671760081,-0.0015553104268610054,0.12491557002067566,0.12491557002067566,0.12491557002067566,0.12491557002067566,0.1255909502506256,0.12491557002067566,0.12491557002067566,0.12491557002067566
2879,,0.47873909551627514,0.0022989400274830724,0.12460215389728546,0.12460215389728546,0.1276286542415619,0.12475764751434326,0.12460285425186157,0.12460215389728546,0.12460215389728546,0.12460215389728546
2880,,0.47759388975136907,-0.002394994902312072,0.12499573826789856,0.12499573826789856,0.12499573826789856,0.12499573826789856,0.1250297576189041,0.12499573826789856,0.12499573826789856,0.12499573826789856
2881,,0.47908148975379095,0.0031099393446548285,0.08919672667980194,0.08919672667980194,0.3702567219734192,0.08919845521450043,0.09456117451190948,0.08919672667980194,0.08919672667980194,0.08919672667980194
2882,,0.4783211434749406,-0.001588352511921397,0.5572181344032288,0.0630393847823143,0.06454501301050186,0.06303946673870087,0.06303983181715012,0.0630393847823143,0.0630393847823143,0.0630393847823143
2883,,0.4782159464720625,-0.00021995384059393043,0.2250574380159378,0.07459986209869385,0.3273434042930603,0.07459986209869385,0.07459989935159683,0.07459986209869385,0.07459986209869385,0.07459986209869385
2884,,0.48182187054854164,0.007512081232220469,0.125,0.125,0.125,0.125,0.125,0.125,0.125,0.125
2885,,0.48293291878134376,0.002303276928549944,0.12499898672103882,0.12499898672103882,0.12500692903995514,0.12499898672103882,0.12499913573265076,0.12499898672103882,0.12499898672103882,0.12499898672103882
2886,,0.4872576043906893,0.0089151855229308,0.1257028728723526,0.12489061802625656,0.12495341151952744,0.12489060312509537,0.12489060312509537,0.12489060312509537,0.12489060312509537,0.12489060312509537
2887,,0.4863332179897359,-0.001898922334670711,0.125,0.125,0.125,0.125,0.125,0.125,0.125,0.125
2888,,0.487735837215667,0.002879919422286454,0.125,0.125,0.125,0.125,0.125,0.1250000149011612,0.125,0.125
2889,,0.4869074345622287,-0.001699909858122731,0.125,0.125,0.125,0.1250000298023224,0.125,0.125,0.125,0.125
2890,,0.4867302604709992,-0.00036394255088701593,0.125,0.12500004470348358,0.125,0.125,0.125,0.125,0.125,0.125
2891,,0.48796138918158183,0.0025261924953201014,0.12499281764030457,0.1250506490468979,0.12499275803565979,0.12499275803565979,0.12499275803565979,0.12499275803565979,0.12499275803565979,0.12499275803565979
2892,,0.4876359511700557,-0.0006671564387000233,0.1249995231628418,0.1250033676624298,0.1249995231628418,0.1249995231628418,0.1249995231628418,0.1249995231628418,0.1249995231628418,0.1249995231628418
2893,,0.48797716932984603,0.0006994948438750968,0.12499979138374329,0.12499979138374329,0.12500126659870148,0.12499997019767761,0.12499979138374329,0.12499979138374329,0.12499979138374329,0.12499979138374329
2894,,0.4888694749636554,0.0018269108814616764,0.12496430426836014,0.12496430426836014,0.12524965405464172,0.12496442347764969,0.12496433407068253,0.12496430426836014,0.12496430426836014,0.12496430426836014
2895,,0.4906207067964645,0.00357580653979919,0.12498626112937927,0.12498626112937927,0.1250961720943451,0.12498626112937927,0.12498626112937927,0.12498626112937927,0.12498626112937927,0.12498626112937927
2896,,0.48870549332936164,-0.003911293108401033,0.125,0.125,0.125,0.125,0.125,0.125,0.125,0.125
2897,,0.4875797117717323,-0.0023062565134302805,0.125,0.125,0.125,0.125,0.125,0.125,0.125,0.125
2898,,0.4878100738269091,0.00047234872224634545,0.12499997019767761,0.12500011920928955,0.12500010430812836,0.12499997019767761,0.12499997019767761,0.12499997019767761,0.12499997019767761,0.12499997019767761
2899,,0.49059178212631893,0.005686243904070529,0.12452259659767151,0.12834182381629944,0.12452259659767151,0.12452259659767151,0.12452259659767151,0.12452259659767151,0.12452259659767151,0.12452259659767151
2900,,0.4891708299443557,-0.0029006070669050183,0.125,0.125,0.125,0.125,0.125,0.125,0.125,0.125
2901,,0.4900823764882533,0.0018617182996071644,0.125,0.125,0.125,0.125,0.125,0.125,0.125,0.125
2902,,0.4901862764191301,0.0002119825640812222,0.125,0.125,0.125,0.125,0.125,0.125,0.125,0.125
2903,,0.4886783755984045,-0.0030809203506856294,0.125,0.125,0.125,0.125,0.125,0.125,0.125,0.125
2904,,0.4890637409983543,0.0007882761995484475,0.125,0.125,0.125,0.125,0.125,0.125,0.125,0.125
2905,,0.4898698551395709,0.0016469234003258588,0.12499912083148956,0.12499912083148956,0.12499912083148956,0.12499912083148956,0.12500612437725067,0.12499912083148956,0.12499919533729553,0.12499912083148956
2906,,0.48866092852021903,-0.0024709028159708097,0.125,0.125,0.125,0.125,0.125,0.125,0.125,0.125
2907,,0.4890637851078398,0.0008240696073312887,0.125,0.125,0.125,0.125,0.125,0.125,0.125,0.125
2908,,0.4896571623303808,0.001212556647116516,0.12496868520975113,0.12496868520975113,0.12496868520975113,0.12496904283761978,0.12521879374980927,0.12496868520975113,0.12496868520975113,0.12496868520975113
2909,,0.4903854020279574,0.0014861391904676413,0.12414919584989548,0.12414919584989548,0.12414919584989548,0.12414921075105667,0.13095568120479584,0.12414919584989548,0.12414919584989548,0.12414919584989548
2910,,0.4885769557959351,-0.003694622729284764,0.12499997019767761,0.12499997019767761,0.12499997019767761,0.12500028312206268,0.12499997019767761,0.12499997019767761,0.12499997019767761,0.12499997019767761
2911,,0.489671813906391,0.0022384052022554773,0.12499584257602692,0.12499584257602692,0.12499584257602692,0.12499639391899109,0.1250285804271698,0.12499584257602692,0.12499584257602692,0.12499584257602692
2912,,0.4900636626917436,0.0007999073537827909,0.12499997019767761,0.12499997019767761,0.12499997019767761,0.1250002682209015,0.12499997019767761,0.12499997019767761,0.12499997019767761,0.12499997019767761
2913,,0.49017193663324526,0.00022091411904769255,0.12321524322032928,0.12321524322032928,0.12321524322032928,0.13749326765537262,0.12321524322032928,0.12321524322032928,0.12321524322032928,0.12321524322032928
2914,,0.488289840179916,-0.003847056306453174,0.125,0.125,0.125,0.125,0.125,0.125,0.125,0.125
2915,,0.48671989803303567,-0.0032203647658889827,0.2185053527355194,0.05036960914731026,0.05036960914731026,0.47915396094322205,0.05036960914731026,0.05036960914731026,0.050492674112319946,0.050369616597890854
2916,,0.48531463933995805,-0.002891378069507789,0.17455193400382996,0.1173500269651413,0.1173500269651413,0.11735031008720398,0.12134305387735367,0.1173500269651413,0.11735458672046661,0.1173500269651413
2917,,0.481765547948529,-0.007339840835316403,0.12471208721399307,0.12471208721399307,0.12471208721399307,0.12471213191747665,0.12701524794101715,0.12471208721399307,0.12471208721399307,0.12471210211515427
2918,,0.4839022421454469,0.004425326609904918,0.09951109439134598,0.09951035678386688,0.0995100885629654,0.0995100885629654,0.09952487796545029,0.0995100885629654,0.0995100885629654,0.3034133017063141
2919,,0.48475051191323826,0.0017514428799788712,0.05514431744813919,0.5500394701957703,0.057441938668489456,0.05514419823884964,0.055144213140010834,0.05514419823884964,0.05514419823884964,0.11679738759994507
2920,,0.48730185136370296,0.005249398912270544,0.12510046362876892,0.12498539686203003,0.12498539686203003,0.12498539686203003,0.12498539686203003,0.12498539686203003,0.12498706579208374,0.12498539686203003
2921,,0.48628807391136947,-0.0020825560996771907,0.12500010430812836,0.1249999850988388,0.1249999850988388,0.1249999850988388,0.1249999850988388,0.1249999850988388,0.1249999850988388,0.1249999850988388
2922,,0.4860331133524392,-0.0005244369208724029,0.125,0.125,0.125,0.125,0.125,0.125,0.125,0.125
2923,,0.4890844633468407,0.0062584451905066335,0.1249992698431015,0.1250051110982895,0.1249992698431015,0.1249992698431015,0.1249992698431015,0.1249992698431015,0.1249992698431015,0.1249992698431015
2924,,0.4860438725732081,-0.006236308629462351,0.12486933916807175,0.12592200934886932,0.12486778944730759,0.12486802786588669,0.12486777454614639,0.12486777454614639,0.12486953288316727,0.12486777454614639
2925,,0.48874722681703653,0.005546544641309281,0.07654642313718796,0.0759824886918068,0.46753403544425964,0.0759824886918068,0.0759824886918068,0.0759824886918068,0.0759824886918068,0.0760071724653244
2926,,0.4889960509289866,0.0005089763805797384,0.06293211132287979,0.06293211132287979,0.06293211132287979,0.06298039108514786,0.06293211132287979,0.06293235719203949,0.5594266653060913,0.06293211132287979
2927,,0.48850475792753917,-0.0010052023248765067,0.125,0.125,0.125,0.125,0.125,0.125,0.125,0.125
2928,,0.48949177877394345,0.0020184553717135087,0.12102371454238892,0.12102208286523819,0.1526513546705246,0.12102655321359634,0.12102208286523819,0.12102208286523819,0.12102212756872177,0.12121005356311798
2929,,0.4904235274607406,0.0019016928538000365,0.12499800324440002,0.12499800324440002,0.12499800324440002,0.12499800324440002,0.12499800324440002,0.12499800324440002,0.12501391768455505,0.12499800324440002
2930,,0.48879932216619,-0.0033173384070126904,0.1249879002571106,0.12511102855205536,0.1249835193157196,0.1249835342168808,0.1249835193157196,0.1249835193157196,0.1249835193157196,0.1249835193157196
2931,,0.48754698583084033,-0.002565354141042924,0.125,0.125,0.125,0.1250000149011612,0.125,0.125,0.125,0.125
2932,,0.4888775064392179,0.0027252930306780267,0.11900314688682556,0.11900314688682556,0.11900314688682556,0.16697803139686584,0.11900314688682556,0.11900314688682556,0.11900314688682556,0.11900314688682556
2933,,0.490489847300014,0.003292620100725485,0.11509253829717636,0.19435226917266846,0.11509253829717636,0.11509253829717636,0.11509253829717636,0.11509253829717636,0.11509253829717636,0.11509253829717636
2934,,0.49176686606138953,0.002600174605046448,0.1250314563512802,0.12499381601810455,0.12499381601810455,0.12500567734241486,0.12499381601810455,0.12499381601810455,0.12499381601810455,0.12499381601810455
2935,,0.49223628010359133,0.0009540906035509562,0.06847845762968063,0.06847187131643295,0.07199114561080933,0.5171675086021423,0.06847187131643295,0.0684753954410553,0.06847187131643295,0.06847187131643295
2936,,0.49137387705348234,-0.0017535469003026709,0.12497840076684952,0.12497840076684952,0.12497840076684952,0.1249784305691719,0.12515117228031158,0.12497840076684952,0.12497840076684952,0.12497840076684952
2937,,0.49119251125211366,-0.00036916753022909365,0.12309356778860092,0.12309356778860092,0.12309356778860092,0.12309356778860092,0.13834501802921295,0.12309356778860092,0.12309356778860092,0.12309356778860092
2938,,0.4946290100189659,0.006971875968482351,0.125,0.125,0.125,0.125,0.125,0.125,0.125,0.125
2939,,0.4939767897059552,-0.001319475179731485,0.10218294709920883,0.10019561648368835,0.10019561648368835,0.281753808259964,0.11508511751890182,0.10019561648368835,0.10019561648368835,0.10019561648368835
2940,,0.4943041778363528,0.0006625406197746097,0.125,0.125,0.125,0.125,0.125,0.125,0.125,0.125
2941,,0.4934968950024569,-0.0016345052375867054,0.10748083144426346,0.10747777670621872,0.10747777670621872,0.10747777670621872,0.10747835785150528,0.10944940894842148,0.24568013846874237,0.10747795552015305
2942,,0.4919302931723104,-0.0031795411548211933,0.12061057239770889,0.12061063200235367,0.12061057239770889,0.15100537240505219,0.12286283820867538,0.12307751923799515,0.12061185389757156,0.12061057239770889
2943,,0.4927831110040791,0.0017321142199787467,0.12433572113513947,0.12955570220947266,0.12433572113513947,0.12443000823259354,0.12433572113513947,0.12433572113513947,0.12433572113513947,0.12433572113513947
2944,,0.4927518006510853,-6.353981504670582e-05,0.12499989569187164,0.12499989569187164,0.12499989569187164,0.1250002682209015,0.12499989569187164,0.12499989569187164,0.12500038743019104,0.12499989569187164
2945,,0.4909305637248393,-0.0037029005971611698,0.1249999850988388,0.1249999850988388,0.1249999850988388,0.1249999850988388,0.1249999850988388,0.12500008940696716,0.1249999850988388,0.1249999850988388
2946,,0.49320507514121037,0.004622361748429659,0.326186865568161,0.07554783672094345,0.07554783672094345,0.07555732876062393,0.07554783672094345,0.22051174938678741,0.07554837316274643,0.07555218786001205
2947,,0.49186713112423747,-0.002716440137468693,0.04788890853524208,0.04788890853524208,0.04788890853524208,0.39810386300086975,0.04788896068930626,0.04788890853524208,0.31440064311027527,0.04805092513561249
2948,,0.4908354488006326,-0.0020996845306197566,0.125,0.125,0.125,0.125,0.125,0.125,0.125,0.125
2949,,0.4911335957219596,0.0006072430330705307,0.125,0.125,0.125,0.125,0.125,0.125,0.125,0.125
2950,,0.49282193617302744,0.0034317447349747517,0.125,0.125,0.125,0.125,0.125,0.125,0.125,0.125
2951,,0.4934576699518701,0.0012891554543755844,0.125,0.125,0.125,0.125,0.125,0.125,0.125,0.125
2952,,0.4924275677860593,-0.00208970071005973,0.125,0.125,0.125,0.125,0.125,0.125,0.125,0.125
2953,,0.4906834066500574,-0.0035482524583382268,0.125,0.1250000298023224,0.125,0.125,0.1250000149011612,0.125,0.125,0.125
2954,,0.4909454084020345,0.0005338102431002826,0.1130443885922432,0.11304448544979095,0.1130443885922432,0.1130443885922432,0.20868918299674988,0.1130443885922432,0.1130443885922432,0.1130443885922432
2955,,0.48921107889597215,-0.003538886572825103,0.12499991059303284,0.12499991059303284,0.12500061094760895,0.12499991059303284,0.12499991059303284,0.12499991059303284,0.12499991059303284,0.12499991059303284
2956,,0.4889687384439612,-0.0004954926541586313,0.11268112063407898,0.21054114401340485,0.11268442124128342,0.11268117278814316,0.11268112063407898,0.11336880177259445,0.11268112063407898,0.11268112063407898
2957,,0.48792704669965814,-0.0021326576590172228,0.12499955296516418,0.12500305473804474,0.12499955296516418,0.12499956786632538,0.12499955296516418,0.12499955296516418,0.12499964237213135,0.12499955296516418
2958,,0.48637359733807534,-0.0031888528196705474,0.1254495531320572,0.12493577599525452,0.12493577599525452,0.12493577599525452,0.1249358206987381,0.12493577599525452,0.12493577599525452,0.12493577599525452
2959,,0.48854651035111546,0.004457630105210303,0.125,0.125,0.125,0.125,0.125,0.125,0.125,0.125
2960,,0.4907246531433829,0.00444850510346589,0.125,0.125,0.125,0.125,0.125,0.125,0.125,0.125
2961,,0.4888370776180142,-0.0038539232442333475,0.12498447299003601,0.12498447299003601,0.1249845027923584,0.12498447299003601,0.12498447299003601,0.12498447299003601,0.12510862946510315,0.12498447299003601
2962,,0.4880102835034576,-0.0016927809704873694,0.125,0.125,0.125,0.125,0.125,0.125,0.125,0.125
2963,,0.48903601530212204,0.002099659303254068,0.125,0.125,0.125,0.125,0.125,0.125,0.125,0.125
2964,,0.48880150625492697,-0.00047964829845686236,0.12499746680259705,0.1250176727771759,0.12499746680259705,0.12499746680259705,0.12499746680259705,0.12499746680259705,0.12499746680259705,0.12499746680259705
2965,,0.4900199118149994,0.0024895372472754996,0.125,0.125,0.125,0.12500007450580597,0.125,0.125,0.125,0.125
2966,,0.4903292500624203,0.0006310777215231459,0.125,0.125,0.12500007450580597,0.125,0.125,0.125,0.125,0.125
2967,,0.4900899468710261,-0.00048816505612085404,0.1249702051281929,0.1249702051281929,0.12497081607580185,0.12520793080329895,0.1249702051281929,0.1249702051281929,0.1249702051281929,0.1249702051281929
2968,,0.48988152609766206,-0.0004253609054049234,0.07878740131855011,0.07878781110048294,0.07879533618688583,0.4484681785106659,0.07879920303821564,0.07878739386796951,0.07878735661506653,0.07878735661506653
2969,,0.48909752358981556,-0.001601674061770438,0.0731581598520279,0.044919539242982864,0.46871891617774963,0.07737907022237778,0.044919539242982864,0.04491965472698212,0.04718698188662529,0.19879809021949768
2970,,0.48836463980769623,-0.0014995647850100317,0.08662901818752289,0.13735219836235046,0.40305155515670776,0.018494948744773865,0.018161963671445847,0.018161963671445847,0.018161963671445847,0.2999863922595978
2971,,0.4890139024392476,0.0013285798674506257,0.4723116457462311,0.12164939939975739,0.2599840760231018,0.029173148795962334,0.029172958806157112,0.029172958806157112,0.029173031449317932,0.029362713918089867
2972,,0.4886606430164364,-0.0007226524201260615,0.037632428109645844,0.03753144294023514,0.03753144294023514,0.6120051741600037,0.03753144294023514,0.03753144294023514,0.13972108066082,0.06051548570394516
2973,,0.489354579416194,0.0014190709925424433,0.1249980479478836,0.1249980479478836,0.1249980479478836,0.12500649690628052,0.1249980479478836,0.12500523030757904,0.1249980479478836,0.1249980479478836
2974,,0.49033789979275716,0.0020074068702923484,0.125,0.125,0.125,0.125,0.125,0.125,0.125,0.125
2975,,0.4913033083755225,0.0019669282136495158,0.125,0.125,0.125,0.125,0.125,0.125,0.125,0.125
2976,,0.49061143927424156,-0.0014092246143289505,0.1249852180480957,0.1249852180480957,0.1249852180480957,0.1251034140586853,0.1249852180480957,0.1249852180480957,0.1249852180480957,0.1249852180480957
2977,,0.4899092645151962,-0.0014322489598940266,0.12487583607435226,0.12487583607435226,0.12487583607435226,0.12586908042430878,0.12487583607435226,0.12487583607435226,0.12487592548131943,0.12487583607435226
2978,,0.49102764847802766,0.0022802372560404216,0.12499989569187164,0.12499989569187164,0.12499989569187164,0.1250007003545761,0.12499989569187164,0.12499989569187164,0.12499989569187164,0.12499989569187164
2979,,0.4912433981252379,0.0004392874073317941,0.125,0.125,0.125,0.125,0.125,0.125,0.125,0.125
2980,,0.4939280201607523,0.00545007423248589,0.125,0.125,0.125,0.125,0.125,0.125,0.125,0.125
2981,,0.4945122536541738,0.0011821322480161183,0.125,0.125,0.125,0.125,0.125,0.125,0.125,0.125
2982,,0.49341571024017494,-0.0022198862758788587,0.07340986281633377,0.07340986281633377,0.07340986281633377,0.4374138116836548,0.12212702631950378,0.07340986281633377,0.07340986281633377,0.07340986281633377
2983,,0.4929021585046986,-0.0010413514712825829,0.12338504940271378,0.12338504940271378,0.13626062870025635,0.12338516861200333,0.12342892587184906,0.12338504940271378,0.12338504940271378,0.12338504940271378
2984,,0.4915166855227697,-0.002814805720366264,0.12412309646606445,0.13096702098846436,0.12412309646606445,0.12412309646606445,0.124294213950634,0.12412309646606445,0.12412326782941818,0.12412309646606445
2985,,0.4908452744387686,-0.0013669323852319424,0.1137748509645462,0.11380412429571152,0.11378392577171326,0.20353640615940094,0.1137748658657074,0.1137748658657074,0.11377610266208649,0.1137748509645462
2986,,0.48960417481464175,-0.002531696637644906,0.12498196959495544,0.12498196959495544,0.12512624263763428,0.12498196959495544,0.12498196959495544,0.12498196959495544,0.12498196959495544,0.12498196959495544
2987,,0.49001735582035666,0.0008435523664899475,0.11543256044387817,0.11543256044387817,0.1918511986732483,0.11543256044387817,0.11555343866348267,0.11543256044387817,0.11543256044387817,0.11543256044387817
2988,,0.4891586126442256,-0.0017540124021674774,0.09641505777835846,0.3236199617385864,0.09654857218265533,0.09641505777835846,0.09775621443986893,0.09641505777835846,0.09641505777835846,0.09641505777835846
2989,,0.48977205475712937,0.0012532903782217241,0.12461140006780624,0.12461236119270325,0.12658053636550903,0.12575002014636993,0.12461153417825699,0.12461140006780624,0.12461140006780624,0.12461140006780624
2990,,0.4903248231229461,0.0011279873181970358,0.0994654968380928,0.0994654968380928,0.3037334084510803,0.09946571290493011,0.09947334229946136,0.0994654968380928,0.0994654968380928,0.0994654968380928
2991,,0.4896146705827851,-0.00144938063837768,0.12398580461740494,0.12398580461740494,0.1320967972278595,0.12398580461740494,0.12398838251829147,0.12398580461740494,0.12398580461740494,0.12398580461740494
2992,,0.4895934177369713,-4.340823175509195e-05,0.12339507043361664,0.12339507043361664,0.13514824211597443,0.12339518964290619,0.12448124587535858,0.12339507043361664,0.12339507043361664,0.12339507043361664
2993,,0.49045323440246164,0.0017546448104529154,0.12499949336051941,0.12500348687171936,0.12499949336051941,0.12499949336051941,0.12499949336051941,0.12499949336051941,0.12499949336051941,0.12499949336051941
2994,,0.4896415577609406,-0.0016563231099158992,0.08490415662527084,0.40259191393852234,0.08490415662527084,0.08490415662527084,0.08490415662527084,0.08521220833063126,0.08767515420913696,0.08490415662527084
2995,,0.48983933182285544,0.0004038344529350058,0.12499649822711945,0.12499953806400299,0.125019833445549,0.12499649822711945,0.12499813735485077,0.12499649822711945,0.12499649822711945,0.12499649822711945
2996,,0.4910292184337544,0.002426190939177107,0.12499910593032837,0.12499910593032837,0.12499910593032837,0.12499910593032837,0.12500633299350739,0.12499910593032837,0.12499910593032837,0.12499910593032837
2997,,0.4920233228504319,0.0020224855006017047,0.12499991059303284,0.12499991059303284,0.1249999850988388,0.12499991059303284,0.1250004768371582,0.12499991059303284,0.12499991059303284,0.12499991059303284
2998,,0.49167307218122724,-0.0007121113501579089,0.12312302738428116,0.12312302738428116,0.12680894136428833,0.1318374127149582,0.12573859095573425,0.12312302738428116,0.12312302738428116,0.12312302738428116
2999,,0.4893187461804157,-0.004799898382142065,0.125,0.125,0.125,0.125,0.125,0.125,0.125,0.125
3000,,0.487547854772884,-0.0036256605471581722,0.125,0.125,0.125,0.125,0.125,0.125,0.125,0.125
3001,,0.48865907202756065,0.0022766028474405895,0.1250000149011612,0.12499997019767761,0.12499997019767761,0.12499997019767761,0.12499997019767761,0.12499997019767761,0.12499997019767761,0.12500016391277313
3002,,0.4897600553671802,0.002250536142419519,0.10560762882232666,0.10560774058103561,0.10560762882232666,0.2607465088367462,0.10560762882232666,0.10560762882232666,0.10560762882232666,0.10560762882232666
3003,,0.48979121051502117,6.361106138408676e-05,0.125,0.1250000149011612,0.125,0.125,0.125,0.125,0.125,0.125
3004,,0.49044678739823655,0.0013375873662401039,0.12499995529651642,0.12499995529651642,0.12499995529651642,0.12499997019767761,0.1249999850988388,0.1250002533197403,0.12499995529651642,0.12499995529651642
3005,,0.48998028666812726,-0.0009516276685007137,0.125,0.125,0.125,0.125,0.125,0.125,0.125,0.125
3006,,0.49062841605267155,0.0013218921617244254,0.12499961256980896,0.12499961256980896,0.12499961256980896,0.12499961256980896,0.12499961256980896,0.12499961256980896,0.12499961256980896,0.1250026971101761
3007,,0.49029061333217167,-0.0006887474373199148,0.05561021715402603,0.05561021715402603,0.146477609872818,0.05561021715402603,0.5198414325714111,0.05562996491789818,0.05561021715402603,0.05561021715402603
3008,,0.4909749745044672,0.0013948543426722292,0.125,0.125,0.125,0.125,0.125,0.125,0.125,0.125
3009,,0.49241550499589415,0.002929724360423677,0.12497002631425858,0.12497002631425858,0.12497002631425858,0.12497002631425858,0.12497002631425858,0.12520979344844818,0.12497002631425858,0.12497002631425858
3010,,0.49319687632889314,0.0015855553592885733,0.12499985098838806,0.12499985098838806,0.12499985098838806,0.12500104308128357,0.12499985098838806,0.12499985098838806,0.12499985098838806,0.12499985098838806
3011,,0.49426445459851687,0.0021622693509793065,0.1249999850988388,0.1249999850988388,0.1249999850988388,0.1249999850988388,0.1249999850988388,0.1249999850988388,0.12500008940696716,0.1249999850988388
3012,,0.49437423551931536,0.00022208501922308082,0.1250581592321396,0.12499120831489563,0.12499120831489563,0.12499120831489563,0.12499120831489563,0.12499120831489563,0.12499463558197021,0.12499120831489563
3013,,0.494967332897163,0.001198974081008272,0.11016682535409927,0.11016682535409927,0.11016682535409927,0.11016682535409927,0.11016682535409927,0.11016682535409927,0.2288322150707245,0.11016682535409927
3014,,0.49544485670718535,0.000964293153975972,0.125,0.125,0.125,0.125,0.125,0.125,0.125,0.125
3015,,0.49571919781900214,0.0005535735836460056,0.1249999850988388,0.1249999850988388,0.1249999850988388,0.1249999850988388,0.12500007450580597,0.1249999850988388,0.1249999850988388,0.1249999850988388
3016,,0.49667415460723574,0.0019245535666975414,0.12499955296516418,0.12500306963920593,0.12499955296516418,0.12499955296516418,0.12499955296516418,0.12499955296516418,0.12499955296516418,0.12499955296516418
3017,,0.4985750045738744,0.0038198520650245945,0.1249999850988388,0.12500007450580597,0.1249999850988388,0.1249999850988388,0.1249999850988388,0.1249999850988388,0.1249999850988388,0.1249999850988388
3018,,0.4986498891743192,0.00015018598323218672,0.10680034011602402,0.10680035501718521,0.10680034011602402,0.10680035501718521,0.21626973152160645,0.1422574818134308,0.1074710264801979,0.10680034011602402
3019,,0.49745544781961043,-0.0023982241291810613,0.0909675881266594,0.09049976617097855,0.09049978107213974,0.09049979597330093,0.3306467831134796,0.0906306654214859,0.1257558912038803,0.09049976617097855
3020,,0.4964932910586476,-0.0019360295432924262,0.0865793228149414,0.16774970293045044,0.08659657835960388,0.08657938241958618,0.086579330265522,0.08735781908035278,0.3119785487651825,0.0865793228149414
3021,,0.499844391774741,0.0067268626098458675,0.12499845027923584,0.12499845027923584,0.12499846518039703,0.12499845027923584,0.12499845027923584,0.12499873340129852,0.12501049041748047,0.12499845027923584
3022,,0.5037512961280329,0.007785852682673016,0.06169029697775841,0.061662863940000534,0.5643614530563354,0.061662767082452774,0.061662767082452774,0.061662767082452774,0.06563430279493332,0.061662767082452774
3023,,0.5032215125154614,-0.0010522303222191077,0.09599619358778,0.09606011211872101,0.09599688649177551,0.09599619358778,0.09600939601659775,0.09599619358778,0.32794880867004395,0.09599619358778
3024,,0.5028232002284441,-0.0007918381813132241,0.1106000691652298,0.22576357424259186,0.1106000691652298,0.1106000691652298,0.1106000691652298,0.11063601821660995,0.1106000691652298,0.1106000691652298
3025,,0.5017982839419804,-0.002040403591192426,0.12499997019767761,0.12499997019767761,0.12499997019767761,0.12499997019767761,0.12500016391277313,0.12499997019767761,0.12499997019767761,0.12499997019767761
3026,,0.5025223386247868,0.0014418797981055045,0.12499995529651642,0.12499995529651642,0.12499995529651642,0.1249999850988388,0.12500029802322388,0.12499995529651642,0.12499995529651642,0.12499995529651642
3027,,0.5035993451920867,0.0021409079955111367,0.12499664723873138,0.12499664723873138,0.12501569092273712,0.12500441074371338,0.12499666213989258,0.12499664723873138,0.12499664723873138,0.12499664723873138
3028,,0.5038712199751421,0.000539717583927331,0.12499833106994629,0.12499833106994629,0.12501171231269836,0.12499833106994629,0.12499833106994629,0.12499833106994629,0.12499833106994629,0.12499833106994629
3029,,0.5039124987155493,8.191983987204638e-05,0.11541971564292908,0.11541971564292908,0.11549423635005951,0.19198738038539886,0.11541979759931564,0.11541971564292908,0.11541971564292908,0.11541971564292908
3030,,0.503936746906111,4.811868574926691e-05,0.1239146888256073,0.1239146888256073,0.1325961798429489,0.1239146888256073,0.12391562014818192,0.1239146888256073,0.1239146888256073,0.1239146888256073
3031,,0.5045932858917557,0.0013019722904368545,0.12499983608722687,0.12499983608722687,0.12499988079071045,0.12500113248825073,0.12499983608722687,0.12499983608722687,0.12499983608722687,0.12499983608722687
3032,,0.5051130119931213,0.0010294600486386106,0.125,0.125,0.125,0.125,0.125,0.125,0.125,0.125
3033,,0.5035959610242595,-0.003007908431940557,0.12496814876794815,0.12496814876794815,0.12522301077842712,0.12496814876794815,0.12496814876794815,0.12496814876794815,0.12496814876794815,0.12496814876794815
3034,,0.5036009533388727,9.913284169266958e-06,0.12499982118606567,0.12499982118606567,0.12499982118606567,0.12500131130218506,0.12499982118606567,0.12499982118606567,0.12499982118606567,0.12499985098838806
3035,,0.503072808935217,-0.0010492862174532236,0.1250062882900238,0.12499597668647766,0.12501783668994904,0.12499597668647766,0.12499597668647766,0.12499597668647766,0.12499597668647766,0.12499599158763885
3036,,0.5017969294330461,-0.00253939419027738,0.12499997019767761,0.12499997019767761,0.1250000298023224,0.12499997019767761,0.12499997019767761,0.12499997019767761,0.12499997019767761,0.1250002384185791
3037,,0.49860665529221276,-0.006377995849386526,0.1249999850988388,0.1249999850988388,0.12500007450580597,0.1249999850988388,0.1249999850988388,0.1249999850988388,0.1249999850988388,0.1249999850988388
3038,,0.4991670160381933,0.0011232222717348288,0.0967903733253479,0.0967903733253479,0.0967903733253479,0.0967903733253479,0.121644027531147,0.0967903882265091,0.0967903733253479,0.2976137101650238
3039,,0.5000177562044995,0.0017028689698210214,0.125,0.125,0.125,0.125,0.12500004470348358,0.125,0.125,0.125
3040,,0.4986378133850697,-0.0027636028671487057,0.12478554993867874,0.12478554993867874,0.12478566914796829,0.12478554993867874,0.12478641420602798,0.12478554993867874,0.12478554993867874,0.1265001893043518
3041,,0.4962296559780697,-0.0048411716826171035,0.1249999850988388,0.1249999850988388,0.12500008940696716,0.1249999850988388,0.1249999850988388,0.1249999850988388,0.1249999850988388,0.1249999850988388
3042,,0.4960595496329168,-0.0003428563887570471,0.12499795854091644,0.12499795854091644,0.12499795854091644,0.12499795854091644,0.12500005960464478,0.12499795854091644,0.12499795854091644,0.12501218914985657
3043,,0.4974497366654051,0.0027985404041399094,0.12500867247581482,0.12499867379665375,0.12499867379665375,0.12499867379665375,0.12499867379665375,0.12499873340129852,0.12499918043613434,0.12499867379665375
3044,,0.4993231576472522,0.003758976991598985,0.12460996210575104,0.12460996210575104,0.12460996210575104,0.12706907093524933,0.1252698302268982,0.12460996210575104,0.1246112510561943,0.12460996210575104
3045,,0.5006379970169027,0.002629782409599633,0.12423212081193924,0.12423212081193924,0.12423231452703476,0.13034187257289886,0.12426523864269257,0.12423212081193924,0.12423212081193924,0.12423212081193924
3046,,0.5001204257971722,-0.001034358051008339,0.125,0.125,0.125,0.125,0.125,0.125,0.125,0.125
3047,,0.5009057285858061,0.001568995867484489,0.12408816069364548,0.12408816069364548,0.12408825010061264,0.13058926165103912,0.1248791441321373,0.12408816069364548,0.12408816069364548,0.12409073859453201
3048,,0.5014566278242064,0.0010992018811279063,0.12492919713258743,0.12492919713258743,0.12492919713258743,0.12549544870853424,0.12492930144071579,0.12492919713258743,0.12492919713258743,0.12492919713258743
3049,,0.5035089867676446,0.004084441829396526,0.12491324543952942,0.12491324543952942,0.12491355836391449,0.12560689449310303,0.12491324543952942,0.12491324543952942,0.12491324543952942,0.12491324543952942
3050,,0.5033600155035572,-0.0002959099244057407,0.12439059466123581,0.12439059466123581,0.12439059466123581,0.12439579516649246,0.1292605996131897,0.12439059466123581,0.12439059466123581,0.12439059466123581
3051,,0.5039794111713666,0.001229765716436717,0.12499961256980896,0.12499961256980896,0.12499961256980896,0.12499961256980896,0.12500275671482086,0.12499961256980896,0.12499961256980896,0.12499961256980896
3052,,0.5052452073449993,0.002508454142208139,0.125,0.125,0.125,0.125,0.125,0.125,0.125,0.125
3053,,0.506089466880394,0.0016695951459574417,0.07395932823419571,0.07395932078361511,0.0739593580365181,0.48228469491004944,0.0739593431353569,0.07395932078361511,0.07395932078361511,0.07395932078361511
3054,,0.5052905595488358,-0.0015798364152864986,0.1250530332326889,0.12499243021011353,0.12499243021011353,0.12499243021011353,0.12499243021011353,0.12499243021011353,0.12499243021011353,0.12499243021011353
3055,,0.505181463424463,-0.00021593101504316245,0.12499761581420898,0.12499761581420898,0.1250024437904358,0.12501178681850433,0.12499761581420898,0.12499761581420898,0.12499761581420898,0.12499761581420898
3056,,0.5004861214714551,-0.009337829201274168,0.125,0.125,0.125,0.125,0.125,0.125,0.1250000149011612,0.125
3057,,0.49025842546529735,-0.020647218055531227,0.3920704424381256,0.029286880046129227,0.02830491214990616,0.02829376794397831,0.3411148190498352,0.03578181564807892,0.11685356497764587,0.02829379215836525
3058,,0.48961106444241004,-0.001321321101922171,0.28037014603614807,0.04989418014883995,0.03444059193134308,0.2484305202960968,0.01794055849313736,0.017942173406481743,0.33304134011268616,0.01794055849313736
3059,,0.4805278525403965,-0.01872613741035498,0.35825249552726746,0.01804785244166851,0.018046090379357338,0.060647040605545044,0.0180460624396801,0.48909398913383484,0.019820457324385643,0.0180460624396801
3060,,0.4798469148180336,-0.001418066903912477,0.40451714396476746,0.20251008868217468,0.06939999759197235,0.005954713094979525,0.005954713094979525,0.005954713094979525,0.035877298563718796,0.2698312997817993
3061,,0.4851000203405854,0.010887971610548029,0.012474234215915203,0.012483914382755756,0.17868784070014954,0.01247423980385065,0.5452852249145508,0.1678435504436493,0.05827668681740761,0.012474318966269493
3062,,0.4851526411237364,0.00010846820687540691,0.12480860203504562,0.12631645798683167,0.12483195215463638,0.12480860203504562,0.12480860203504562,0.12480860203504562,0.1248086616396904,0.12480860203504562
3063,,0.49431747873984244,0.01871441488940698,0.2861858308315277,0.410751074552536,0.05051052197813988,0.05051052197813988,0.05051052197813988,0.05051052197813988,0.05051052197813988,0.05051052197813988
3064,,0.4907675233093295,-0.007207440557180787,0.09292159974575043,0.09292159974575043,0.09292159974575043,0.09292159974575043,0.34935346245765686,0.09292159974575043,0.09292159974575043,0.09311690926551819
3065,,0.5029140327038981,0.0244487066347514,0.058290544897317886,0.058094583451747894,0.5901793837547302,0.059491559863090515,0.05809442326426506,0.05809442326426506,0.059660643339157104,0.05809442326426506
3066,,0.47189665205706544,-0.06365924225108514,0.08871790021657944,0.44656261801719666,0.013259717263281345,0.2562836706638336,0.15559682250022888,0.013193084858357906,0.013193079270422459,0.013193079270422459
3067,,0.4766072518335317,0.009932776209098309,0.125,0.125,0.125,0.125,0.125,0.125,0.125,0.125
3068,,0.46618875861370734,-0.022102166800513943,0.12474183738231659,0.12474246323108673,0.12474183738231659,0.12476027756929398,0.12474183738231659,0.12474183738231659,0.12474183738231659,0.12678813934326172
3069,,0.4430737208654099,-0.05085444452442879,0.10134076327085495,0.2906194031238556,0.10133993625640869,0.10133993625640869,0.10133993625640869,0.10133993625640869,0.10133995115756989,0.1013401448726654
3070,,0.4663052866404477,0.0511043721844283,0.048381879925727844,0.6612869501113892,0.048381879925727844,0.04842182621359825,0.048381879925727844,0.048381879925727844,0.048381879925727844,0.048381879925727844
3071,,0.44820877213527255,-0.03958140807630294,0.11585195362567902,0.11585195362567902,0.11585195362567902,0.11585195362567902,0.11585195362567902,0.11585195362567902,0.11585195362567902,0.1890363246202469
3072,,0.44231847352101916,-0.013228982147041872,0.08337236940860748,0.09153974801301956,0.38289323449134827,0.10870516300201416,0.08337236940860748,0.08337236940860748,0.08337236940860748,0.08337236940860748
3073,,0.42540249715622613,-0.038994378064101304,0.023708296939730644,0.09380915760993958,0.023708291351795197,0.42391273379325867,0.023708291351795197,0.36372148990631104,0.023708295077085495,0.023723527789115906
3074,,0.42730308150294766,0.0044577813060571025,0.12227322906255722,0.12226999551057816,0.13936029374599457,0.1270139515399933,0.12226999551057816,0.1222725361585617,0.12227001041173935,0.12226999551057816
3075,,0.42847296991738626,0.0027341011501081256,0.12023621797561646,0.15834562480449677,0.12023621797561646,0.12023650854825974,0.12023621797561646,0.12023621797561646,0.12023623287677765,0.12023678421974182
3076,,0.4301292977536627,0.003858200597125579,0.125,0.125,0.125,0.125,0.125,0.125,0.125,0.125
3077,,0.4433749195315978,0.03032987566408068,0.12440803647041321,0.12440803647041321,0.12440803647041321,0.12440803647041321,0.12440803647041321,0.12914374470710754,0.12440803647041321,0.12440803647041321
3078,,0.44730268775972976,0.008819787670111288,0.12499991059303284,0.12499991059303284,0.12499991059303284,0.12499991059303284,0.12499992549419403,0.1250004768371582,0.1250000298023224,0.12499991059303284
3079,,0.45520569914917963,0.0175138835597336,0.12499992549419403,0.1250004917383194,0.12499992549419403,0.12499992549419403,0.12499992549419403,0.12499992549419403,0.12499994039535522,0.12499992549419403
3080,,0.4508994541912376,-0.009505027894077926,0.12499815225601196,0.12499785423278809,0.12499800324440002,0.12499785423278809,0.12499785423278809,0.12499785423278809,0.1250145137310028,0.12499785423278809
3081,,0.4540574881047422,0.006979440867431219,0.1249997615814209,0.1249997615814209,0.1250014305114746,0.12499980628490448,0.1249997615814209,0.1249997615814209,0.12499980628490448,0.12499982118606567
3082,,0.4501224271886015,-0.008704209624595954,0.12499985098838806,0.12499985098838806,0.1250002533197403,0.12499985098838806,0.12499985098838806,0.12499985098838806,0.12500064074993134,0.12499985098838806
3083,,0.4437530247898353,-0.01425144898756337,0.12497954070568085,0.12497936189174652,0.12497936189174652,0.12497936189174652,0.12497936189174652,0.12497936189174652,0.12514427304267883,0.12497936189174652
3084,,0.44995939955312875,0.013889198284545082,0.12499983608722687,0.12500108778476715,0.12499983608722687,0.12499983608722687,0.12499983608722687,0.12499983608722687,0.12499989569187164,0.12499983608722687
3085,,0.44908482260673027,-0.0019455710869738894,0.11635460704565048,0.11635460704565048,0.18551771342754364,0.11635460704565048,0.11635460704565048,0.11635460704565048,0.11635462194681168,0.11635460704565048
3086,,0.45891948294752644,0.02166299186619735,0.125,0.125,0.125,0.125,0.125,0.125,0.125,0.125
3087,,0.45822678973855757,-0.0015105406003600047,0.12500011920928955,0.1249999850988388,0.1249999850988388,0.1249999850988388,0.1249999850988388,0.1249999850988388,0.1249999850988388,0.1249999850988388
3088,,0.46139595100032094,0.006892334578270808,0.125,0.125,0.125,0.125,0.125,0.125,0.125,0.125
3089,,0.48216963366792054,0.04403941896977945,0.04567115753889084,0.04567115753889084,0.04567115753889084,0.6803018450737,0.04567115753889084,0.04567115753889084,0.04567115753889084,0.04567115753889084
3090,,0.48174857946194877,-0.0008736306193130557,0.12500008940696716,0.12499997019767761,0.12499997019767761,0.12500011920928955,0.12499997019767761,0.12499997019767761,0.12499997019767761,0.12499997019767761
3091,,0.4847660695783632,0.0062440852259830325,0.12499994039535522,0.12499994039535522,0.12499994039535522,0.1250002235174179,0.12499994039535522,0.125,0.12500008940696716,0.12499994039535522
3092,,0.48159032431691645,-0.006572640723607412,0.12044113129377365,0.12044113129377365,0.12044113129377365,0.12044113129377365,0.15691211819648743,0.12044113129377365,0.12044113129377365,0.12044113129377365
3093,,0.48286973476704226,0.0026531139129249153,0.12498843669891357,0.12498843669891357,0.12498843669891357,0.12498843669891357,0.1250808835029602,0.12498843669891357,0.12498843669891357,0.12498843669891357
3094,,0.48425828887270694,0.002871502067640977,0.12482783198356628,0.12482783198356628,0.12482783198356628,0.12482783198356628,0.12620516121387482,0.12482783198356628,0.12482783198356628,0.12482783198356628
3095,,0.48162666540828963,-0.0054491582347452674,0.12499916553497314,0.12499916553497314,0.12499916553497314,0.12499916553497314,0.125005841255188,0.12499916553497314,0.12499916553497314,0.12499916553497314
3096,,0.47464707843525067,-0.014597725723708939,0.125,0.125,0.125,0.125,0.125,0.125,0.125,0.125
3097,,0.48008056155760304,0.011382391286468466,0.13720807433128357,0.08229168504476547,0.08229169994592667,0.08229173719882965,0.35192734003067017,0.08229168504476547,0.08229168504476547,0.09940609335899353
3098,,0.480363586314572,0.0005893622565941654,0.12500004470348358,0.125,0.125,0.125,0.125,0.125,0.125,0.125
3099,,0.483076436204253,0.005631605488874046,0.5854877233505249,0.0538722388446331,0.05387243628501892,0.05387219041585922,0.05490415543317795,0.053872231394052505,0.09024656563997269,0.05387244373559952
3100,,0.48041346423095327,-0.0055277772044707955,0.048771947622299194,0.17089074850082397,0.4174034595489502,0.15623778104782104,0.048771727830171585,0.04877268150448799,0.05315307155251503,0.05599856376647949
3101,,0.4799503624457148,-0.000964429955127032,0.2884158790111542,0.10153942555189133,0.10153942555189133,0.10153943300247192,0.10188930481672287,0.10153942555189133,0.10153942555189133,0.10199769586324692
3102,,0.4851574365758535,0.010790762776011516,0.11964546889066696,0.11964546889066696,0.11964546889066696,0.16198328137397766,0.1201438307762146,0.11964546889066696,0.11964548379182816,0.11964548379182816
3103,,0.477353099825173,-0.016216981515807444,0.04453819990158081,0.5165413618087769,0.04268673434853554,0.04268249124288559,0.04268249124288559,0.21944786608219147,0.04268249124288559,0.04873834550380707
3104,,0.47222211889723187,-0.010807002467010704,0.125,0.125,0.125,0.125,0.125,0.125,0.125,0.125
3105,,0.473910015664345,0.003567997526174994,0.125,0.125,0.125,0.125,0.125,0.125,0.125,0.125
3106,,0.4767341961391057,0.005941631470933079,0.125,0.125,0.125,0.12500004470348358,0.125,0.125,0.125,0.125
3107,,0.47321543984271514,-0.007408334624367524,0.125,0.125,0.125,0.125,0.125,0.125,0.125,0.125
3108,,0.47648881935318793,0.006893498563236645,0.1045316681265831,0.1045316681265831,0.1045316681265831,0.1045316681265831,0.2682783007621765,0.1045316681265831,0.10453170537948608,0.1045316681265831
3109,,0.4797550947341426,0.0068314956795727045,0.11673453450202942,0.11673453450202942,0.11673453450202942,0.11673453450202942,0.18285374343395233,0.11673453450202942,0.11673902720212936,0.11673453450202942
3110,,0.4775806395025887,-0.004542730190044439,0.12394068390130997,0.12394068390130997,0.12394068390130997,0.12394068390130997,0.13241493701934814,0.12394068390130997,0.12394099682569504,0.12394068390130997
3111,,0.4763448046679544,-0.002591052652154517,0.125,0.125,0.125,0.125,0.1250000149011612,0.125,0.125,0.125
3112,,0.4753666623292026,-0.002055544599556285,0.12499988079071045,0.12500086426734924,0.12499988079071045,0.12499988079071045,0.12499988079071045,0.12499988079071045,0.12499988079071045,0.12499988079071045
3113,,0.4782981402232567,0.006147835422574375,0.125,0.125,0.125,0.125,0.125,0.125,0.125,0.125
3114,,0.47869349014520535,0.0008262349050792606,0.12499997019767761,0.12499997019767761,0.12500016391277313,0.12499997019767761,0.12499997019767761,0.12499997019767761,0.12499997019767761,0.12499997019767761
3115,,0.47811875683909877,-0.00120135037368363,0.12621945142745972,0.027268916368484497,0.027268916368484497,0.027746308594942093,0.02726893313229084,0.7096896171569824,0.027268916368484497,0.02726900763809681
3116,,0.47758639352464094,-0.0011140745015711761,0.05537732318043709,0.05537546053528786,0.05537546053528786,0.6108809113502502,0.05559739097952843,0.05537579208612442,0.05664222314953804,0.05537546053528786
3117,,0.4811262954926908,0.007384731829983533,0.2063077837228775,0.11352907121181488,0.11337357759475708,0.11335697025060654,0.11335697025060654,0.11336171627044678,0.11335697025060654,0.11335697025060654
3118,,0.47906590238205676,-0.0042916330242488915,0.12494167685508728,0.12494167685508728,0.12494167685508728,0.1250263750553131,0.12494167685508728,0.1253100037574768,0.12495524436235428,0.12494167685508728
3119,,0.47851656899500017,-0.0011473339659765767,0.12499219179153442,0.12505395710468292,0.12499219179153442,0.12499234080314636,0.12499246001243591,0.124992236495018,0.12499246001243591,0.12499219179153442
3120,,0.48041745298591193,0.003964582415820169,0.42288991808891296,0.06578066200017929,0.06576951593160629,0.06587555259466171,0.06671697646379471,0.06580410897731781,0.1813937872648239,0.06576951593160629
3121,,0.48047773428355095,0.00012546903869798,0.12497781962156296,0.12496722489595413,0.12498755753040314,0.12496728450059891,0.12511245906352997,0.12496747821569443,0.12505297362804413,0.12496722489595413
3122,,0.4783446917767,-0.004449303578509726,0.052766717970371246,0.052766717970371246,0.052766717970371246,0.0527668260037899,0.05276703089475632,0.052766717970371246,0.6306325197219849,0.052766717970371246
3123,,0.48164915160328226,0.006884362645546066,0.04719066247344017,0.35920441150665283,0.20880213379859924,0.03937539458274841,0.01051836833357811,0.01041275542229414,0.12103071808815002,0.203465536236763
3124,,0.48322815835140864,0.0032729718927110587,0.12477018684148788,0.1247732937335968,0.12477018684148788,0.12477018684148788,0.12477018684148788,0.12477018684148788,0.12660562992095947,0.12477018684148788
3125,,0.485732839750417,0.005169840648936026,0.12462667375802994,0.12461527436971664,0.12485091388225555,0.12464020401239395,0.12461530417203903,0.12678657472133636,0.12524981796741486,0.12461527436971664
3126,,0.48722313590818467,0.0030634424589556283,0.301877498626709,0.021893562749028206,0.01877196505665779,0.14722158014774323,0.018771985545754433,0.01949934847652912,0.018771987408399582,0.4531920850276947
3127,,0.4857762939784135,-0.002973985290686354,0.13082155585289001,0.014532739296555519,0.15377798676490784,0.013414149172604084,0.01243075542151928,0.21133266389369965,0.32656943798065186,0.13712067902088165
3128,,0.4888715259364462,0.006351509335680387,0.10346557945013046,0.13063712418079376,0.1034572422504425,0.18971045315265656,0.1034572571516037,0.11416254192590714,0.15052732825279236,0.10458256304264069
3129,,0.4902849397051282,0.002887004886324271,0.12515144050121307,0.12497837096452713,0.12497837096452713,0.12497837096452713,0.12497837096452713,0.12497837096452713,0.12497837096452713,0.12497837096452713
3130,,0.48982150708518757,-0.0009456782087209568,0.11339046061038971,0.11339046061038971,0.11339046061038971,0.20626671612262726,0.11339046061038971,0.11339046061038971,0.11339046061038971,0.11339046061038971
3131,,0.49167561636247226,0.003778129224209113,0.1249999850988388,0.1249999850988388,0.1249999850988388,0.1249999850988388,0.1249999850988388,0.1249999850988388,0.12500008940696716,0.1249999850988388
3132,,0.482664496998879,-0.0184973936118918,0.125,0.125,0.125,0.125,0.12500007450580597,0.125,0.125,0.125
3133,,0.48520652783487367,0.005252841785357313,0.125,0.125,0.125,0.125,0.125,0.125,0.125,0.125
3134,,0.4860234127402321,0.0016821662180262454,0.125,0.125,0.125,0.125,0.125,0.125,0.125,0.125
3135,,0.48754624137953123,0.0031283429486301277,0.125,0.125,0.125,0.125,0.125,0.125,0.125,0.125
3136,,0.48773085463850313,0.00037858627446630926,0.125,0.125,0.125,0.125,0.125,0.125,0.125,0.125
3137,,0.488864593403511,0.002321819698419729,0.1249999850988388,0.12500007450580597,0.1249999850988388,0.1249999850988388,0.1249999850988388,0.1249999850988388,0.1249999850988388,0.1249999850988388
3138,,0.4896007950419282,0.0015048090326652125,0.125,0.125,0.125,0.125,0.125,0.125,0.125,0.125
3139,,0.4914096657835475,0.00368777472587277,0.125,0.125,0.125,0.125,0.125,0.125,0.1250000298023224,0.125
3140,,0.49197935921567354,0.0011586330157744972,0.125,0.125,0.125,0.125,0.125,0.125,0.125,0.125
3141,,0.488163584679734,-0.007786198609624117,0.12499752640724182,0.12501730024814606,0.12499752640724182,0.12499752640724182,0.12499752640724182,0.12499752640724182,0.12499752640724182,0.12499752640724182
3142,,0.489884631300731,0.003519352868827665,0.12496133148670197,0.12496152520179749,0.1252705454826355,0.12496133148670197,0.12496133148670197,0.12496133148670197,0.12496133148670197,0.12496133148670197
3143,,0.4873962630765957,-0.005092442952718124,0.125,0.125,0.125,0.125,0.125,0.125,0.125,0.125
3144,,0.48911133261923556,0.0035126635239528755,0.1249999850988388,0.1249999850988388,0.1249999850988388,0.1249999850988388,0.12500007450580597,0.1249999850988388,0.1249999850988388,0.1249999850988388
3145,,0.49043002808202374,0.0026924769332729408,0.125,0.125,0.125,0.125,0.125,0.125,0.125,0.125
3146,,0.49168405139542687,0.002553723688759702,0.12499994039535522,0.12500040233135223,0.12499994039535522,0.12499994039535522,0.12499994039535522,0.12499994039535522,0.12499994039535522,0.12499994039535522
3147,,0.4943926070478492,0.00549361439843244,0.1250004917383194,0.12499994039535522,0.12499994039535522,0.12499994039535522,0.12499994039535522,0.12499994039535522,0.12499994039535522,0.12499994039535522
3148,,0.4956130117107314,0.002465451221566095,0.13574740290641785,0.05685223266482353,0.5184235572814941,0.05685224011540413,0.05685223266482353,0.05685223266482353,0.06156792864203453,0.05685223266482353
3149,,0.49656710157159767,0.0019232196698443318,0.16483074426651,0.01384991966187954,0.3546895980834961,0.1510244607925415,0.02176901511847973,0.01384959276765585,0.13332988321781158,0.14665678143501282
3150,,0.4969726285181498,0.0008163276350014727,0.024422507733106613,0.10418818145990372,0.578910231590271,0.02386053465306759,0.02982952818274498,0.12885019183158875,0.02388855814933777,0.08605024963617325
3151,,0.49790186072763887,0.0018680396165592571,0.24168351292610168,0.012557865120470524,0.31749147176742554,0.2170478105545044,0.053383082151412964,0.012221493758261204,0.09264922142028809,0.05296550318598747
3152,,0.49770457371840543,-0.0003963152607094236,0.12209495157003403,0.13079220056533813,0.12550494074821472,0.12204926460981369,0.12204970419406891,0.12204926460981369,0.12204926460981369,0.13341039419174194
3153,,0.4958067288745316,-0.0038204842709849,0.16286000609397888,0.11958260089159012,0.1196453794836998,0.119582399725914,0.119582399725914,0.119582399725914,0.119582399725914,0.119582399725914
3154,,0.4971396733070593,0.0026848281645170573,0.052471887320280075,0.05171819031238556,0.48469120264053345,0.2042437344789505,0.05172044411301613,0.05171819031238556,0.05171819031238556,0.05171819031238556
3155,,0.49816006705253135,0.0020504257392898175,0.12499997019767761,0.12499997019767761,0.12499997019767761,0.12499997019767761,0.12500028312206268,0.12499997019767761,0.12499997019767761,0.12499997019767761
3156,,0.4965686215300082,-0.0031997606957954927,0.12499433755874634,0.12499433755874634,0.12499433755874634,0.12499643862247467,0.12503750622272491,0.12499433755874634,0.12499433755874634,0.12499433755874634
3157,,0.49692075329409996,0.0007088788018489965,0.04833917319774628,0.04815569892525673,0.04815569892525673,0.07565215229988098,0.6352301836013794,0.04815569892525673,0.04815569892525673,0.04815569892525673
3158,,0.4984514878407162,0.0030757051283550217,0.11486731469631195,0.1147867739200592,0.1147867739200592,0.1964120864868164,0.1147867739200592,0.1147867739200592,0.1147867739200592,0.1147867739200592
3159,,0.5006882100925051,0.004477303810278907,0.12481416016817093,0.12481416016817093,0.12481416016817093,0.12481416016817093,0.12628377974033356,0.12481416016817093,0.12483124434947968,0.12481416016817093
3160,,0.5022481277254239,0.003110703704660242,0.1249743327498436,0.1249743327498436,0.1249743327498436,0.12502269446849823,0.12497437745332718,0.1249743327498436,0.12497947365045547,0.12512610852718353
3161,,0.5011602045880065,-0.0021684563077368174,0.08135181665420532,0.20545212924480438,0.08135015517473221,0.12746615707874298,0.08135015517473221,0.08135015517473221,0.2574082612991333,0.08427117764949799
3162,,0.500089636291197,-0.002138464669013908,0.04194670915603638,0.27833878993988037,0.0419466495513916,0.04195040464401245,0.0419466607272625,0.041946664452552795,0.37257975339889526,0.13934434950351715
3163,,0.5018282472010029,0.0034705691625240157,0.039707161486148834,0.018546953797340393,0.11503297835588455,0.17650994658470154,0.0544700063765049,0.2823456823825836,0.3020091950893402,0.01137811504304409
3164,,0.49954510994485174,-0.004560019888909518,0.035671621561050415,0.40013572573661804,0.03567005321383476,0.03567007929086685,0.16286450624465942,0.035672884434461594,0.25864505767822266,0.03567005321383476
3165,,0.504319166087072,0.00951142947802492,0.06294874101877213,0.49058809876441956,0.0554952435195446,0.055496945977211,0.05560806766152382,0.16563381254673004,0.05870910361409187,0.05552007257938385
3166,,0.5032784357666412,-0.0020657665095992306,0.2977774441242218,0.018268980085849762,0.018268980085849762,0.4439971446990967,0.01826898194849491,0.018268980085849762,0.018268980085849762,0.16688044369220734
3167,,0.5041787995509214,0.0017873989930754371,0.12484399974346161,0.12484399974346161,0.12484399974346161,0.12484399974346161,0.1248440146446228,0.12484399974346161,0.12484399974346161,0.12609201669692993
3168,,0.5051443652642721,0.001913294059947379,0.10557719320058823,0.105577252805233,0.10557719320058823,0.1384025365114212,0.10559797286987305,0.10557719320058823,0.22806917130947113,0.10562153160572052
3169,,0.5081594746027993,0.005951064465128587,0.12491757422685623,0.12491757422685623,0.12491757422685623,0.12491757422685623,0.12491757422685623,0.1255769580602646,0.12491757422685623,0.12491757422685623
3170,,0.5096297670706593,0.002889190473668192,0.12499889731407166,0.12499889731407166,0.12499889731407166,0.12499889731407166,0.12499889731407166,0.12500767409801483,0.12499889731407166,0.12499889731407166
3171,,0.5123083116012259,0.005242099732353075,0.11665079742670059,0.11665105074644089,0.11665079742670059,0.11665079742670059,0.11665079742670059,0.18344421684741974,0.11665079742670059,0.11665079742670059
3172,,0.5088895843644462,-0.006695548477286453,0.12499973177909851,0.12499973177909851,0.12499973177909851,0.1249997615814209,0.12500174343585968,0.1249997466802597,0.12499973177909851,0.12499977648258209
3173,,0.5091887614466851,0.0005877290133550726,0.125,0.125,0.125,0.125,0.125,0.125,0.125,0.125
3174,,0.5040163390234715,-0.010210109196199553,0.1011524572968483,0.1011524647474289,0.1011524647474289,0.1011524572968483,0.1011524572968483,0.1011524572968483,0.2919327914714813,0.1011524572968483
3175,,0.5051856258116336,0.00231725135726467,0.12498342990875244,0.1251121163368225,0.12498342990875244,0.12498342990875244,0.12498342990875244,0.12498342990875244,0.12498739361763,0.12498342990875244
3176,,0.5058333734520469,0.0012813759771366613,0.12494904547929764,0.12494903057813644,0.12494903057813644,0.1253567934036255,0.12494903057813644,0.12494903057813644,0.12494903057813644,0.12494903057813644
3177,,0.5049957237621839,-0.0016573521358073798,0.125,0.125,0.125,0.125,0.125,0.125,0.125,0.125
3178,,0.5086791061673774,0.007267416548218567,0.125,0.125,0.125,0.125,0.125,0.125,0.12500005960464478,0.125
3179,,0.5096645418695434,0.0019353702684896978,0.12498053908348083,0.12498053908348083,0.12498053908348083,0.12513625621795654,0.12498053908348083,0.12498053908348083,0.12498053908348083,0.12498053908348083
3180,,0.506348738824628,-0.006527109201985878,0.12499772012233734,0.12499773502349854,0.12499772012233734,0.12499798834323883,0.1249997615814209,0.12499772012233734,0.12501366436481476,0.12499772012233734
3181,,0.507294399010232,0.0018658646710313386,0.125,0.125,0.125,0.125,0.125,0.125,0.125,0.125
3182,,0.5073830149580169,0.00017466821827358806,0.125,0.1250000298023224,0.1250000149011612,0.125,0.125,0.125,0.1250000149011612,0.125
3183,,0.5089819189041349,0.003146321192033614,0.12489194422960281,0.12489194422960281,0.12574858963489532,0.12489984929561615,0.12489194422960281,0.12489194422960281,0.12489194422960281,0.12489194422960281
3184,,0.5094126228493868,0.0008458489382507817,0.08326934278011322,0.08326934278011322,0.08326934278011322,0.41711461544036865,0.08326934278011322,0.08326934278011322,0.08326934278011322,0.08326934278011322
3185,,0.5104885932156543,0.002109950941316094,0.1249082162976265,0.12490833550691605,0.1249082162976265,0.125642329454422,0.1249082162976265,0.1249082162976265,0.1249082162976265,0.1249082162976265
3186,,0.5080047230606608,-0.004877548118712923,0.12499359250068665,0.12504418194293976,0.1249941885471344,0.12499359250068665,0.12499359250068665,0.12499359250068665,0.1249937117099762,0.12499359250068665
3187,,0.5102959706386918,0.004500147076280619,0.1249028891324997,0.1249028891324997,0.1249028891324997,0.1256798505783081,0.1249028891324997,0.1249028891324997,0.1249028891324997,0.1249028891324997
3188,,0.5090345376437777,-0.0024750238094493207,0.12275739759206772,0.12275739759206772,0.12275739759206772,0.12275739759206772,0.140645831823349,0.12275739759206772,0.12280985713005066,0.12275739759206772
3189,,0.5120597617379841,0.005925472206910168,0.125,0.125,0.125,0.125,0.125,0.125,0.125,0.125
3190,,0.5120122425932654,-9.280430390008176e-05,0.12440722435712814,0.12440722435712814,0.12440722435712814,0.12440722435712814,0.1291494518518448,0.12440722435712814,0.12440722435712814,0.12440722435712814
3191,,0.5072966028498311,-0.009252688049371197,0.125,0.125,0.125,0.125,0.125,0.125,0.125,0.125
3192,,0.5051116518305978,-0.0043163504474169005,0.125,0.125,0.125,0.125,0.125,0.125,0.125,0.125
3193,,0.5010019601643222,-0.008169483990972205,0.125,0.125,0.125,0.125,0.125,0.125,0.125,0.125
3194,,0.5045986466785922,0.007153340653809342,0.125,0.125,0.125,0.125,0.125,0.125,0.125,0.125
3195,,0.5017949226103054,-0.005571838706843421,0.12498454749584198,0.12498454749584198,0.12510818243026733,0.12498454749584198,0.12498454749584198,0.12498454749584198,0.12498454749584198,0.12498454749584198
3196,,0.503019910523264,0.0024382373337738165,0.125,0.125,0.125,0.125,0.125,0.125,0.125,0.125
3197,,0.5051631791186104,0.004251751187041965,0.12289688736200333,0.12673865258693695,0.13588005304336548,0.12289688736200333,0.12289688736200333,0.12289688736200333,0.12289688736200333,0.12289688736200333
3198,,0.5064019872076647,0.002449290959388665,0.12499399483203888,0.1250419318675995,0.12499414384365082,0.12499399483203888,0.12499400973320007,0.12499399483203888,0.12499399483203888,0.12499399483203888
3199,,0.5073102928783109,0.0017920388882871636,0.12499801814556122,0.12499801814556122,0.12499801814556122,0.12499801814556122,0.12501388788223267,0.12499801814556122,0.12499801814556122,0.12499801814556122
3200,,0.5067555305884076,-0.0010941347837762404,0.125,0.125,0.125,0.125,0.125,0.125,0.125,0.125
3201,,0.5056283097514312,-0.002226865459281396,0.125,0.125,0.125,0.125,0.125,0.125,0.125,0.125
3202,,0.5052326554433137,-0.0007828066211768747,0.05488879978656769,0.05488861724734306,0.3490193486213684,0.05488862469792366,0.05488861724734306,0.05493057891726494,0.3216067850589752,0.054888609796762466
3203,,0.5056281788928423,0.0007825478172224478,0.05681899935007095,0.05681899935007095,0.05681899935007095,0.5929029583930969,0.05681899935007095,0.05681899935007095,0.06618303805589676,0.05681899935007095
3204,,0.5004393947669139,-0.010315072802724513,0.11898055672645569,0.11898048967123032,0.12029717862606049,0.1657269299030304,0.11898048967123032,0.11898066103458405,0.11907321959733963,0.11898048967123032
3205,,0.5009704212228943,0.001060557820135937,0.1249578520655632,0.12494348734617233,0.12501944601535797,0.12494350224733353,0.12494347244501114,0.12494347244501114,0.12530526518821716,0.12494347244501114
3206,,0.5019260157642031,0.0019056700079077896,0.12484468519687653,0.12513087689876556,0.12484468519687653,0.1258006989955902,0.12484468519687653,0.12484468519687653,0.12484507262706757,0.12484468519687653
3207,,0.5048735793295629,0.005855330099707418,0.12497628480195999,0.12497628480195999,0.12497628480195999,0.12498407065868378,0.12498104572296143,0.1251489669084549,0.12498071789741516,0.12497628480195999
3208,,0.5041145728155184,-0.0015044907229047873,0.12499988079071045,0.1250007003545761,0.12499992549419403,0.12499988079071045,0.12499988079071045,0.12499988079071045,0.12499988079071045,0.12499988079071045
3209,,0.5056223735244775,0.002986524035072832,0.12499997019767761,0.12499997019767761,0.12499997019767761,0.12499997019767761,0.1250002682209015,0.12499997019767761,0.12499997019767761,0.12499997019767761
3210,,0.5066124276895771,0.001956175542721737,0.125,0.125,0.125,0.125,0.125,0.125,0.125,0.125
3211,,0.5043642651388014,-0.004447513523336951,0.125,0.125,0.125,0.125,0.125,0.125,0.125,0.125
3212,,0.5065070346218076,0.004239456977054992,0.055637944489717484,0.055635545402765274,0.055635545402765274,0.05563559755682945,0.05563554912805557,0.6105486750602722,0.055635545402765274,0.055635545402765274
3213,,0.5066235663568275,0.0002300428699346915,0.029586970806121826,0.029586974531412125,0.029835233464837074,0.029586970806121826,0.03666564077138901,0.030062491074204445,0.7850883603096008,0.02958734892308712
3214,,0.5076410806017797,0.002006408464204665,0.12474146485328674,0.12474142014980316,0.12493249028921127,0.12474142014980316,0.12474161386489868,0.12661875784397125,0.12474142014980316,0.12474142014980316
3215,,0.5100340709244856,0.004702865604186076,0.12490939348936081,0.12490939348936081,0.12490939348936081,0.12490939348936081,0.12490939348936081,0.12563416361808777,0.12490943819284439,0.12490939348936081
3216,,0.5121321078644021,0.00410508570866089,0.12446994334459305,0.12446992844343185,0.12446992844343185,0.12871043384075165,0.12446992844343185,0.12446992844343185,0.12446992844343185,0.12446992844343185
3217,,0.5133275461146031,0.0023315179433797155,0.1249999850988388,0.1249999850988388,0.1249999850988388,0.12500008940696716,0.1249999850988388,0.1249999850988388,0.1249999850988388,0.1249999850988388
3218,,0.5123314735176777,-0.001942308098509804,0.125,0.125,0.125,0.125,0.12500007450580597,0.125,0.125,0.125
3219,,0.511967712621577,-0.0007102630097052043,0.12498942017555237,0.12498942017555237,0.12498942017555237,0.12498944997787476,0.12498942017555237,0.12498942017555237,0.1250741332769394,0.12498942017555237
3220,,0.5120159569105979,9.422862979567406e-05,0.125,0.125,0.125,0.125,0.125,0.125,0.125,0.125
3221,,0.5112132113464145,-0.001569043873603812,0.125,0.125,0.125,0.125,0.125,0.125,0.125,0.125
3222,,0.5094695390867068,-0.0034166815403282296,0.1249999850988388,0.1249999850988388,0.1249999850988388,0.12500010430812836,0.1249999850988388,0.1249999850988388,0.1249999850988388,0.1249999850988388
3223,,0.5108628491000454,0.0027310921333333267,0.12497284263372421,0.12497284263372421,0.12497284263372421,0.1251901388168335,0.12497284263372421,0.12497284263372421,0.12497284263372421,0.12497284263372421
3224,,0.5103048367341014,-0.0010928908723339661,0.11968717724084854,0.11968717724084854,0.11968717724084854,0.1621897667646408,0.11968717724084854,0.11968717724084854,0.11968717724084854,0.11968717724084854
3225,,0.5098527893746413,-0.0008862304755217872,0.12509489059448242,0.12496859580278397,0.12496859580278397,0.12496859580278397,0.12509341537952423,0.12496859580278397,0.12496859580278397,0.12496859580278397
3226,,0.510217586170739,0.0007152385176446435,0.12499639391899109,0.12499639391899109,0.12499639391899109,0.12499639391899109,0.12502531707286835,0.12499639391899109,0.12499639391899109,0.12499639391899109
3227,,0.5075332240351786,-0.005275099431762625,0.125,0.125,0.125,0.125,0.125,0.125,0.125,0.125
3228,,0.5079037576445444,0.0007298013219858747,0.07633745670318604,0.07720214128494263,0.07633920013904572,0.4615558683872223,0.07955314964056015,0.07633738964796066,0.07633743435144424,0.07633738964796066
3229,,0.503041588865495,-0.009619127851343879,0.12104222178459167,0.09067929536104202,0.09067930281162262,0.09067929536104202,0.09067929536104202,0.09067929536104202,0.33260655403137207,0.09295478463172913
3230,,0.5025100111223748,-0.0010572859565743755,0.040183547884225845,0.040183547884225845,0.040183547884225845,0.0401836559176445,0.040183547884225845,0.040183547884225845,0.040183547884225845,0.7187150716781616
3231,,0.5010569375633037,-0.002895819907984564,0.09244731068611145,0.09244731068611145,0.09244731068611145,0.35286885499954224,0.09244731068611145,0.09244731068611145,0.09244731068611145,0.09244731068611145
3232,,0.5047674406495382,0.007378067182766927,0.125,0.125,0.1250000149011612,0.125,0.125,0.125,0.125,0.125
3233,,0.5067243800908352,0.003869417118045715,0.12498866021633148,0.12507912516593933,0.12498866021633148,0.12498866021633148,0.1249888688325882,0.12498866021633148,0.12498866021633148,0.12498866021633148
3234,,0.5126612884210344,0.011648143857053705,0.125,0.125,0.125,0.125,0.125,0.125,0.125,0.125
3235,,0.5161595580940715,0.006800568178858753,0.29909124970436096,0.02886529080569744,0.471606582403183,0.07781131565570831,0.028865335509181023,0.02886529080569744,0.03602961078286171,0.02886529080569744
3236,,0.5150386304125976,-0.0021740304346228563,0.39557144045829773,0.01699751988053322,0.017632635310292244,0.30855950713157654,0.017002003267407417,0.1751255989074707,0.01701529696583748,0.052096083760261536
3237,,0.5168562429346233,0.0035228673942992593,0.1878565400838852,0.165021151304245,0.13724873960018158,0.173700749874115,0.27806106209754944,0.01936410926282406,0.019370878115296364,0.019376732409000397
3238,,0.5167071651565832,-0.00028847340745007956,0.125,0.125,0.125,0.125,0.125,0.125,0.1250000149011612,0.125
3239,,0.5175523074247443,0.0016342948335017744,0.125,0.125,0.125,0.125,0.12500004470348358,0.125,0.125,0.125
3240,,0.5169762209969674,-0.0011137179333321444,0.12499997019767761,0.12499997019767761,0.12499997019767761,0.12499997019767761,0.12499997019767761,0.12499997019767761,0.12500019371509552,0.12499997019767761
3241,,0.5186382419932405,0.003209731966028202,0.09886614978313446,0.09886614978313446,0.1374926120042801,0.2693093717098236,0.09886614978313446,0.09886614978313446,0.09886720031499863,0.09886614978313446
3242,,0.5209753210322368,0.0044960609577140995,0.10372427850961685,0.10372427850961685,0.10372427850961685,0.2739066779613495,0.10372427850961685,0.10372427850961685,0.10374765843153,0.10372427850961685
3243,,0.5202281036740496,-0.0014352958677117528,0.09722974896430969,0.09722976386547089,0.09726395457983017,0.09729493409395218,0.09722974896430969,0.31929171085357666,0.09722974896430969,0.09723043441772461
3244,,0.5189755826607912,-0.002410541140743416,0.11113326251506805,0.11113738268613815,0.11113326251506805,0.11113326251506805,0.11113326251506805,0.11113433539867401,0.22206194698810577,0.11113326251506805
3245,,0.519596703619962,0.0011961055410913916,0.12499408423900604,0.1249939501285553,0.1249939501285553,0.1249939501285553,0.1249939501285553,0.12499396502971649,0.1249939501285553,0.12504230439662933
3246,,0.5205867032797821,0.001903510385148631,0.12479544430971146,0.12643150985240936,0.12479544430971146,0.12479544430971146,0.12479575723409653,0.12479544430971146,0.12479544430971146,0.12479544430971146
3247,,0.5142006461316097,-0.012342899681585162,0.056051939725875854,0.05605205520987511,0.06167598068714142,0.056051939725875854,0.05612460896372795,0.6019396781921387,0.056051939725875854,0.05605195462703705
3248,,0.5137379535272473,-0.0009002339940614714,0.02395983599126339,0.2312830239534378,0.27958646416664124,0.19001495838165283,0.023959776386618614,0.023959776386618614,0.2032763659954071,0.023959776386618614
3249,,0.5130644628400911,-0.001311821579309665,0.09919718652963638,0.09919781982898712,0.09919718652963638,0.271602064371109,0.09920020401477814,0.09924432635307312,0.09919718652963638,0.13316410779953003
3250,,0.5126838048771161,-0.0007422054561137375,0.07912134379148483,0.07912134379148483,0.07912134379148483,0.07912134379148483,0.4461503028869629,0.07912134379148483,0.07912135124206543,0.0791216567158699
3251,,0.5092245044899165,-0.006770301345311717,0.0724494606256485,0.07392659783363342,0.0724494606256485,0.0724494606256485,0.0724494606256485,0.49137669801712036,0.0724494606256485,0.0724494606256485
3252,,0.5156716512480016,0.012581239111304255,0.043545279651880264,0.6892126798629761,0.043545279651880264,0.04354528337717056,0.04924545809626579,0.04367262125015259,0.04368804767727852,0.043545279651880264
3253,,0.5171755286542535,0.002912102580706859,0.0658993124961853,0.06589934229850769,0.0658993124961853,0.06594385951757431,0.0658993199467659,0.5386602282524109,0.0658993273973465,0.0658993124961853
3254,,0.5178479643420065,0.0012993633224981749,0.34773316979408264,0.09523674100637436,0.09267951548099518,0.09267955273389816,0.09362374991178513,0.09268829226493835,0.09267951548099518,0.09267952293157578
3255,,0.5177329877826073,-0.0002220522879177237,0.25958454608917236,0.022189969196915627,0.022189969196915627,0.022189969196915627,0.022189969196915627,0.5782546997070312,0.051210917532444,0.022189969196915627
3256,,0.5169914805570649,-0.0014332459996149204,0.6641523838043213,0.01800307258963585,0.018003074452280998,0.01800307258963585,0.01800311729311943,0.05684085190296173,0.018098047003149986,0.18889640271663666
3257,,0.5172680754096503,0.0005348654650250661,0.008277646265923977,0.06997053325176239,0.2526669204235077,0.007718264125287533,0.007710229139775038,0.16408072412014008,0.12259849160909653,0.36697715520858765
3258,,0.5143597921340266,-0.005638255947959993,0.1247582957148552,0.1247582957148552,0.1247582957148552,0.1247582957148552,0.1266920119524002,0.1247582957148552,0.1247582957148552,0.1247582957148552
3259,,0.5160715165352877,0.0033223485376670065,0.09822304546833038,0.09822304546833038,0.09830152988433838,0.31236013770103455,0.09822304546833038,0.09822304546833038,0.09822304546833038,0.09822308272123337
3260,,0.5156439366621094,-0.0008288717520574391,0.12499992549419403,0.12499992549419403,0.12499992549419403,0.12499994039535522,0.12499992549419403,0.12500053644180298,0.12499992549419403,0.12499992549419403
3261,,0.5137878370472144,-0.0036060702100925604,0.09104880690574646,0.09104880690574646,0.09104880690574646,0.09104880690574646,0.09104880690574646,0.36265829205513,0.09104880690574646,0.09104880690574646
3262,,0.516288665251563,0.004855625989505741,0.12796901166439056,0.12456662952899933,0.12456662952899933,0.12456662952899933,0.1246311217546463,0.12456664443016052,0.12456662952899933,0.12456662952899933
3263,,0.5170610404376963,0.0014948963080308228,0.125,0.125,0.125,0.125,0.125,0.1250000149011612,0.125,0.125
3264,,0.5188642135681839,0.003481283894990863,0.12499997019767761,0.12499997019767761,0.12499997019767761,0.12499997019767761,0.12499997019767761,0.12499997019767761,0.12500005960464478,0.12500004470348358
3265,,0.5185712374611325,-0.0005648083734735666,0.1249995231628418,0.1249995231628418,0.1249995231628418,0.125003382563591,0.1249995231628418,0.1249995231628418,0.1249995231628418,0.1249995231628418
3266,,0.516677288373674,-0.003658930494802172,0.12499988079071045,0.12499988079071045,0.12499988079071045,0.12499988079071045,0.12499988079071045,0.12499988079071045,0.12500081956386566,0.12499988079071045
3267,,0.5155940309907079,-0.0020987850001871608,0.125,0.125,0.125,0.125,0.125,0.125,0.125,0.125
3268,,0.5171147612603089,0.0029451310577009865,0.12494637817144394,0.12494637817144394,0.12494637817144394,0.12494637817144394,0.12494637817144394,0.12494637817144394,0.12537536025047302,0.12494637817144394
3269,,0.5179383172543793,0.0015913312755816938,0.12471054494380951,0.1268928050994873,0.12471054494380951,0.12471054494380951,0.12471054494380951,0.12484312802553177,0.12471134960651398,0.12471054494380951
3270,,0.5174942293098187,-0.0008577825243448254,0.10576198995113373,0.10576198995113373,0.10576198995113373,0.10576998442411423,0.25965794920921326,0.10576198995113373,0.10576220601797104,0.10576198995113373
3271,,0.5175281708532644,6.558610413166682e-05,0.08268275856971741,0.08268275856971741,0.08268289268016815,0.4212205111980438,0.08268275856971741,0.08268275856971741,0.08268275856971741,0.08268275856971741
3272,,0.519085910236288,0.0030054396983133494,0.12497138231992722,0.12497138231992722,0.1252003163099289,0.12497138231992722,0.12497138231992722,0.12497138231992722,0.12497138231992722,0.12497138231992722
3273,,0.5202116957198802,0.0021664360957978144,0.12494142353534698,0.12494142353534698,0.1254100352525711,0.12494142353534698,0.12494142353534698,0.12494142353534698,0.12494142353534698,0.12494142353534698
