Eval_AverageReturn,Eval_StdReturn,Eval_MaxReturn,Eval_MinReturn,Eval_AverageEpLen,step,Train_EpisodeReturn,Train_EpisodeLen
-228.80545,52.051693,-131.304,-298.12122,1000.0,0,,
,,,,,999,-366.76633,1000
,,,,,1999,-400.10315,1000
,,,,,2999,-339.43973,1000
,,,,,3999,-397.98874,1000
,,,,,4999,-251.3061,1000
-240.6195,62.162563,-111.82334,-339.57455,1000.0,5000,,
